-- Users
INSERT INTO "auth_user" ("id", "username", "email", "profile_image_url", "created_at") VALUES ('5ii5huqrlq3s15v', 'Bob Martinez (0)', '0@g.com', NULL,'2023-11-17 17:00:08.000');
INSERT INTO "user_key" ("id", "user_id", "hashed_password") VALUES ('email:0@g.com', '5ii5huqrlq3s15v', 's2:ypixvsa9kdptdm5e:9772b9b97a807a7f47ec6097088d2a4024dba58149f0ca73e063e373505e7d6d73558d9111681e34fee10c4b14d8ee4af03030521f41d555cc1fef79872ce189');
INSERT INTO "auth_user" ("id", "username", "email", "profile_image_url", "created_at") VALUES ('79b58fdql3wtxea', 'Ivan Martinez (1)', '1@g.com', NULL,'2023-11-17 17:00:08.000');
INSERT INTO "user_key" ("id", "user_id", "hashed_password") VALUES ('email:1@g.com', '79b58fdql3wtxea', 's2:ypixvsa9kdptdm5e:9772b9b97a807a7f47ec6097088d2a4024dba58149f0ca73e063e373505e7d6d73558d9111681e34fee10c4b14d8ee4af03030521f41d555cc1fef79872ce189');
INSERT INTO "auth_user" ("id", "username", "email", "profile_image_url", "created_at") VALUES ('g4gvug5lhxstax6', 'Edward Smith (2)', '2@g.com', NULL,'2023-11-17 17:00:08.000');
INSERT INTO "user_key" ("id", "user_id", "hashed_password") VALUES ('email:2@g.com', 'g4gvug5lhxstax6', 's2:ypixvsa9kdptdm5e:9772b9b97a807a7f47ec6097088d2a4024dba58149f0ca73e063e373505e7d6d73558d9111681e34fee10c4b14d8ee4af03030521f41d555cc1fef79872ce189');
INSERT INTO "auth_user" ("id", "username", "email", "profile_image_url", "created_at") VALUES ('yocz02fm1a079fo', 'Charlie Martinez (3)', '3@g.com', NULL,'2023-11-17 17:00:08.000');
INSERT INTO "user_key" ("id", "user_id", "hashed_password") VALUES ('email:3@g.com', 'yocz02fm1a079fo', 's2:ypixvsa9kdptdm5e:9772b9b97a807a7f47ec6097088d2a4024dba58149f0ca73e063e373505e7d6d73558d9111681e34fee10c4b14d8ee4af03030521f41d555cc1fef79872ce189');
INSERT INTO "auth_user" ("id", "username", "email", "profile_image_url", "created_at") VALUES ('3qr122jiudidw3w', 'George Davis (4)', '4@g.com', NULL,'2023-11-17 17:00:08.000');
INSERT INTO "user_key" ("id", "user_id", "hashed_password") VALUES ('email:4@g.com', '3qr122jiudidw3w', 's2:ypixvsa9kdptdm5e:9772b9b97a807a7f47ec6097088d2a4024dba58149f0ca73e063e373505e7d6d73558d9111681e34fee10c4b14d8ee4af03030521f41d555cc1fef79872ce189');
INSERT INTO "auth_user" ("id", "username", "email", "profile_image_url", "created_at") VALUES ('v257vydj7xn0nlh', 'Bob Garcia (5)', '5@g.com', NULL,'2023-11-17 17:00:08.000');
INSERT INTO "user_key" ("id", "user_id", "hashed_password") VALUES ('email:5@g.com', 'v257vydj7xn0nlh', 's2:ypixvsa9kdptdm5e:9772b9b97a807a7f47ec6097088d2a4024dba58149f0ca73e063e373505e7d6d73558d9111681e34fee10c4b14d8ee4af03030521f41d555cc1fef79872ce189');
INSERT INTO "auth_user" ("id", "username", "email", "profile_image_url", "created_at") VALUES ('5ov38nso4d495p3', 'George Davis (6)', '6@g.com', NULL,'2023-11-17 17:00:08.000');
INSERT INTO "user_key" ("id", "user_id", "hashed_password") VALUES ('email:6@g.com', '5ov38nso4d495p3', 's2:ypixvsa9kdptdm5e:9772b9b97a807a7f47ec6097088d2a4024dba58149f0ca73e063e373505e7d6d73558d9111681e34fee10c4b14d8ee4af03030521f41d555cc1fef79872ce189');
INSERT INTO "auth_user" ("id", "username", "email", "profile_image_url", "created_at") VALUES ('dt5rag4r50ufszn', 'Ivan Rodriguez (7)', '7@g.com', NULL,'2023-11-17 17:00:08.000');
INSERT INTO "user_key" ("id", "user_id", "hashed_password") VALUES ('email:7@g.com', 'dt5rag4r50ufszn', 's2:ypixvsa9kdptdm5e:9772b9b97a807a7f47ec6097088d2a4024dba58149f0ca73e063e373505e7d6d73558d9111681e34fee10c4b14d8ee4af03030521f41d555cc1fef79872ce189');
INSERT INTO "auth_user" ("id", "username", "email", "profile_image_url", "created_at") VALUES ('9ln6wtyyg7t74yj', 'Ivan Brown (8)', '8@g.com', NULL,'2023-11-17 17:00:08.000');
INSERT INTO "user_key" ("id", "user_id", "hashed_password") VALUES ('email:8@g.com', '9ln6wtyyg7t74yj', 's2:ypixvsa9kdptdm5e:9772b9b97a807a7f47ec6097088d2a4024dba58149f0ca73e063e373505e7d6d73558d9111681e34fee10c4b14d8ee4af03030521f41d555cc1fef79872ce189');
INSERT INTO "auth_user" ("id", "username", "email", "profile_image_url", "created_at") VALUES ('ngilninmjxbbaxf', 'Diana Smith (9)', '9@g.com', NULL,'2023-11-17 17:00:08.000');
INSERT INTO "user_key" ("id", "user_id", "hashed_password") VALUES ('email:9@g.com', 'ngilninmjxbbaxf', 's2:ypixvsa9kdptdm5e:9772b9b97a807a7f47ec6097088d2a4024dba58149f0ca73e063e373505e7d6d73558d9111681e34fee10c4b14d8ee4af03030521f41d555cc1fef79872ce189');
-- Playlists
INSERT INTO "playlist" ("id", "name", "created_at", "user_id") VALUES ('s2yomp5n8p78h2yea5op4ltj4k3hzkbv4cbt9pos7w82pwlpaa', 'Playlist 0', '2023-11-17 17:00:08.000','5ii5huqrlq3s15v');
INSERT INTO "playlist_songs" ("song_id", "playlist_id", "order") VALUES ('jgqo619wp1xgetfjspf7ugi13rml4i3vh6gmzcv2w0v12cfugl', 's2yomp5n8p78h2yea5op4ltj4k3hzkbv4cbt9pos7w82pwlpaa', 0);
INSERT INTO "playlist_songs" ("song_id", "playlist_id", "order") VALUES ('kklef58bmbwu8lx63z4vgrdrvhl2u2zomktvhb6gv4haifefy4', 's2yomp5n8p78h2yea5op4ltj4k3hzkbv4cbt9pos7w82pwlpaa', 5);
INSERT INTO "playlist_songs" ("song_id", "playlist_id", "order") VALUES ('5nwvjxexhqwjfqp3qz8h552z1dydfu8yikb7lge79y5h0abn7j', 's2yomp5n8p78h2yea5op4ltj4k3hzkbv4cbt9pos7w82pwlpaa', 8);
INSERT INTO "playlist_songs" ("song_id", "playlist_id", "order") VALUES ('bo1bbpjab4te9okrkby6dy9c3jd8tt6nsg3oxwb5hngkaefrin', 's2yomp5n8p78h2yea5op4ltj4k3hzkbv4cbt9pos7w82pwlpaa', 1);
INSERT INTO "playlist_songs" ("song_id", "playlist_id", "order") VALUES ('j7gnku83onq7n3irdlw3x71s586364hdwvw3y7qhvjde3o23gy', 's2yomp5n8p78h2yea5op4ltj4k3hzkbv4cbt9pos7w82pwlpaa', 4);
INSERT INTO "playlist_songs" ("song_id", "playlist_id", "order") VALUES ('hym8trqnpl50dn9qgq6s66qd8hoxxcbll83in8f0s6ioh38e78', 's2yomp5n8p78h2yea5op4ltj4k3hzkbv4cbt9pos7w82pwlpaa', 9);
INSERT INTO "playlist_songs" ("song_id", "playlist_id", "order") VALUES ('72w1b86md4tu1fmsuy03jkjk1tgv46cke6z6wyw3887eppesuo', 's2yomp5n8p78h2yea5op4ltj4k3hzkbv4cbt9pos7w82pwlpaa', 2);
INSERT INTO "playlist_songs" ("song_id", "playlist_id", "order") VALUES ('zh7suww5lpn9x72jq4jg4gjmh7tz713c31vqwjyjgqk3ax0goj', 's2yomp5n8p78h2yea5op4ltj4k3hzkbv4cbt9pos7w82pwlpaa', 3);
INSERT INTO "playlist_songs" ("song_id", "playlist_id", "order") VALUES ('r9f0xpawdhrjvtnio8jbo8obm6tn3zczuw5omxmzxtd2liizdx', 's2yomp5n8p78h2yea5op4ltj4k3hzkbv4cbt9pos7w82pwlpaa', 7);
INSERT INTO "playlist_songs" ("song_id", "playlist_id", "order") VALUES ('2hhp96rsivgwpkqd709ho25err3dmw0qzgkpt5vy76u0hnn2ym', 's2yomp5n8p78h2yea5op4ltj4k3hzkbv4cbt9pos7w82pwlpaa', 6);
INSERT INTO "playlist" ("id", "name", "created_at", "user_id") VALUES ('emquqb8osya10i6dcop2wpe4i29ccja28dc3kpj0h2ihxfgc5j', 'Playlist 1', '2023-11-17 17:00:08.000','5ii5huqrlq3s15v');
INSERT INTO "playlist_songs" ("song_id", "playlist_id", "order") VALUES ('02e72oymv0hbh84xlbex79aki44opaslzw1lryiibub29xep1f', 'emquqb8osya10i6dcop2wpe4i29ccja28dc3kpj0h2ihxfgc5j', 0);
INSERT INTO "playlist_songs" ("song_id", "playlist_id", "order") VALUES ('iadpshn11f894ehfcf31o1xzcxxahxijv0dnkkmb1ffibdq30z', 'emquqb8osya10i6dcop2wpe4i29ccja28dc3kpj0h2ihxfgc5j', 3);
INSERT INTO "playlist_songs" ("song_id", "playlist_id", "order") VALUES ('v30glqibrmww00xlefe1jtjkdni2zyeak9knyq6dh9i7q1z474', 'emquqb8osya10i6dcop2wpe4i29ccja28dc3kpj0h2ihxfgc5j', 2);
INSERT INTO "playlist_songs" ("song_id", "playlist_id", "order") VALUES ('lq48tcm2k343edmyl2k6rsjff2ookvbo6d1aq2tuwnkn67d6sc', 'emquqb8osya10i6dcop2wpe4i29ccja28dc3kpj0h2ihxfgc5j', 4);
INSERT INTO "playlist_songs" ("song_id", "playlist_id", "order") VALUES ('3k1xpc9jillq1kix1odkiuk2xo8s6z7418owlksl8erfdca1pc', 'emquqb8osya10i6dcop2wpe4i29ccja28dc3kpj0h2ihxfgc5j', 9);
INSERT INTO "playlist_songs" ("song_id", "playlist_id", "order") VALUES ('tirrhpzzf0sdv4wy5pxb8cus9x2imkh8st06jqj6vcguh9rt29', 'emquqb8osya10i6dcop2wpe4i29ccja28dc3kpj0h2ihxfgc5j', 5);
INSERT INTO "playlist_songs" ("song_id", "playlist_id", "order") VALUES ('liq2xhfu1bwfjky3zg6er94ippe3u3q8jfm37qsp8pwqxaea40', 'emquqb8osya10i6dcop2wpe4i29ccja28dc3kpj0h2ihxfgc5j', 7);
INSERT INTO "playlist_songs" ("song_id", "playlist_id", "order") VALUES ('7kfqj3lzua17qdrzno0abwfjj2e2zsotc8lvztgdfvlpm04c6z', 'emquqb8osya10i6dcop2wpe4i29ccja28dc3kpj0h2ihxfgc5j', 1);
INSERT INTO "playlist_songs" ("song_id", "playlist_id", "order") VALUES ('h1tq45d7retobhrgr9krvgv31gwp9pfppuw6d94pb97ai331l8', 'emquqb8osya10i6dcop2wpe4i29ccja28dc3kpj0h2ihxfgc5j', 6);
INSERT INTO "playlist_songs" ("song_id", "playlist_id", "order") VALUES ('xi0qzaweaqa9duwgbur67j5gfb1ojep9aiofw0qrj31qw9dpgz', 'emquqb8osya10i6dcop2wpe4i29ccja28dc3kpj0h2ihxfgc5j', 8);
INSERT INTO "playlist" ("id", "name", "created_at", "user_id") VALUES ('3xkvfye1z6v7rciueeaqsh05x0iojz93h4k2tm5lyx3xkzm3br', 'Playlist 0', '2023-11-17 17:00:08.000','79b58fdql3wtxea');
INSERT INTO "playlist_songs" ("song_id", "playlist_id", "order") VALUES ('5hio7seg1182j3fxhpriwt4ocnbyyx3ehf6ussutj7m9h9ns4w', '3xkvfye1z6v7rciueeaqsh05x0iojz93h4k2tm5lyx3xkzm3br', 0);
INSERT INTO "playlist_songs" ("song_id", "playlist_id", "order") VALUES ('xr6ul0zxp7ic6qmbrpkgwyqgwiwxb3xzaulqnv8h19j2q0mg94', '3xkvfye1z6v7rciueeaqsh05x0iojz93h4k2tm5lyx3xkzm3br', 3);
INSERT INTO "playlist_songs" ("song_id", "playlist_id", "order") VALUES ('gss6l4n43knfgeegi73p8v5xc4px251qs4nvvavki26yc0g2vz', '3xkvfye1z6v7rciueeaqsh05x0iojz93h4k2tm5lyx3xkzm3br', 6);
INSERT INTO "playlist_songs" ("song_id", "playlist_id", "order") VALUES ('7kfqj3lzua17qdrzno0abwfjj2e2zsotc8lvztgdfvlpm04c6z', '3xkvfye1z6v7rciueeaqsh05x0iojz93h4k2tm5lyx3xkzm3br', 9);
INSERT INTO "playlist_songs" ("song_id", "playlist_id", "order") VALUES ('ix5j3h0vwkgmgim0spvbdcks4r73xyfreq24qp2kpopceuf5bn', '3xkvfye1z6v7rciueeaqsh05x0iojz93h4k2tm5lyx3xkzm3br', 5);
INSERT INTO "playlist_songs" ("song_id", "playlist_id", "order") VALUES ('bovt5l87j3fs07pa1rsvvp73hzq6dhcozbpub1vdia3bfm2a1b', '3xkvfye1z6v7rciueeaqsh05x0iojz93h4k2tm5lyx3xkzm3br', 1);
INSERT INTO "playlist_songs" ("song_id", "playlist_id", "order") VALUES ('6xzk598jm6zks9yz7vr4psqy00ggos3o26ts0smzbgxs5aouf5', '3xkvfye1z6v7rciueeaqsh05x0iojz93h4k2tm5lyx3xkzm3br', 8);
INSERT INTO "playlist_songs" ("song_id", "playlist_id", "order") VALUES ('6vrxah50xakfknq12txvkngjzwxcfn43skohx6re8lays3i2jr', '3xkvfye1z6v7rciueeaqsh05x0iojz93h4k2tm5lyx3xkzm3br', 2);
INSERT INTO "playlist_songs" ("song_id", "playlist_id", "order") VALUES ('zb0adgflrhgf4bfacvw8e8ntlc13y3ojpc8yf8xhbpvjn568bs', '3xkvfye1z6v7rciueeaqsh05x0iojz93h4k2tm5lyx3xkzm3br', 7);
INSERT INTO "playlist_songs" ("song_id", "playlist_id", "order") VALUES ('t0ti792ielnj3fgsi5vsaxwjwbht61oogj72s047mmrvgvt5he', '3xkvfye1z6v7rciueeaqsh05x0iojz93h4k2tm5lyx3xkzm3br', 4);
INSERT INTO "playlist" ("id", "name", "created_at", "user_id") VALUES ('x5ghb91b6iiafk1k94wsqdv94648ekkn0m7m93daiti6hdtac5', 'Playlist 1', '2023-11-17 17:00:08.000','79b58fdql3wtxea');
INSERT INTO "playlist_songs" ("song_id", "playlist_id", "order") VALUES ('em1a3qkl4r9u4ggdsz926pgcp8cl2nmtvaqbzdprxtpovxc5wa', 'x5ghb91b6iiafk1k94wsqdv94648ekkn0m7m93daiti6hdtac5', 0);
INSERT INTO "playlist_songs" ("song_id", "playlist_id", "order") VALUES ('tm6uy30s8kcjye70ech5xkabkoh4asjs2y3rexu5aceqd64eya', 'x5ghb91b6iiafk1k94wsqdv94648ekkn0m7m93daiti6hdtac5', 2);
INSERT INTO "playlist_songs" ("song_id", "playlist_id", "order") VALUES ('45sydhdsxkdkbalp3xdczwg1lpmnsieo3s5k1n54ab6kacw2j2', 'x5ghb91b6iiafk1k94wsqdv94648ekkn0m7m93daiti6hdtac5', 8);
INSERT INTO "playlist_songs" ("song_id", "playlist_id", "order") VALUES ('4rphi63drvcnlgkl6edl6llk2fhz9pb5qfonj8dh078bd3ee0w', 'x5ghb91b6iiafk1k94wsqdv94648ekkn0m7m93daiti6hdtac5', 4);
INSERT INTO "playlist_songs" ("song_id", "playlist_id", "order") VALUES ('auxds5pk91r4t98sioqgnm0l0t0flicoqr2wt0b1tss08ccc5n', 'x5ghb91b6iiafk1k94wsqdv94648ekkn0m7m93daiti6hdtac5', 3);
INSERT INTO "playlist_songs" ("song_id", "playlist_id", "order") VALUES ('3e4oq81ien4diygtu15uj8e883qrtlegznlej5r8vnuckye30s', 'x5ghb91b6iiafk1k94wsqdv94648ekkn0m7m93daiti6hdtac5', 1);
INSERT INTO "playlist_songs" ("song_id", "playlist_id", "order") VALUES ('pj02gluqh0zcdlxcte9gy2viyh15q3c76hp17ietmpdne6ey02', 'x5ghb91b6iiafk1k94wsqdv94648ekkn0m7m93daiti6hdtac5', 9);
INSERT INTO "playlist_songs" ("song_id", "playlist_id", "order") VALUES ('u3ex3bu45ycgt5q8p2pz90sddl7fpvb5azaik2lqcblvw9l0ey', 'x5ghb91b6iiafk1k94wsqdv94648ekkn0m7m93daiti6hdtac5', 6);
INSERT INTO "playlist_songs" ("song_id", "playlist_id", "order") VALUES ('gvareg5mcks0k2uy66jo4ie8ao1qo7z8m89z0dm6lt81h5d4bg', 'x5ghb91b6iiafk1k94wsqdv94648ekkn0m7m93daiti6hdtac5', 5);
INSERT INTO "playlist_songs" ("song_id", "playlist_id", "order") VALUES ('auujvofdy6wobhhqyh7m5fp8qgehoj9snj9yghyvgqn9l90zzf', 'x5ghb91b6iiafk1k94wsqdv94648ekkn0m7m93daiti6hdtac5', 7);
INSERT INTO "playlist" ("id", "name", "created_at", "user_id") VALUES ('vcz528n4z5cn0l8elygroxr0u96lf4ardo0wpdkok8lxbgg6uo', 'Playlist 0', '2023-11-17 17:00:08.000','g4gvug5lhxstax6');
INSERT INTO "playlist_songs" ("song_id", "playlist_id", "order") VALUES ('yglivicd8xwteg46a9bfevxu7iy8unhq3738e3b6bal1k4ejtk', 'vcz528n4z5cn0l8elygroxr0u96lf4ardo0wpdkok8lxbgg6uo', 0);
INSERT INTO "playlist_songs" ("song_id", "playlist_id", "order") VALUES ('g5l5br3u1zca7xnmm4o6yq01nwtnwomh9lq6jy5zvkg9gmdt6j', 'vcz528n4z5cn0l8elygroxr0u96lf4ardo0wpdkok8lxbgg6uo', 4);
INSERT INTO "playlist_songs" ("song_id", "playlist_id", "order") VALUES ('7skhw48gtepy6qlbc7sjmveb7310zg8y9d5qsx9yva4rgmytqk', 'vcz528n4z5cn0l8elygroxr0u96lf4ardo0wpdkok8lxbgg6uo', 9);
INSERT INTO "playlist_songs" ("song_id", "playlist_id", "order") VALUES ('ms4aax2dgpqkp4ul03ag6qsf7l8ov8xafv4nt67cgtciqmwgn9', 'vcz528n4z5cn0l8elygroxr0u96lf4ardo0wpdkok8lxbgg6uo', 1);
INSERT INTO "playlist_songs" ("song_id", "playlist_id", "order") VALUES ('nwptpt1zhvu09u5v2u7tobiy5caopsx2ltn7tpjls4kku9f9y6', 'vcz528n4z5cn0l8elygroxr0u96lf4ardo0wpdkok8lxbgg6uo', 8);
INSERT INTO "playlist_songs" ("song_id", "playlist_id", "order") VALUES ('s7xsbz925zx7mfn0xjyen0fy156mvohfbzin7l5h71i9bbcmzy', 'vcz528n4z5cn0l8elygroxr0u96lf4ardo0wpdkok8lxbgg6uo', 5);
INSERT INTO "playlist_songs" ("song_id", "playlist_id", "order") VALUES ('y5c6op6cbxuab72h88tog2aliefni8pzcs9z6rawudbu199zmo', 'vcz528n4z5cn0l8elygroxr0u96lf4ardo0wpdkok8lxbgg6uo', 6);
INSERT INTO "playlist_songs" ("song_id", "playlist_id", "order") VALUES ('zwehlv44tejt3jpdf9ai9aznvgm79wpoog4ohtd4kg4p4vr387', 'vcz528n4z5cn0l8elygroxr0u96lf4ardo0wpdkok8lxbgg6uo', 3);
INSERT INTO "playlist_songs" ("song_id", "playlist_id", "order") VALUES ('z7o4ke43j5hpex1vx0q3fq5x0m71ixqyi0x4oparskqefqfldh', 'vcz528n4z5cn0l8elygroxr0u96lf4ardo0wpdkok8lxbgg6uo', 7);
INSERT INTO "playlist_songs" ("song_id", "playlist_id", "order") VALUES ('nq8jbjqesspf1qchzxbg3809esit64t5df5o2sr6xb2wywscd6', 'vcz528n4z5cn0l8elygroxr0u96lf4ardo0wpdkok8lxbgg6uo', 2);
INSERT INTO "playlist" ("id", "name", "created_at", "user_id") VALUES ('wnwv7bbq8rhg5rcromw6sdhb08lc7xx4vjp8op33wuiyuehkqp', 'Playlist 1', '2023-11-17 17:00:08.000','g4gvug5lhxstax6');
INSERT INTO "playlist_songs" ("song_id", "playlist_id", "order") VALUES ('h1tq45d7retobhrgr9krvgv31gwp9pfppuw6d94pb97ai331l8', 'wnwv7bbq8rhg5rcromw6sdhb08lc7xx4vjp8op33wuiyuehkqp', 0);
INSERT INTO "playlist_songs" ("song_id", "playlist_id", "order") VALUES ('h7taqp889bxrr7z6hio0j3k26qyfg3xj5scmhq1i6fr281gel4', 'wnwv7bbq8rhg5rcromw6sdhb08lc7xx4vjp8op33wuiyuehkqp', 8);
INSERT INTO "playlist_songs" ("song_id", "playlist_id", "order") VALUES ('xqkbbbk8ys21fs0xnjwzqddvv711p7ennjqt1tt434z59us7tk', 'wnwv7bbq8rhg5rcromw6sdhb08lc7xx4vjp8op33wuiyuehkqp', 4);
INSERT INTO "playlist_songs" ("song_id", "playlist_id", "order") VALUES ('hhivqp46lgcap71wrzhdkvjy652qpzz4vva8mmo14svmuaqn37', 'wnwv7bbq8rhg5rcromw6sdhb08lc7xx4vjp8op33wuiyuehkqp', 1);
INSERT INTO "playlist_songs" ("song_id", "playlist_id", "order") VALUES ('gl72tkvv1vxut80c520l9ge953lt101ouhpr9ain0ewpu7hzr1', 'wnwv7bbq8rhg5rcromw6sdhb08lc7xx4vjp8op33wuiyuehkqp', 2);
INSERT INTO "playlist_songs" ("song_id", "playlist_id", "order") VALUES ('bt67f7lau76ig4ghdpt9wlubm59lc0595tz11cmvzp3za5i23e', 'wnwv7bbq8rhg5rcromw6sdhb08lc7xx4vjp8op33wuiyuehkqp', 7);
INSERT INTO "playlist_songs" ("song_id", "playlist_id", "order") VALUES ('txevoxtz5mgh7axj2njeb9cwr6e8rwrwjyt5juknpaf98f128t', 'wnwv7bbq8rhg5rcromw6sdhb08lc7xx4vjp8op33wuiyuehkqp', 6);
INSERT INTO "playlist_songs" ("song_id", "playlist_id", "order") VALUES ('mpbhdelftnv99fhkng60rvygupmz24dbys4l1oyrddhlzvjihm', 'wnwv7bbq8rhg5rcromw6sdhb08lc7xx4vjp8op33wuiyuehkqp', 9);
INSERT INTO "playlist_songs" ("song_id", "playlist_id", "order") VALUES ('y1gqgf8gf7tlsrsnoy8zoa5dnob4pnt07xj4lbn81rh6vd25vd', 'wnwv7bbq8rhg5rcromw6sdhb08lc7xx4vjp8op33wuiyuehkqp', 5);
INSERT INTO "playlist_songs" ("song_id", "playlist_id", "order") VALUES ('7skhw48gtepy6qlbc7sjmveb7310zg8y9d5qsx9yva4rgmytqk', 'wnwv7bbq8rhg5rcromw6sdhb08lc7xx4vjp8op33wuiyuehkqp', 3);
INSERT INTO "playlist" ("id", "name", "created_at", "user_id") VALUES ('y2wruk127kahqn7vvdij87forl17taehkoc8tquyxmnszta0l5', 'Playlist 0', '2023-11-17 17:00:08.000','yocz02fm1a079fo');
INSERT INTO "playlist_songs" ("song_id", "playlist_id", "order") VALUES ('cqqe6c2pt949r0ywqauyftbkt4zqffzub2l5fi7lg18tbpctvu', 'y2wruk127kahqn7vvdij87forl17taehkoc8tquyxmnszta0l5', 0);
INSERT INTO "playlist_songs" ("song_id", "playlist_id", "order") VALUES ('w9m60qqzctg5lkefl4sui8eojsnvx8cycyak95uygor0zgtl2c', 'y2wruk127kahqn7vvdij87forl17taehkoc8tquyxmnszta0l5', 8);
INSERT INTO "playlist_songs" ("song_id", "playlist_id", "order") VALUES ('3ezi2a213167nfd7aybvmqhj62v3j5lm5wxd6tilxdzaoo4wo6', 'y2wruk127kahqn7vvdij87forl17taehkoc8tquyxmnszta0l5', 1);
INSERT INTO "playlist_songs" ("song_id", "playlist_id", "order") VALUES ('t0erpjo3hyxehrijzoq71go5xymfvwxphxn7qw5r7lnzt03pqh', 'y2wruk127kahqn7vvdij87forl17taehkoc8tquyxmnszta0l5', 4);
INSERT INTO "playlist_songs" ("song_id", "playlist_id", "order") VALUES ('l419ch2u2jlfy4bv3erne3ran3fvri0iv9279ynjn6grl9ddwd', 'y2wruk127kahqn7vvdij87forl17taehkoc8tquyxmnszta0l5', 5);
INSERT INTO "playlist_songs" ("song_id", "playlist_id", "order") VALUES ('csvif5fseh4l4z4hfahf90whlrwmlybsf15etbq90p7g3j3sij', 'y2wruk127kahqn7vvdij87forl17taehkoc8tquyxmnszta0l5', 7);
INSERT INTO "playlist_songs" ("song_id", "playlist_id", "order") VALUES ('uqe9dwjovn8xozinxwb89a1m4kbthdpiehps015hoaee2oj6e7', 'y2wruk127kahqn7vvdij87forl17taehkoc8tquyxmnszta0l5', 9);
INSERT INTO "playlist_songs" ("song_id", "playlist_id", "order") VALUES ('1lip0h1jhgiavbza72zl61qkj3eg6fpua67yezm2quou6oqaxb', 'y2wruk127kahqn7vvdij87forl17taehkoc8tquyxmnszta0l5', 2);
INSERT INTO "playlist_songs" ("song_id", "playlist_id", "order") VALUES ('cchvigtanf654ancuxutzgq0zlw2mmxlr1x422a6q11wbfoll8', 'y2wruk127kahqn7vvdij87forl17taehkoc8tquyxmnszta0l5', 6);
INSERT INTO "playlist_songs" ("song_id", "playlist_id", "order") VALUES ('ojx5fdohgss4d9cyxtjv2oghpipanlnu8mjs7mlnmgb4av8ii3', 'y2wruk127kahqn7vvdij87forl17taehkoc8tquyxmnszta0l5', 3);
INSERT INTO "playlist" ("id", "name", "created_at", "user_id") VALUES ('n73c24ynyew87j3cmvf5ix7kzm4rrp02yau0ufb3clhslco7os', 'Playlist 1', '2023-11-17 17:00:08.000','yocz02fm1a079fo');
INSERT INTO "playlist_songs" ("song_id", "playlist_id", "order") VALUES ('gl72tkvv1vxut80c520l9ge953lt101ouhpr9ain0ewpu7hzr1', 'n73c24ynyew87j3cmvf5ix7kzm4rrp02yau0ufb3clhslco7os', 0);
INSERT INTO "playlist_songs" ("song_id", "playlist_id", "order") VALUES ('1eyy3xrg2jup5ws6l4kq60k9ru4s942plxr0m2apjplsmo74hd', 'n73c24ynyew87j3cmvf5ix7kzm4rrp02yau0ufb3clhslco7os', 5);
INSERT INTO "playlist_songs" ("song_id", "playlist_id", "order") VALUES ('s7xsbz925zx7mfn0xjyen0fy156mvohfbzin7l5h71i9bbcmzy', 'n73c24ynyew87j3cmvf5ix7kzm4rrp02yau0ufb3clhslco7os', 2);
INSERT INTO "playlist_songs" ("song_id", "playlist_id", "order") VALUES ('ks0jjxvb6zsgsli645g6adp7ao0ihdzwhzbf5l9v0gsxl39pcp', 'n73c24ynyew87j3cmvf5ix7kzm4rrp02yau0ufb3clhslco7os', 3);
INSERT INTO "playlist_songs" ("song_id", "playlist_id", "order") VALUES ('szqfxxfufh5nr79ziomq6dn7rq25drgc9uwd4wpruq5red5f1k', 'n73c24ynyew87j3cmvf5ix7kzm4rrp02yau0ufb3clhslco7os', 1);
INSERT INTO "playlist_songs" ("song_id", "playlist_id", "order") VALUES ('bt67f7lau76ig4ghdpt9wlubm59lc0595tz11cmvzp3za5i23e', 'n73c24ynyew87j3cmvf5ix7kzm4rrp02yau0ufb3clhslco7os', 8);
INSERT INTO "playlist_songs" ("song_id", "playlist_id", "order") VALUES ('w9m60qqzctg5lkefl4sui8eojsnvx8cycyak95uygor0zgtl2c', 'n73c24ynyew87j3cmvf5ix7kzm4rrp02yau0ufb3clhslco7os', 9);
INSERT INTO "playlist_songs" ("song_id", "playlist_id", "order") VALUES ('fago9dkhyr15aq9n3i88ds143thct0n8g25n5cqcf457nk6vqy', 'n73c24ynyew87j3cmvf5ix7kzm4rrp02yau0ufb3clhslco7os', 6);
INSERT INTO "playlist_songs" ("song_id", "playlist_id", "order") VALUES ('h2zprkccipwg1jvwmmn2buoof8rgzz8hr5qp077g4qm3fdsqp1', 'n73c24ynyew87j3cmvf5ix7kzm4rrp02yau0ufb3clhslco7os', 7);
INSERT INTO "playlist_songs" ("song_id", "playlist_id", "order") VALUES ('i03ml727c0pl3xqy0ae3zuzi76ae2x5oxmwjtttr3t9t2iwzjj', 'n73c24ynyew87j3cmvf5ix7kzm4rrp02yau0ufb3clhslco7os', 4);
INSERT INTO "playlist" ("id", "name", "created_at", "user_id") VALUES ('0l659dumjrm69gcc3bxqo6261hda9cju8ishvu1i01ew9tumcd', 'Playlist 0', '2023-11-17 17:00:08.000','3qr122jiudidw3w');
INSERT INTO "playlist_songs" ("song_id", "playlist_id", "order") VALUES ('jvuh4gykdyx3n0tew3flit5xlipbdi1phql1mjhrc9ciaj5xjl', '0l659dumjrm69gcc3bxqo6261hda9cju8ishvu1i01ew9tumcd', 6);
INSERT INTO "playlist_songs" ("song_id", "playlist_id", "order") VALUES ('z3xt05c4x2x4p5yhci7nhptk879ml42z5xldcl0pd60lezp144', '0l659dumjrm69gcc3bxqo6261hda9cju8ishvu1i01ew9tumcd', 0);
INSERT INTO "playlist_songs" ("song_id", "playlist_id", "order") VALUES ('8lsvporcbdwoda6b6xaev99cdeggl0n68gum33xqh10fb3ajyr', '0l659dumjrm69gcc3bxqo6261hda9cju8ishvu1i01ew9tumcd', 9);
INSERT INTO "playlist_songs" ("song_id", "playlist_id", "order") VALUES ('0bwptmnwcji8c2h6xqlj6fezw5abl452h0wjxrg3j3zy0fezpi', '0l659dumjrm69gcc3bxqo6261hda9cju8ishvu1i01ew9tumcd', 7);
INSERT INTO "playlist_songs" ("song_id", "playlist_id", "order") VALUES ('cggbxlbkafnsizzf6tdo0s1wo20p8mc817mgzqu810iq1t4okg', '0l659dumjrm69gcc3bxqo6261hda9cju8ishvu1i01ew9tumcd', 4);
INSERT INTO "playlist_songs" ("song_id", "playlist_id", "order") VALUES ('v4rzqnnl80i4y0k7pkkl17ocyenp6n6r18wbuwnvknm68zpa2s', '0l659dumjrm69gcc3bxqo6261hda9cju8ishvu1i01ew9tumcd', 1);
INSERT INTO "playlist_songs" ("song_id", "playlist_id", "order") VALUES ('gfecftrropyypp9pkjyjae5wlho7s1eq9ewxove01igsjm5p8y', '0l659dumjrm69gcc3bxqo6261hda9cju8ishvu1i01ew9tumcd', 5);
INSERT INTO "playlist_songs" ("song_id", "playlist_id", "order") VALUES ('4u1ma8zswecmnno8nvjgtydjruibk2ac8slejm7zgvxa5opvrj', '0l659dumjrm69gcc3bxqo6261hda9cju8ishvu1i01ew9tumcd', 3);
INSERT INTO "playlist_songs" ("song_id", "playlist_id", "order") VALUES ('1lcc1p6o8l5qqvvp1n7qtsnuc34gaxtriwwhps64y0wma2zrbx', '0l659dumjrm69gcc3bxqo6261hda9cju8ishvu1i01ew9tumcd', 2);
INSERT INTO "playlist_songs" ("song_id", "playlist_id", "order") VALUES ('nlvbpnh5eemgy6rdvv4p8ac7wgfdchgzyud2abp7sc77vsq8n4', '0l659dumjrm69gcc3bxqo6261hda9cju8ishvu1i01ew9tumcd', 8);
INSERT INTO "playlist" ("id", "name", "created_at", "user_id") VALUES ('0zw1gt3wr226g5qfezvfzcsqrk637ndll93aqqupwlj0t3z9fr', 'Playlist 1', '2023-11-17 17:00:08.000','3qr122jiudidw3w');
INSERT INTO "playlist_songs" ("song_id", "playlist_id", "order") VALUES ('9qyrsm6a2zpimxgfmfuv1h6o0kcdmu5833ok77tijxasvo1oaf', '0zw1gt3wr226g5qfezvfzcsqrk637ndll93aqqupwlj0t3z9fr', 0);
INSERT INTO "playlist_songs" ("song_id", "playlist_id", "order") VALUES ('nbtej2xkzs372wdlc7kr2k13yriqmgzjqc3nkf5lyjafsgm1kf', '0zw1gt3wr226g5qfezvfzcsqrk637ndll93aqqupwlj0t3z9fr', 2);
INSERT INTO "playlist_songs" ("song_id", "playlist_id", "order") VALUES ('k9wxa87ptuh3uieot3j0e0yglbi6mg7q58wmqbrsdkdluz6ubo', '0zw1gt3wr226g5qfezvfzcsqrk637ndll93aqqupwlj0t3z9fr', 5);
INSERT INTO "playlist_songs" ("song_id", "playlist_id", "order") VALUES ('8yeypude568menss46muanybxccacas08kse5go43hszj3y4tx', '0zw1gt3wr226g5qfezvfzcsqrk637ndll93aqqupwlj0t3z9fr', 8);
INSERT INTO "playlist_songs" ("song_id", "playlist_id", "order") VALUES ('mw1oo7ftxi9knt0zjns4js59m7lkol7i9nd7etnrzw3if7ikv9', '0zw1gt3wr226g5qfezvfzcsqrk637ndll93aqqupwlj0t3z9fr', 7);
INSERT INTO "playlist_songs" ("song_id", "playlist_id", "order") VALUES ('2c0y83khmi1hka4kbz3lbfx3ee3eegu9xu3gvtc0xlrke0sxx7', '0zw1gt3wr226g5qfezvfzcsqrk637ndll93aqqupwlj0t3z9fr', 9);
INSERT INTO "playlist_songs" ("song_id", "playlist_id", "order") VALUES ('2xu4sblqoub7sruvhztlfxj23wzaw8t7f0inovcf9jwoq9peeq', '0zw1gt3wr226g5qfezvfzcsqrk637ndll93aqqupwlj0t3z9fr', 1);
INSERT INTO "playlist_songs" ("song_id", "playlist_id", "order") VALUES ('7obhzb93qq4lwhndmyhbvhg8tj4ygexxm2dz852lhjakmt34h5', '0zw1gt3wr226g5qfezvfzcsqrk637ndll93aqqupwlj0t3z9fr', 3);
INSERT INTO "playlist_songs" ("song_id", "playlist_id", "order") VALUES ('vlqkptpa0o805lie7pe2l7jl7u2v5didvpiypd0htibdq15zim', '0zw1gt3wr226g5qfezvfzcsqrk637ndll93aqqupwlj0t3z9fr', 4);
INSERT INTO "playlist_songs" ("song_id", "playlist_id", "order") VALUES ('0zk1masxx73l2eve022vintx9wju1lv9ziz734tkot7qm9etzg', '0zw1gt3wr226g5qfezvfzcsqrk637ndll93aqqupwlj0t3z9fr', 6);
INSERT INTO "playlist" ("id", "name", "created_at", "user_id") VALUES ('6lswx223hmzvk3wxfbbrh8ljruuxt2vebi7i8x9ju2qyjuxwbi', 'Playlist 0', '2023-11-17 17:00:08.000','v257vydj7xn0nlh');
INSERT INTO "playlist_songs" ("song_id", "playlist_id", "order") VALUES ('o1k8fei4zzecmv1xt8n1mdee2k1erz094038wixwmmwr3wxaxe', '6lswx223hmzvk3wxfbbrh8ljruuxt2vebi7i8x9ju2qyjuxwbi', 0);
INSERT INTO "playlist_songs" ("song_id", "playlist_id", "order") VALUES ('k3p8yw6langkcrxj2qj9c0orrt6p05ukwr3hwvyvn3211cgdfd', '6lswx223hmzvk3wxfbbrh8ljruuxt2vebi7i8x9ju2qyjuxwbi', 8);
INSERT INTO "playlist_songs" ("song_id", "playlist_id", "order") VALUES ('n97mkl70isaxlnzbdgza9sz5qc0r9is7fmqtsgpzpzvi2vc2qv', '6lswx223hmzvk3wxfbbrh8ljruuxt2vebi7i8x9ju2qyjuxwbi', 4);
INSERT INTO "playlist_songs" ("song_id", "playlist_id", "order") VALUES ('4kcxxq8r78cb73kars8tva93sw8sfaag3u9ohghsijbm4x9dyv', '6lswx223hmzvk3wxfbbrh8ljruuxt2vebi7i8x9ju2qyjuxwbi', 5);
INSERT INTO "playlist_songs" ("song_id", "playlist_id", "order") VALUES ('bv5wi6lisowme9jybr33wpqng6ke1u9pah4a96rumq97ch2xos', '6lswx223hmzvk3wxfbbrh8ljruuxt2vebi7i8x9ju2qyjuxwbi', 7);
INSERT INTO "playlist_songs" ("song_id", "playlist_id", "order") VALUES ('k9wxa87ptuh3uieot3j0e0yglbi6mg7q58wmqbrsdkdluz6ubo', '6lswx223hmzvk3wxfbbrh8ljruuxt2vebi7i8x9ju2qyjuxwbi', 2);
INSERT INTO "playlist_songs" ("song_id", "playlist_id", "order") VALUES ('1213xa09yy31lf4nz8wg1ujdnpkd8rjewkuqqye1e0sk1kvbjm', '6lswx223hmzvk3wxfbbrh8ljruuxt2vebi7i8x9ju2qyjuxwbi', 6);
INSERT INTO "playlist_songs" ("song_id", "playlist_id", "order") VALUES ('0rovztu72c1w4qa4118udrpw90lr33i11vxelvboqiktsaaaml', '6lswx223hmzvk3wxfbbrh8ljruuxt2vebi7i8x9ju2qyjuxwbi', 1);
INSERT INTO "playlist_songs" ("song_id", "playlist_id", "order") VALUES ('piykahgehe4orle0hepopbtzwg30e1ue3rvjqnqc021jg5dcss', '6lswx223hmzvk3wxfbbrh8ljruuxt2vebi7i8x9ju2qyjuxwbi', 9);
INSERT INTO "playlist_songs" ("song_id", "playlist_id", "order") VALUES ('l419ch2u2jlfy4bv3erne3ran3fvri0iv9279ynjn6grl9ddwd', '6lswx223hmzvk3wxfbbrh8ljruuxt2vebi7i8x9ju2qyjuxwbi', 3);
INSERT INTO "playlist" ("id", "name", "created_at", "user_id") VALUES ('4k189ylvle4vexs8glqagkk3ol04vufgr0je7ovbzapyrn3zho', 'Playlist 1', '2023-11-17 17:00:08.000','v257vydj7xn0nlh');
INSERT INTO "playlist_songs" ("song_id", "playlist_id", "order") VALUES ('ob4sb91wwirashkj31in2v52aim1l2tzxgishypcj1fo21ni2h', '4k189ylvle4vexs8glqagkk3ol04vufgr0je7ovbzapyrn3zho', 0);
INSERT INTO "playlist_songs" ("song_id", "playlist_id", "order") VALUES ('nf5anmxxbv3wlwu0516bdg4mt9515mexc219uud7cvgskvdltp', '4k189ylvle4vexs8glqagkk3ol04vufgr0je7ovbzapyrn3zho', 3);
INSERT INTO "playlist_songs" ("song_id", "playlist_id", "order") VALUES ('q98r4qqb7k2te0fum4rfsschtu9f6vrltvace2ixq81ulh4ucg', '4k189ylvle4vexs8glqagkk3ol04vufgr0je7ovbzapyrn3zho', 8);
INSERT INTO "playlist_songs" ("song_id", "playlist_id", "order") VALUES ('jvuh4gykdyx3n0tew3flit5xlipbdi1phql1mjhrc9ciaj5xjl', '4k189ylvle4vexs8glqagkk3ol04vufgr0je7ovbzapyrn3zho', 9);
INSERT INTO "playlist_songs" ("song_id", "playlist_id", "order") VALUES ('3e4oq81ien4diygtu15uj8e883qrtlegznlej5r8vnuckye30s', '4k189ylvle4vexs8glqagkk3ol04vufgr0je7ovbzapyrn3zho', 2);
INSERT INTO "playlist_songs" ("song_id", "playlist_id", "order") VALUES ('9jv4z2dubzpmnejiwjzg0vbe6igh462ryfbbj1ccnpeg392ste', '4k189ylvle4vexs8glqagkk3ol04vufgr0je7ovbzapyrn3zho', 1);
INSERT INTO "playlist_songs" ("song_id", "playlist_id", "order") VALUES ('z1e9vhu8fk6d7mifdb62lva6ql77hmv7uduit2nixbs4yeg3s4', '4k189ylvle4vexs8glqagkk3ol04vufgr0je7ovbzapyrn3zho', 6);
INSERT INTO "playlist_songs" ("song_id", "playlist_id", "order") VALUES ('h2zprkccipwg1jvwmmn2buoof8rgzz8hr5qp077g4qm3fdsqp1', '4k189ylvle4vexs8glqagkk3ol04vufgr0je7ovbzapyrn3zho', 7);
INSERT INTO "playlist_songs" ("song_id", "playlist_id", "order") VALUES ('9qyrsm6a2zpimxgfmfuv1h6o0kcdmu5833ok77tijxasvo1oaf', '4k189ylvle4vexs8glqagkk3ol04vufgr0je7ovbzapyrn3zho', 4);
INSERT INTO "playlist_songs" ("song_id", "playlist_id", "order") VALUES ('pqzvx41rsmfvwi3ezuql7kek2iusds4djy0wsxxtj1s97dh4hc', '4k189ylvle4vexs8glqagkk3ol04vufgr0je7ovbzapyrn3zho', 5);
INSERT INTO "playlist" ("id", "name", "created_at", "user_id") VALUES ('8fnqldwmnpva48mxi1rvnmem8cd1aa3hjimandqjotybz8f3mq', 'Playlist 0', '2023-11-17 17:00:08.000','5ov38nso4d495p3');
INSERT INTO "playlist_songs" ("song_id", "playlist_id", "order") VALUES ('zlk8wbc902s7nd8sdrmv4384shg2rnjlrcmspstkbf9swwmbgc', '8fnqldwmnpva48mxi1rvnmem8cd1aa3hjimandqjotybz8f3mq', 0);
INSERT INTO "playlist_songs" ("song_id", "playlist_id", "order") VALUES ('6iepl8pdaw7xjyn1qe0f4ekkp0wnmx6c62x8wn1x31uzkvhcqu', '8fnqldwmnpva48mxi1rvnmem8cd1aa3hjimandqjotybz8f3mq', 2);
INSERT INTO "playlist_songs" ("song_id", "playlist_id", "order") VALUES ('3snxfly0v0r00wni7qfnfil67ooa8jurt6qxfxn598v3i5fkis', '8fnqldwmnpva48mxi1rvnmem8cd1aa3hjimandqjotybz8f3mq', 7);
INSERT INTO "playlist_songs" ("song_id", "playlist_id", "order") VALUES ('f3y2bng2wqrh03qzb2np4hh5923gduoe34au73kdypoa26vp5c', '8fnqldwmnpva48mxi1rvnmem8cd1aa3hjimandqjotybz8f3mq', 6);
INSERT INTO "playlist_songs" ("song_id", "playlist_id", "order") VALUES ('467no6tsztu9xj6raaczkd4jrkrgzd5fwtvtdxm77zogtqv9vj', '8fnqldwmnpva48mxi1rvnmem8cd1aa3hjimandqjotybz8f3mq', 4);
INSERT INTO "playlist_songs" ("song_id", "playlist_id", "order") VALUES ('xwxnitoch8b7xbevdv00n2p6h9sqcttxazzb14aofcf8muqmef', '8fnqldwmnpva48mxi1rvnmem8cd1aa3hjimandqjotybz8f3mq', 3);
INSERT INTO "playlist_songs" ("song_id", "playlist_id", "order") VALUES ('yu4iewlm4q349idabvhrums56hl0f8wxpzc3ymjhf8peh3pdps', '8fnqldwmnpva48mxi1rvnmem8cd1aa3hjimandqjotybz8f3mq', 5);
INSERT INTO "playlist_songs" ("song_id", "playlist_id", "order") VALUES ('z1e9vhu8fk6d7mifdb62lva6ql77hmv7uduit2nixbs4yeg3s4', '8fnqldwmnpva48mxi1rvnmem8cd1aa3hjimandqjotybz8f3mq', 9);
INSERT INTO "playlist_songs" ("song_id", "playlist_id", "order") VALUES ('8e3e20de8zdoo2tqz1hyqgmsqso6t4338kqzsllnlmafibmdpf', '8fnqldwmnpva48mxi1rvnmem8cd1aa3hjimandqjotybz8f3mq', 8);
INSERT INTO "playlist_songs" ("song_id", "playlist_id", "order") VALUES ('lrahra5oicqu0fux3gsxeb99u71yag7st3pz1pcvwd7ymjz2sm', '8fnqldwmnpva48mxi1rvnmem8cd1aa3hjimandqjotybz8f3mq', 1);
INSERT INTO "playlist" ("id", "name", "created_at", "user_id") VALUES ('w3v0wdd230zsebyhmcrm14qrinkxj7ie1xt1fvagbca3l7n0gz', 'Playlist 1', '2023-11-17 17:00:08.000','5ov38nso4d495p3');
INSERT INTO "playlist_songs" ("song_id", "playlist_id", "order") VALUES ('m4i0lan9f4c1ceda6w9gtpeeuwe5sdrsifrn9ry3samyikpcun', 'w3v0wdd230zsebyhmcrm14qrinkxj7ie1xt1fvagbca3l7n0gz', 0);
INSERT INTO "playlist_songs" ("song_id", "playlist_id", "order") VALUES ('hghb961ki99uwr3ot57h3cu3zy7m1rp1ysst1wste233uht11j', 'w3v0wdd230zsebyhmcrm14qrinkxj7ie1xt1fvagbca3l7n0gz', 5);
INSERT INTO "playlist_songs" ("song_id", "playlist_id", "order") VALUES ('d5q9qdg9ypku6xud6rpwjytb535qzxs334ogi380dc1cnl1wqz', 'w3v0wdd230zsebyhmcrm14qrinkxj7ie1xt1fvagbca3l7n0gz', 3);
INSERT INTO "playlist_songs" ("song_id", "playlist_id", "order") VALUES ('ukac6tnoicu7w40jl1rgq15qtdsg5nzq8e2z72igfyvepbne4r', 'w3v0wdd230zsebyhmcrm14qrinkxj7ie1xt1fvagbca3l7n0gz', 2);
INSERT INTO "playlist_songs" ("song_id", "playlist_id", "order") VALUES ('oz2w4iqhnlmjjl3ue9zely4legn8ayqe74dexhuf4s3sdsq7xl', 'w3v0wdd230zsebyhmcrm14qrinkxj7ie1xt1fvagbca3l7n0gz', 4);
INSERT INTO "playlist_songs" ("song_id", "playlist_id", "order") VALUES ('7332ouigtglri0trp2ewaxx6z7tnhz95wt014cfls2e7ec5fm7', 'w3v0wdd230zsebyhmcrm14qrinkxj7ie1xt1fvagbca3l7n0gz', 6);
INSERT INTO "playlist_songs" ("song_id", "playlist_id", "order") VALUES ('3i0anx66gs5pfcxefspo2qkyq499hc3xzoqkz38smi12t2mabz', 'w3v0wdd230zsebyhmcrm14qrinkxj7ie1xt1fvagbca3l7n0gz', 8);
INSERT INTO "playlist_songs" ("song_id", "playlist_id", "order") VALUES ('dyd6dnf5e0gk52zfx2b97jghz4965pafk7dkj7lmmvyyhmyfrj', 'w3v0wdd230zsebyhmcrm14qrinkxj7ie1xt1fvagbca3l7n0gz', 9);
INSERT INTO "playlist_songs" ("song_id", "playlist_id", "order") VALUES ('f00bo6nikvww6kddovgquyspx7h1mgwvug45ymsqlo8je945uj', 'w3v0wdd230zsebyhmcrm14qrinkxj7ie1xt1fvagbca3l7n0gz', 1);
INSERT INTO "playlist_songs" ("song_id", "playlist_id", "order") VALUES ('x5yg0s15fiy54w0ipx1eoevzbyzm6joe1mrph9tfyxw02qraun', 'w3v0wdd230zsebyhmcrm14qrinkxj7ie1xt1fvagbca3l7n0gz', 7);
INSERT INTO "playlist" ("id", "name", "created_at", "user_id") VALUES ('3qx3779fucie2kpbig3zpw3e316elcfu4jmuvjett8go6derxt', 'Playlist 0', '2023-11-17 17:00:08.000','dt5rag4r50ufszn');
INSERT INTO "playlist_songs" ("song_id", "playlist_id", "order") VALUES ('gbv678g9gh9lle2r9x5k9jins3dtb9w0vo442qgtdn2pfm8drj', '3qx3779fucie2kpbig3zpw3e316elcfu4jmuvjett8go6derxt', 0);
INSERT INTO "playlist_songs" ("song_id", "playlist_id", "order") VALUES ('go6v8hiprku8spcx8wvgf53vkymvypz8ge43l84skjjm59wmk8', '3qx3779fucie2kpbig3zpw3e316elcfu4jmuvjett8go6derxt', 1);
INSERT INTO "playlist_songs" ("song_id", "playlist_id", "order") VALUES ('e0ee4ddtj0xa40h3fxrrkem1o7dj4c93j45a3va0qs76aogvkc', '3qx3779fucie2kpbig3zpw3e316elcfu4jmuvjett8go6derxt', 6);
INSERT INTO "playlist_songs" ("song_id", "playlist_id", "order") VALUES ('ydou8774u07jbwi9ylgb4ffkvcblv0l1v3dryz2y0mavlynbbv', '3qx3779fucie2kpbig3zpw3e316elcfu4jmuvjett8go6derxt', 4);
INSERT INTO "playlist_songs" ("song_id", "playlist_id", "order") VALUES ('2720wsw2t58frrsd1w36xn5iqddgkvnq2ruhn32gi7p5crbvif', '3qx3779fucie2kpbig3zpw3e316elcfu4jmuvjett8go6derxt', 3);
INSERT INTO "playlist_songs" ("song_id", "playlist_id", "order") VALUES ('sg8liz0v79chrw5bm8jmy8na6x1jfb28nbpl62dmhrcpcdw03y', '3qx3779fucie2kpbig3zpw3e316elcfu4jmuvjett8go6derxt', 2);
INSERT INTO "playlist_songs" ("song_id", "playlist_id", "order") VALUES ('hyn8diuxxu1efk76r7ma8pqjpgyh6wjjuxuewhh02spx7f1lvx', '3qx3779fucie2kpbig3zpw3e316elcfu4jmuvjett8go6derxt', 9);
INSERT INTO "playlist_songs" ("song_id", "playlist_id", "order") VALUES ('8yeypude568menss46muanybxccacas08kse5go43hszj3y4tx', '3qx3779fucie2kpbig3zpw3e316elcfu4jmuvjett8go6derxt', 7);
INSERT INTO "playlist_songs" ("song_id", "playlist_id", "order") VALUES ('4uozw2nw3mb9xj282w45zhep78bswn103wc1axmalhp622llkp', '3qx3779fucie2kpbig3zpw3e316elcfu4jmuvjett8go6derxt', 8);
INSERT INTO "playlist_songs" ("song_id", "playlist_id", "order") VALUES ('pt7vlquc2qg9ddu33dnq91owfo0kzi1q67cr62t60yekkc4ehz', '3qx3779fucie2kpbig3zpw3e316elcfu4jmuvjett8go6derxt', 5);
INSERT INTO "playlist" ("id", "name", "created_at", "user_id") VALUES ('636d2kbfyiq83bysmflijisoklad3czyca6me80uakeeuuulf6', 'Playlist 1', '2023-11-17 17:00:08.000','dt5rag4r50ufszn');
INSERT INTO "playlist_songs" ("song_id", "playlist_id", "order") VALUES ('xyouboj9zk6lwcxm8bnan2nrsdnupdvze6pz2b3gr4cc1vywb1', '636d2kbfyiq83bysmflijisoklad3czyca6me80uakeeuuulf6', 5);
INSERT INTO "playlist_songs" ("song_id", "playlist_id", "order") VALUES ('gfecftrropyypp9pkjyjae5wlho7s1eq9ewxove01igsjm5p8y', '636d2kbfyiq83bysmflijisoklad3czyca6me80uakeeuuulf6', 9);
INSERT INTO "playlist_songs" ("song_id", "playlist_id", "order") VALUES ('vxtouxm5yx63w81phgpkzhw5wlif5iqomt8ka3qe3iuxzfknt5', '636d2kbfyiq83bysmflijisoklad3czyca6me80uakeeuuulf6', 0);
INSERT INTO "playlist_songs" ("song_id", "playlist_id", "order") VALUES ('p4hdkcv4eaz9n99bs1o0xkzgktx9vcjynyxondppja0h7mw46s', '636d2kbfyiq83bysmflijisoklad3czyca6me80uakeeuuulf6', 4);
INSERT INTO "playlist_songs" ("song_id", "playlist_id", "order") VALUES ('jwprubuqi8ugala49mtkhpp9ne64x3lwvb4tx871o2ii3y0u6a', '636d2kbfyiq83bysmflijisoklad3czyca6me80uakeeuuulf6', 3);
INSERT INTO "playlist_songs" ("song_id", "playlist_id", "order") VALUES ('z7o4ke43j5hpex1vx0q3fq5x0m71ixqyi0x4oparskqefqfldh', '636d2kbfyiq83bysmflijisoklad3czyca6me80uakeeuuulf6', 2);
INSERT INTO "playlist_songs" ("song_id", "playlist_id", "order") VALUES ('y5c6op6cbxuab72h88tog2aliefni8pzcs9z6rawudbu199zmo', '636d2kbfyiq83bysmflijisoklad3czyca6me80uakeeuuulf6', 1);
INSERT INTO "playlist_songs" ("song_id", "playlist_id", "order") VALUES ('6r163yjwc6soylf6wuzfc40e5pzrdxld068qgkftx9cpzglv2a', '636d2kbfyiq83bysmflijisoklad3czyca6me80uakeeuuulf6', 6);
INSERT INTO "playlist_songs" ("song_id", "playlist_id", "order") VALUES ('9gc96hbdav6xq5di36y8vo647mvoaqzmzvu6x8rso051j2y8b8', '636d2kbfyiq83bysmflijisoklad3czyca6me80uakeeuuulf6', 8);
INSERT INTO "playlist_songs" ("song_id", "playlist_id", "order") VALUES ('6e0g7uc5k4f2ijw3h94z6uuinqk0o85ip2iqekh3lyb5a0kjc4', '636d2kbfyiq83bysmflijisoklad3czyca6me80uakeeuuulf6', 7);
INSERT INTO "playlist" ("id", "name", "created_at", "user_id") VALUES ('u37g5qxll367vrlk76p9dg8xg4ki5h2o0requwvofm2kinnq0x', 'Playlist 0', '2023-11-17 17:00:08.000','9ln6wtyyg7t74yj');
INSERT INTO "playlist_songs" ("song_id", "playlist_id", "order") VALUES ('3ezi2a213167nfd7aybvmqhj62v3j5lm5wxd6tilxdzaoo4wo6', 'u37g5qxll367vrlk76p9dg8xg4ki5h2o0requwvofm2kinnq0x', 0);
INSERT INTO "playlist_songs" ("song_id", "playlist_id", "order") VALUES ('a1e2nk8b9h28yuzbm91wwojf1npnba5ibnpna4ta85m4o2xjmh', 'u37g5qxll367vrlk76p9dg8xg4ki5h2o0requwvofm2kinnq0x', 3);
INSERT INTO "playlist_songs" ("song_id", "playlist_id", "order") VALUES ('o1k8fei4zzecmv1xt8n1mdee2k1erz094038wixwmmwr3wxaxe', 'u37g5qxll367vrlk76p9dg8xg4ki5h2o0requwvofm2kinnq0x', 9);
INSERT INTO "playlist_songs" ("song_id", "playlist_id", "order") VALUES ('astts0995v1qwa1w498l2lq9xxfy05evb02tmsm8gez5arp19e', 'u37g5qxll367vrlk76p9dg8xg4ki5h2o0requwvofm2kinnq0x', 8);
INSERT INTO "playlist_songs" ("song_id", "playlist_id", "order") VALUES ('afzbqq93426zxaboijngq22ao04eksf5m7hvduu1ws33zg37gl', 'u37g5qxll367vrlk76p9dg8xg4ki5h2o0requwvofm2kinnq0x', 6);
INSERT INTO "playlist_songs" ("song_id", "playlist_id", "order") VALUES ('q4n0bzjhkihl8sqabt52l3khmzm5iuautqxhfv9hy1f14akon7', 'u37g5qxll367vrlk76p9dg8xg4ki5h2o0requwvofm2kinnq0x', 5);
INSERT INTO "playlist_songs" ("song_id", "playlist_id", "order") VALUES ('8yeypude568menss46muanybxccacas08kse5go43hszj3y4tx', 'u37g5qxll367vrlk76p9dg8xg4ki5h2o0requwvofm2kinnq0x', 2);
INSERT INTO "playlist_songs" ("song_id", "playlist_id", "order") VALUES ('uroemw1aotlgq5eh1f8dx6c7f4w7to8mds7gzzqieq3vxtg8ho', 'u37g5qxll367vrlk76p9dg8xg4ki5h2o0requwvofm2kinnq0x', 1);
INSERT INTO "playlist_songs" ("song_id", "playlist_id", "order") VALUES ('t1g9ccyifkchrx3ilca2rp0cx5qjurhuwk96b920beis7vrng5', 'u37g5qxll367vrlk76p9dg8xg4ki5h2o0requwvofm2kinnq0x', 7);
INSERT INTO "playlist_songs" ("song_id", "playlist_id", "order") VALUES ('wvdeq98vscdebzysfzn4z2vjoup9jalkppscgd8msbt083ui3e', 'u37g5qxll367vrlk76p9dg8xg4ki5h2o0requwvofm2kinnq0x', 4);
INSERT INTO "playlist" ("id", "name", "created_at", "user_id") VALUES ('jhez35a39tv9wk6j9qjz6wbmwl0nlyzsi9c74ephoo5dpddncp', 'Playlist 1', '2023-11-17 17:00:08.000','9ln6wtyyg7t74yj');
INSERT INTO "playlist_songs" ("song_id", "playlist_id", "order") VALUES ('3e4oq81ien4diygtu15uj8e883qrtlegznlej5r8vnuckye30s', 'jhez35a39tv9wk6j9qjz6wbmwl0nlyzsi9c74ephoo5dpddncp', 0);
INSERT INTO "playlist_songs" ("song_id", "playlist_id", "order") VALUES ('t0erpjo3hyxehrijzoq71go5xymfvwxphxn7qw5r7lnzt03pqh', 'jhez35a39tv9wk6j9qjz6wbmwl0nlyzsi9c74ephoo5dpddncp', 2);
INSERT INTO "playlist_songs" ("song_id", "playlist_id", "order") VALUES ('w78mf2zwv7sa924hq1wma1or2i7ms9aiajk90vt2zuvpyfhno6', 'jhez35a39tv9wk6j9qjz6wbmwl0nlyzsi9c74ephoo5dpddncp', 8);
INSERT INTO "playlist_songs" ("song_id", "playlist_id", "order") VALUES ('ukac6tnoicu7w40jl1rgq15qtdsg5nzq8e2z72igfyvepbne4r', 'jhez35a39tv9wk6j9qjz6wbmwl0nlyzsi9c74ephoo5dpddncp', 5);
INSERT INTO "playlist_songs" ("song_id", "playlist_id", "order") VALUES ('z1e9vhu8fk6d7mifdb62lva6ql77hmv7uduit2nixbs4yeg3s4', 'jhez35a39tv9wk6j9qjz6wbmwl0nlyzsi9c74ephoo5dpddncp', 1);
INSERT INTO "playlist_songs" ("song_id", "playlist_id", "order") VALUES ('qdj60cq463oppcohhk8svaabe66a87uza5d16vvsz6182r6y0l', 'jhez35a39tv9wk6j9qjz6wbmwl0nlyzsi9c74ephoo5dpddncp', 4);
INSERT INTO "playlist_songs" ("song_id", "playlist_id", "order") VALUES ('zwehlv44tejt3jpdf9ai9aznvgm79wpoog4ohtd4kg4p4vr387', 'jhez35a39tv9wk6j9qjz6wbmwl0nlyzsi9c74ephoo5dpddncp', 7);
INSERT INTO "playlist_songs" ("song_id", "playlist_id", "order") VALUES ('6iepl8pdaw7xjyn1qe0f4ekkp0wnmx6c62x8wn1x31uzkvhcqu', 'jhez35a39tv9wk6j9qjz6wbmwl0nlyzsi9c74ephoo5dpddncp', 3);
INSERT INTO "playlist_songs" ("song_id", "playlist_id", "order") VALUES ('6uvqqzezb74p7crbtfccbh7rrfazdm9yet2zpzrl9f2scew3x2', 'jhez35a39tv9wk6j9qjz6wbmwl0nlyzsi9c74ephoo5dpddncp', 9);
INSERT INTO "playlist_songs" ("song_id", "playlist_id", "order") VALUES ('nm62n7cirt9irz510eg2c9g7x6t5tp3v74zgay9tfrelfpksdo', 'jhez35a39tv9wk6j9qjz6wbmwl0nlyzsi9c74ephoo5dpddncp', 6);
INSERT INTO "playlist" ("id", "name", "created_at", "user_id") VALUES ('rwq9zthe3acm40cd2bwckfpn566pm11gtniskq0m0zi55quya2', 'Playlist 0', '2023-11-17 17:00:08.000','ngilninmjxbbaxf');
INSERT INTO "playlist_songs" ("song_id", "playlist_id", "order") VALUES ('niyrkbhs9p4q7e5bt5356rlp84oj3s4cb568m797remx0txcix', 'rwq9zthe3acm40cd2bwckfpn566pm11gtniskq0m0zi55quya2', 0);
INSERT INTO "playlist_songs" ("song_id", "playlist_id", "order") VALUES ('gdh350l5ajct10xfzilpdwigj2mu2ansmhdwiwb4lbmp9p0z1t', 'rwq9zthe3acm40cd2bwckfpn566pm11gtniskq0m0zi55quya2', 7);
INSERT INTO "playlist_songs" ("song_id", "playlist_id", "order") VALUES ('x30zqb73ddzdozm5b7577yy8ghnrebau72o62nb9gm7t4n5h9c', 'rwq9zthe3acm40cd2bwckfpn566pm11gtniskq0m0zi55quya2', 2);
INSERT INTO "playlist_songs" ("song_id", "playlist_id", "order") VALUES ('malzuf7pt2sjljm36t0c2rv5iw2n8ctc2drhod18nwjb0riysv', 'rwq9zthe3acm40cd2bwckfpn566pm11gtniskq0m0zi55quya2', 1);
INSERT INTO "playlist_songs" ("song_id", "playlist_id", "order") VALUES ('bwiymvc73hu33o28xfzyy7tyvi3m10aqsh175vjwspf52iwmzx', 'rwq9zthe3acm40cd2bwckfpn566pm11gtniskq0m0zi55quya2', 3);
INSERT INTO "playlist_songs" ("song_id", "playlist_id", "order") VALUES ('0bll4odh3fvdhzaerbgdihm1rx0088x69ugz4ah2lr2s091dj0', 'rwq9zthe3acm40cd2bwckfpn566pm11gtniskq0m0zi55quya2', 6);
INSERT INTO "playlist_songs" ("song_id", "playlist_id", "order") VALUES ('vpaw9a42xngyxgknwksy87nqmcrzqa9gh1ub2gfaooawl0b7j8', 'rwq9zthe3acm40cd2bwckfpn566pm11gtniskq0m0zi55quya2', 4);
INSERT INTO "playlist_songs" ("song_id", "playlist_id", "order") VALUES ('9fp2yjerrg2llye29q8vghuojvzfni37zwnr3mseb354lz5z2f', 'rwq9zthe3acm40cd2bwckfpn566pm11gtniskq0m0zi55quya2', 8);
INSERT INTO "playlist_songs" ("song_id", "playlist_id", "order") VALUES ('cebfygr2ot3ix8ixfhhmlt70p6giia7w6pwgvag33ger01f8p2', 'rwq9zthe3acm40cd2bwckfpn566pm11gtniskq0m0zi55quya2', 5);
INSERT INTO "playlist_songs" ("song_id", "playlist_id", "order") VALUES ('fwmrydsi4jj2aaj3v8exschbluu5trf7dgnw3wgrkmonf890t4', 'rwq9zthe3acm40cd2bwckfpn566pm11gtniskq0m0zi55quya2', 9);
INSERT INTO "playlist" ("id", "name", "created_at", "user_id") VALUES ('u6dviywraoks2pcep4k5uoadevd5a9wak9q7gp9xrhd53ya9vo', 'Playlist 1', '2023-11-17 17:00:08.000','ngilninmjxbbaxf');
INSERT INTO "playlist_songs" ("song_id", "playlist_id", "order") VALUES ('d45ale4efqag572l18cxmh2aekzpgrl5ye9hhulsi8c93vtdy7', 'u6dviywraoks2pcep4k5uoadevd5a9wak9q7gp9xrhd53ya9vo', 9);
INSERT INTO "playlist_songs" ("song_id", "playlist_id", "order") VALUES ('s1znquns0znjuqjprciq17vx285r4hf06rybwbehunmq7jcfr0', 'u6dviywraoks2pcep4k5uoadevd5a9wak9q7gp9xrhd53ya9vo', 2);
INSERT INTO "playlist_songs" ("song_id", "playlist_id", "order") VALUES ('u6k004mohxzwfi2myw2rgq8dyio6osxf3nmmm3rztw4g9k9c1l', 'u6dviywraoks2pcep4k5uoadevd5a9wak9q7gp9xrhd53ya9vo', 0);
INSERT INTO "playlist_songs" ("song_id", "playlist_id", "order") VALUES ('icjpt5xsmecfbn1yho2t80bgr3vdz1coibq8w2q1kc2a0sydpd', 'u6dviywraoks2pcep4k5uoadevd5a9wak9q7gp9xrhd53ya9vo', 1);
INSERT INTO "playlist_songs" ("song_id", "playlist_id", "order") VALUES ('cggbxlbkafnsizzf6tdo0s1wo20p8mc817mgzqu810iq1t4okg', 'u6dviywraoks2pcep4k5uoadevd5a9wak9q7gp9xrhd53ya9vo', 6);
INSERT INTO "playlist_songs" ("song_id", "playlist_id", "order") VALUES ('89g0fqh4eis4hl88xjfj1bg2qqvdya1mmlgopbxa5i65irnsxy', 'u6dviywraoks2pcep4k5uoadevd5a9wak9q7gp9xrhd53ya9vo', 5);
INSERT INTO "playlist_songs" ("song_id", "playlist_id", "order") VALUES ('h7taqp889bxrr7z6hio0j3k26qyfg3xj5scmhq1i6fr281gel4', 'u6dviywraoks2pcep4k5uoadevd5a9wak9q7gp9xrhd53ya9vo', 7);
INSERT INTO "playlist_songs" ("song_id", "playlist_id", "order") VALUES ('e0ee4ddtj0xa40h3fxrrkem1o7dj4c93j45a3va0qs76aogvkc', 'u6dviywraoks2pcep4k5uoadevd5a9wak9q7gp9xrhd53ya9vo', 3);
INSERT INTO "playlist_songs" ("song_id", "playlist_id", "order") VALUES ('js9y5020i7vxrrqogjd1z91xxzfl1jg84h03h02kpwksp9zpuc', 'u6dviywraoks2pcep4k5uoadevd5a9wak9q7gp9xrhd53ya9vo', 8);
INSERT INTO "playlist_songs" ("song_id", "playlist_id", "order") VALUES ('hhq3j70s30ajkwapyykakisgeewmzjmp7vws8hdwotks66qh17', 'u6dviywraoks2pcep4k5uoadevd5a9wak9q7gp9xrhd53ya9vo', 4);
INSERT INTO "playlist" ("id", "name", "created_at", "user_id") VALUES ('wv4jv7vh7okyduoynx2jyoqv5tspziquj0mvoumtdculligw03', 'Playlist 0', '2023-11-17 17:00:08.000','icqlt67n2fd7p34');
INSERT INTO "playlist_songs" ("song_id", "playlist_id", "order") VALUES ('16146jkt6j4nh8t24zigk9bcf0fnladhnofqzpe0tw7xl9o7k0', 'wv4jv7vh7okyduoynx2jyoqv5tspziquj0mvoumtdculligw03', 9);
INSERT INTO "playlist_songs" ("song_id", "playlist_id", "order") VALUES ('x71k3pkf8wsq46aqod1max4hsvhz8p8qk8qmhcubd5761c64bv', 'wv4jv7vh7okyduoynx2jyoqv5tspziquj0mvoumtdculligw03', 8);
INSERT INTO "playlist_songs" ("song_id", "playlist_id", "order") VALUES ('oebquvztz9i4lmewzw88ewj5t0s8vof568p1vo0mwgh517uea2', 'wv4jv7vh7okyduoynx2jyoqv5tspziquj0mvoumtdculligw03', 2);
INSERT INTO "playlist_songs" ("song_id", "playlist_id", "order") VALUES ('ob4sb91wwirashkj31in2v52aim1l2tzxgishypcj1fo21ni2h', 'wv4jv7vh7okyduoynx2jyoqv5tspziquj0mvoumtdculligw03', 7);
INSERT INTO "playlist_songs" ("song_id", "playlist_id", "order") VALUES ('ks0jjxvb6zsgsli645g6adp7ao0ihdzwhzbf5l9v0gsxl39pcp', 'wv4jv7vh7okyduoynx2jyoqv5tspziquj0mvoumtdculligw03', 4);
INSERT INTO "playlist_songs" ("song_id", "playlist_id", "order") VALUES ('cztx3dmqbjbejjynara63sr9ipqa2ct6n4rdcejij7pxant2ps', 'wv4jv7vh7okyduoynx2jyoqv5tspziquj0mvoumtdculligw03', 3);
INSERT INTO "playlist_songs" ("song_id", "playlist_id", "order") VALUES ('498kofbfekotdr0893ytyqw3i7e5uo0qkumzr8qt8038vc0otr', 'wv4jv7vh7okyduoynx2jyoqv5tspziquj0mvoumtdculligw03', 5);
INSERT INTO "playlist_songs" ("song_id", "playlist_id", "order") VALUES ('m91ouex85yf7e029wfkzmg1ev6kt98dvwwrofyunujpchanqgt', 'wv4jv7vh7okyduoynx2jyoqv5tspziquj0mvoumtdculligw03', 6);
INSERT INTO "playlist_songs" ("song_id", "playlist_id", "order") VALUES ('6vrxah50xakfknq12txvkngjzwxcfn43skohx6re8lays3i2jr', 'wv4jv7vh7okyduoynx2jyoqv5tspziquj0mvoumtdculligw03', 0);
INSERT INTO "playlist_songs" ("song_id", "playlist_id", "order") VALUES ('wo1phqxan7vambvnj8ibhet3c719v7y5nz20us9tm8zsbyitak', 'wv4jv7vh7okyduoynx2jyoqv5tspziquj0mvoumtdculligw03', 1);
INSERT INTO "playlist" ("id", "name", "created_at", "user_id") VALUES ('v433x8yd0ig1c21uw9d4jhpz6x6bc6qcgvlqdio26cnfjfty9u', 'Playlist 1', '2023-11-17 17:00:08.000','icqlt67n2fd7p34');
INSERT INTO "playlist_songs" ("song_id", "playlist_id", "order") VALUES ('dqamd1pe0qhwoib99kqmw6lzvxylwp8y8bdo1zvr1m5hdflrqg', 'v433x8yd0ig1c21uw9d4jhpz6x6bc6qcgvlqdio26cnfjfty9u', 5);
INSERT INTO "playlist_songs" ("song_id", "playlist_id", "order") VALUES ('ks0jjxvb6zsgsli645g6adp7ao0ihdzwhzbf5l9v0gsxl39pcp', 'v433x8yd0ig1c21uw9d4jhpz6x6bc6qcgvlqdio26cnfjfty9u', 0);
INSERT INTO "playlist_songs" ("song_id", "playlist_id", "order") VALUES ('wpzsu0ehot8df3p99g4gknbd8uhr0d3s4dvu6gcqnecb2rosnk', 'v433x8yd0ig1c21uw9d4jhpz6x6bc6qcgvlqdio26cnfjfty9u', 1);
INSERT INTO "playlist_songs" ("song_id", "playlist_id", "order") VALUES ('k3p8yw6langkcrxj2qj9c0orrt6p05ukwr3hwvyvn3211cgdfd', 'v433x8yd0ig1c21uw9d4jhpz6x6bc6qcgvlqdio26cnfjfty9u', 4);
INSERT INTO "playlist_songs" ("song_id", "playlist_id", "order") VALUES ('auxds5pk91r4t98sioqgnm0l0t0flicoqr2wt0b1tss08ccc5n', 'v433x8yd0ig1c21uw9d4jhpz6x6bc6qcgvlqdio26cnfjfty9u', 2);
INSERT INTO "playlist_songs" ("song_id", "playlist_id", "order") VALUES ('nm62n7cirt9irz510eg2c9g7x6t5tp3v74zgay9tfrelfpksdo', 'v433x8yd0ig1c21uw9d4jhpz6x6bc6qcgvlqdio26cnfjfty9u', 7);
INSERT INTO "playlist_songs" ("song_id", "playlist_id", "order") VALUES ('78t23ca320da5vs0dm7mxnsks5fkmorii1cnd827067edzw8gi', 'v433x8yd0ig1c21uw9d4jhpz6x6bc6qcgvlqdio26cnfjfty9u', 9);
INSERT INTO "playlist_songs" ("song_id", "playlist_id", "order") VALUES ('3f55axmxlixkigp2lnk9o6cf3u2q6nhtc9jlskj18vq441ppx5', 'v433x8yd0ig1c21uw9d4jhpz6x6bc6qcgvlqdio26cnfjfty9u', 8);
INSERT INTO "playlist_songs" ("song_id", "playlist_id", "order") VALUES ('9xlfl2pnreza9hz7nx6b1r8vgxx9agdoa7bq3464kufkbpisy6', 'v433x8yd0ig1c21uw9d4jhpz6x6bc6qcgvlqdio26cnfjfty9u', 3);
INSERT INTO "playlist_songs" ("song_id", "playlist_id", "order") VALUES ('sg8liz0v79chrw5bm8jmy8na6x1jfb28nbpl62dmhrcpcdw03y', 'v433x8yd0ig1c21uw9d4jhpz6x6bc6qcgvlqdio26cnfjfty9u', 6);
-- User Likes
INSERT INTO "user_likes" ("user_id", "song_id") VALUES ('5ii5huqrlq3s15v', 'nlvbpnh5eemgy6rdvv4p8ac7wgfdchgzyud2abp7sc77vsq8n4');
INSERT INTO "user_likes" ("user_id", "song_id") VALUES ('5ii5huqrlq3s15v', '96susgyradd3nxvksj5ggkthq9o7y94a4rhybmv97sfg4t2rq4');
INSERT INTO "user_likes" ("user_id", "song_id") VALUES ('5ii5huqrlq3s15v', 'h7taqp889bxrr7z6hio0j3k26qyfg3xj5scmhq1i6fr281gel4');
INSERT INTO "user_likes" ("user_id", "song_id") VALUES ('5ii5huqrlq3s15v', 'y3tn434ftr3vb573y3iy19k5y4gjc26cd1dq83hcjbj4zpy2q2');
INSERT INTO "user_likes" ("user_id", "song_id") VALUES ('5ii5huqrlq3s15v', 'rcl77b0ud3p82x56nwpbebweyuoybdelc9ljeovd8j4dinh5lt');
INSERT INTO "user_likes" ("user_id", "song_id") VALUES ('5ii5huqrlq3s15v', '2720wsw2t58frrsd1w36xn5iqddgkvnq2ruhn32gi7p5crbvif');
INSERT INTO "user_likes" ("user_id", "song_id") VALUES ('5ii5huqrlq3s15v', 'ud16ebokqjgzu7ezjwakdef05on2ksjfrexzewex1he9jasx6o');
INSERT INTO "user_likes" ("user_id", "song_id") VALUES ('5ii5huqrlq3s15v', 'v4rzqnnl80i4y0k7pkkl17ocyenp6n6r18wbuwnvknm68zpa2s');
INSERT INTO "user_likes" ("user_id", "song_id") VALUES ('5ii5huqrlq3s15v', 'oebquvztz9i4lmewzw88ewj5t0s8vof568p1vo0mwgh517uea2');
INSERT INTO "user_likes" ("user_id", "song_id") VALUES ('5ii5huqrlq3s15v', 'ty2x94i646d3ktwzs3h2nj5jv2uxxdtcx7au4iw9gm0ge2lwne');
INSERT INTO "user_likes" ("user_id", "song_id") VALUES ('5ii5huqrlq3s15v', 'vlqkptpa0o805lie7pe2l7jl7u2v5didvpiypd0htibdq15zim');
INSERT INTO "user_likes" ("user_id", "song_id") VALUES ('5ii5huqrlq3s15v', 'tl6v6u96iuct0b42ypxwlacf4ty35zvh32yq92st14ect3m95c');
INSERT INTO "user_likes" ("user_id", "song_id") VALUES ('5ii5huqrlq3s15v', 'ncowl61c1xrurf6vfdc7goj5bcsx7ly37s2ux8dm7wzserhsi5');
INSERT INTO "user_likes" ("user_id", "song_id") VALUES ('5ii5huqrlq3s15v', 'ehw42w39v0fxkvyrpet75cs1bu0rousngh6f7rx16ivbk4dz8q');
INSERT INTO "user_likes" ("user_id", "song_id") VALUES ('5ii5huqrlq3s15v', '2ljj2xkjiolb1hsfqbdv4wbbhrvrv6yx7r8qj1dekadjao8gda');
INSERT INTO "user_likes" ("user_id", "song_id") VALUES ('79b58fdql3wtxea', 'rcl77b0ud3p82x56nwpbebweyuoybdelc9ljeovd8j4dinh5lt');
INSERT INTO "user_likes" ("user_id", "song_id") VALUES ('79b58fdql3wtxea', 'v1od7w9knwbyoqwa0o76guqpjzd6tjnni7wsca8d5gdml6pc49');
INSERT INTO "user_likes" ("user_id", "song_id") VALUES ('79b58fdql3wtxea', 'v9ua63o4009evydx785v8gyotj3dii76mxxisw801ts15wwgc1');
INSERT INTO "user_likes" ("user_id", "song_id") VALUES ('79b58fdql3wtxea', 'gazvx8pqxtjt9qa5g6q71blj3cyj182ofants0z5icz88ew7h3');
INSERT INTO "user_likes" ("user_id", "song_id") VALUES ('79b58fdql3wtxea', 'afzbqq93426zxaboijngq22ao04eksf5m7hvduu1ws33zg37gl');
INSERT INTO "user_likes" ("user_id", "song_id") VALUES ('79b58fdql3wtxea', 'l419ch2u2jlfy4bv3erne3ran3fvri0iv9279ynjn6grl9ddwd');
INSERT INTO "user_likes" ("user_id", "song_id") VALUES ('79b58fdql3wtxea', 'qdj60cq463oppcohhk8svaabe66a87uza5d16vvsz6182r6y0l');
INSERT INTO "user_likes" ("user_id", "song_id") VALUES ('79b58fdql3wtxea', 'v9goq5vxou8c33mbq4hyu3ycls8s4jif6jlh6w6qa63y2s7qjy');
INSERT INTO "user_likes" ("user_id", "song_id") VALUES ('79b58fdql3wtxea', '2bleso5j9cr57q0jmywiekjorhyow0ejavf9xtldcsfntqvng2');
INSERT INTO "user_likes" ("user_id", "song_id") VALUES ('79b58fdql3wtxea', '2xu4sblqoub7sruvhztlfxj23wzaw8t7f0inovcf9jwoq9peeq');
INSERT INTO "user_likes" ("user_id", "song_id") VALUES ('79b58fdql3wtxea', '5ccfvvppxdkd892rd7i1015v9pmbmozzzh143w1rllrkcwzdra');
INSERT INTO "user_likes" ("user_id", "song_id") VALUES ('79b58fdql3wtxea', 'qbae8skw0191pu0dcnekcl6oarunc8jrxweaayhlug87aha4xe');
INSERT INTO "user_likes" ("user_id", "song_id") VALUES ('79b58fdql3wtxea', '2c0y83khmi1hka4kbz3lbfx3ee3eegu9xu3gvtc0xlrke0sxx7');
INSERT INTO "user_likes" ("user_id", "song_id") VALUES ('79b58fdql3wtxea', 'oeyptrtwsqiuf7p2ys4spn7cnntvn1to800i1m6sphro11cmc0');
INSERT INTO "user_likes" ("user_id", "song_id") VALUES ('79b58fdql3wtxea', '7k1ett9fmn7n481g0a3tixn8a2mpp6aqz5fbjakqnyfwxh2o3p');
INSERT INTO "user_likes" ("user_id", "song_id") VALUES ('g4gvug5lhxstax6', 'ip929156853xsowdrrwqgrom470ai4g40l0rztzjxtanqtmf7j');
INSERT INTO "user_likes" ("user_id", "song_id") VALUES ('g4gvug5lhxstax6', 'e6gvscinahha6ffk2wea2c0h9g1p1r0hgi38z8900st358ivaa');
INSERT INTO "user_likes" ("user_id", "song_id") VALUES ('g4gvug5lhxstax6', '2ytwlgo023lowpa01vkn60is8su210re4uy4tku1vif9ckvhwq');
INSERT INTO "user_likes" ("user_id", "song_id") VALUES ('g4gvug5lhxstax6', 'go6v8hiprku8spcx8wvgf53vkymvypz8ge43l84skjjm59wmk8');
INSERT INTO "user_likes" ("user_id", "song_id") VALUES ('g4gvug5lhxstax6', '89g0fqh4eis4hl88xjfj1bg2qqvdya1mmlgopbxa5i65irnsxy');
INSERT INTO "user_likes" ("user_id", "song_id") VALUES ('g4gvug5lhxstax6', '0bwptmnwcji8c2h6xqlj6fezw5abl452h0wjxrg3j3zy0fezpi');
INSERT INTO "user_likes" ("user_id", "song_id") VALUES ('g4gvug5lhxstax6', 'hgi3nqz029egm2t6ihtcrefwvrhb2kbt2h15dz15z7zi9d0q5f');
INSERT INTO "user_likes" ("user_id", "song_id") VALUES ('g4gvug5lhxstax6', 'g5l5br3u1zca7xnmm4o6yq01nwtnwomh9lq6jy5zvkg9gmdt6j');
INSERT INTO "user_likes" ("user_id", "song_id") VALUES ('g4gvug5lhxstax6', 'i3ib4vi6mqo6zueryt4oqpel8nc1glfei0ppmcv3gf4ms58ut9');
INSERT INTO "user_likes" ("user_id", "song_id") VALUES ('g4gvug5lhxstax6', 'mspt4lk8g96pz0kyqos9omkgp6ilox7kz2lgihcafglf2n8h25');
INSERT INTO "user_likes" ("user_id", "song_id") VALUES ('g4gvug5lhxstax6', '2u52nyjhchz5au4xdfxz94zn44cvbocj86ycxxy9vbyfleb6td');
INSERT INTO "user_likes" ("user_id", "song_id") VALUES ('g4gvug5lhxstax6', 'ic1pbl714s3kojg4tv4u64tia0naw0fg184gbjxvijysjhpy2o');
INSERT INTO "user_likes" ("user_id", "song_id") VALUES ('g4gvug5lhxstax6', 'zmutmjr451rg5y3nzbmmh6ln9gh809yu3j41qp2e0zcrd3esr2');
INSERT INTO "user_likes" ("user_id", "song_id") VALUES ('g4gvug5lhxstax6', 'y1gqgf8gf7tlsrsnoy8zoa5dnob4pnt07xj4lbn81rh6vd25vd');
INSERT INTO "user_likes" ("user_id", "song_id") VALUES ('g4gvug5lhxstax6', 'pj02gluqh0zcdlxcte9gy2viyh15q3c76hp17ietmpdne6ey02');
INSERT INTO "user_likes" ("user_id", "song_id") VALUES ('yocz02fm1a079fo', 'v1od7w9knwbyoqwa0o76guqpjzd6tjnni7wsca8d5gdml6pc49');
INSERT INTO "user_likes" ("user_id", "song_id") VALUES ('yocz02fm1a079fo', 'sjn4s353fdccu72h985v1xuy1vrndhe49t9r7w74y4ychg3hyl');
INSERT INTO "user_likes" ("user_id", "song_id") VALUES ('yocz02fm1a079fo', 'cqfp7zk9xqhfwt18pb34x9o2at2bk1on2xb1z6i5fq4kxa16jc');
INSERT INTO "user_likes" ("user_id", "song_id") VALUES ('yocz02fm1a079fo', 'wgu4erzqjj5cyfx6o30ot44wjaqglvpk69edxgra7z2pd5ovue');
INSERT INTO "user_likes" ("user_id", "song_id") VALUES ('yocz02fm1a079fo', '3vumj6vr8xzsika50pozn8ca4hyyyfsqwxdjhvnru8fez1cl6e');
INSERT INTO "user_likes" ("user_id", "song_id") VALUES ('yocz02fm1a079fo', 'dqamd1pe0qhwoib99kqmw6lzvxylwp8y8bdo1zvr1m5hdflrqg');
INSERT INTO "user_likes" ("user_id", "song_id") VALUES ('yocz02fm1a079fo', 'o1duc4t8l008oc28bbjpqv5m0506o9dbe0mrek5lsfnnhjyx0b');
INSERT INTO "user_likes" ("user_id", "song_id") VALUES ('yocz02fm1a079fo', 'w8cw1rblnfcn4hicz4pb7p0zg73gseqsiftpr0xux46n4fjzwg');
INSERT INTO "user_likes" ("user_id", "song_id") VALUES ('yocz02fm1a079fo', '2u52nyjhchz5au4xdfxz94zn44cvbocj86ycxxy9vbyfleb6td');
INSERT INTO "user_likes" ("user_id", "song_id") VALUES ('yocz02fm1a079fo', 'e6gvscinahha6ffk2wea2c0h9g1p1r0hgi38z8900st358ivaa');
INSERT INTO "user_likes" ("user_id", "song_id") VALUES ('yocz02fm1a079fo', 'rpnvc98dfpy7vwgc0k6v0fxdaerb3oq78htf2kasuzbaqkcefd');
INSERT INTO "user_likes" ("user_id", "song_id") VALUES ('yocz02fm1a079fo', 'apvta40utwhgjoxkui10wrdwd98yy9lwufp94wsd7hvufplfz1');
INSERT INTO "user_likes" ("user_id", "song_id") VALUES ('yocz02fm1a079fo', 'wo1phqxan7vambvnj8ibhet3c719v7y5nz20us9tm8zsbyitak');
INSERT INTO "user_likes" ("user_id", "song_id") VALUES ('yocz02fm1a079fo', 'y1gqgf8gf7tlsrsnoy8zoa5dnob4pnt07xj4lbn81rh6vd25vd');
INSERT INTO "user_likes" ("user_id", "song_id") VALUES ('yocz02fm1a079fo', '8wefmujvlygkzvm2czwanunf9chmi6e0kyzubcqydhp5znequ4');
INSERT INTO "user_likes" ("user_id", "song_id") VALUES ('3qr122jiudidw3w', 'gbv678g9gh9lle2r9x5k9jins3dtb9w0vo442qgtdn2pfm8drj');
INSERT INTO "user_likes" ("user_id", "song_id") VALUES ('3qr122jiudidw3w', 'gazvx8pqxtjt9qa5g6q71blj3cyj182ofants0z5icz88ew7h3');
INSERT INTO "user_likes" ("user_id", "song_id") VALUES ('3qr122jiudidw3w', 'ahc8jaua3rgxo6drajycgqy3noa5iem7w613jm0nblwz757m6l');
INSERT INTO "user_likes" ("user_id", "song_id") VALUES ('3qr122jiudidw3w', 'bv5wi6lisowme9jybr33wpqng6ke1u9pah4a96rumq97ch2xos');
INSERT INTO "user_likes" ("user_id", "song_id") VALUES ('3qr122jiudidw3w', 'ic1pbl714s3kojg4tv4u64tia0naw0fg184gbjxvijysjhpy2o');
INSERT INTO "user_likes" ("user_id", "song_id") VALUES ('3qr122jiudidw3w', 'ehw42w39v0fxkvyrpet75cs1bu0rousngh6f7rx16ivbk4dz8q');
INSERT INTO "user_likes" ("user_id", "song_id") VALUES ('3qr122jiudidw3w', 'd45ale4efqag572l18cxmh2aekzpgrl5ye9hhulsi8c93vtdy7');
INSERT INTO "user_likes" ("user_id", "song_id") VALUES ('3qr122jiudidw3w', 'qdj60cq463oppcohhk8svaabe66a87uza5d16vvsz6182r6y0l');
INSERT INTO "user_likes" ("user_id", "song_id") VALUES ('3qr122jiudidw3w', 'ttisb34av7wrc4b3fbhlne3b8youm0o4k0fekz64p2ludxjumo');
INSERT INTO "user_likes" ("user_id", "song_id") VALUES ('3qr122jiudidw3w', 'v2o5z7u40y3es9m3or9vetgkculgiwyqqytwh7fz336wlorn4j');
INSERT INTO "user_likes" ("user_id", "song_id") VALUES ('3qr122jiudidw3w', '1ew64srlr5wnyarem6s0aukszgk3808zy39qwb7juhlsj5hs74');
INSERT INTO "user_likes" ("user_id", "song_id") VALUES ('3qr122jiudidw3w', 'uqe9dwjovn8xozinxwb89a1m4kbthdpiehps015hoaee2oj6e7');
INSERT INTO "user_likes" ("user_id", "song_id") VALUES ('3qr122jiudidw3w', 'wbmj6qeazrydjfy9m4c7r0eu4rj13dnmbwsghyq0k3xqip073k');
INSERT INTO "user_likes" ("user_id", "song_id") VALUES ('3qr122jiudidw3w', 'b398j5sigafjwtk82jj3meb1mfmuao6xp8fnqti956ouql335r');
INSERT INTO "user_likes" ("user_id", "song_id") VALUES ('3qr122jiudidw3w', '2e226eo0bsfpukgd7f11v6n2t2kinuxdgr23k9tv8uv66y3bam');
INSERT INTO "user_likes" ("user_id", "song_id") VALUES ('v257vydj7xn0nlh', 'y3tn434ftr3vb573y3iy19k5y4gjc26cd1dq83hcjbj4zpy2q2');
INSERT INTO "user_likes" ("user_id", "song_id") VALUES ('v257vydj7xn0nlh', 'lyghj9psriq65vuoxb0p5ppc1lgs2vc9umgg8fkigw9gztwq4j');
INSERT INTO "user_likes" ("user_id", "song_id") VALUES ('v257vydj7xn0nlh', 'aa4ttw9i9udos8hew0nr3se48bvudqxq7je43nos6t8a2cl16i');
INSERT INTO "user_likes" ("user_id", "song_id") VALUES ('v257vydj7xn0nlh', 'ec1sholhl3q95x3lxyy23zd17k9ttvqjcbxg1u2qlkqq9wqi01');
INSERT INTO "user_likes" ("user_id", "song_id") VALUES ('v257vydj7xn0nlh', 'p15gbh3t6u0b8gxgzsksaiaa0hdmlucb80dl882sn89zsp02y6');
INSERT INTO "user_likes" ("user_id", "song_id") VALUES ('v257vydj7xn0nlh', 'dmfb4jqeld6liq0hgqvf3511xs5e25cd63mfr2n7qssgs0tbvj');
INSERT INTO "user_likes" ("user_id", "song_id") VALUES ('v257vydj7xn0nlh', 'e9mh37fodlq82nifuh7kwz9emyjvhxzfkoszkr0mh2psw3vfqn');
INSERT INTO "user_likes" ("user_id", "song_id") VALUES ('v257vydj7xn0nlh', 'lygarft6wgpi3gybxs80bd5a6sj5741awlrpwkytqwcl2ocv7j');
INSERT INTO "user_likes" ("user_id", "song_id") VALUES ('v257vydj7xn0nlh', '9jb0ox6l3yva4o3kgcsvv9kpvjvxi2wpt5mi8ngqdwq0a6up5x');
INSERT INTO "user_likes" ("user_id", "song_id") VALUES ('v257vydj7xn0nlh', 'txevoxtz5mgh7axj2njeb9cwr6e8rwrwjyt5juknpaf98f128t');
INSERT INTO "user_likes" ("user_id", "song_id") VALUES ('v257vydj7xn0nlh', '3m9dgscc5gezlreemyqk2h1cqkhuy1f8aeyvzlcn03ccdolfk7');
INSERT INTO "user_likes" ("user_id", "song_id") VALUES ('v257vydj7xn0nlh', 's7xsbz925zx7mfn0xjyen0fy156mvohfbzin7l5h71i9bbcmzy');
INSERT INTO "user_likes" ("user_id", "song_id") VALUES ('v257vydj7xn0nlh', 'jvuh4gykdyx3n0tew3flit5xlipbdi1phql1mjhrc9ciaj5xjl');
INSERT INTO "user_likes" ("user_id", "song_id") VALUES ('v257vydj7xn0nlh', 't1ppafvv78iaqtt9mcux68et1rq9ov224mjhq6dfpdhbdfod7z');
INSERT INTO "user_likes" ("user_id", "song_id") VALUES ('v257vydj7xn0nlh', 'lrahra5oicqu0fux3gsxeb99u71yag7st3pz1pcvwd7ymjz2sm');
INSERT INTO "user_likes" ("user_id", "song_id") VALUES ('5ov38nso4d495p3', '3k1xpc9jillq1kix1odkiuk2xo8s6z7418owlksl8erfdca1pc');
INSERT INTO "user_likes" ("user_id", "song_id") VALUES ('5ov38nso4d495p3', 'jgqo619wp1xgetfjspf7ugi13rml4i3vh6gmzcv2w0v12cfugl');
INSERT INTO "user_likes" ("user_id", "song_id") VALUES ('5ov38nso4d495p3', 'astts0995v1qwa1w498l2lq9xxfy05evb02tmsm8gez5arp19e');
INSERT INTO "user_likes" ("user_id", "song_id") VALUES ('5ov38nso4d495p3', 'vlqkptpa0o805lie7pe2l7jl7u2v5didvpiypd0htibdq15zim');
INSERT INTO "user_likes" ("user_id", "song_id") VALUES ('5ov38nso4d495p3', '4uozw2nw3mb9xj282w45zhep78bswn103wc1axmalhp622llkp');
INSERT INTO "user_likes" ("user_id", "song_id") VALUES ('5ov38nso4d495p3', 'n97mkl70isaxlnzbdgza9sz5qc0r9is7fmqtsgpzpzvi2vc2qv');
INSERT INTO "user_likes" ("user_id", "song_id") VALUES ('5ov38nso4d495p3', 'ncowl61c1xrurf6vfdc7goj5bcsx7ly37s2ux8dm7wzserhsi5');
INSERT INTO "user_likes" ("user_id", "song_id") VALUES ('5ov38nso4d495p3', '05lr6b9s9jauocinozp40qki2me9143396oj2sbwcdh22m9i9y');
INSERT INTO "user_likes" ("user_id", "song_id") VALUES ('5ov38nso4d495p3', 'tzap2xpoccfl6rc6ywk49ofqb01jgkgs3nj0hmvb5a1hvtp6jz');
INSERT INTO "user_likes" ("user_id", "song_id") VALUES ('5ov38nso4d495p3', '95vj72c3fucn0yjq91nxvaphw2r5m5tjyviq3l25exa2fcgd34');
INSERT INTO "user_likes" ("user_id", "song_id") VALUES ('5ov38nso4d495p3', 'hghxi3lljowhqzqyasalfs3j1t7xm8t4099f9xrldf160vke9n');
INSERT INTO "user_likes" ("user_id", "song_id") VALUES ('5ov38nso4d495p3', 'rzim8x8c5oekgpecgc0enc8n2kccb1j1d04loppoqf2ahze9tc');
INSERT INTO "user_likes" ("user_id", "song_id") VALUES ('5ov38nso4d495p3', '2xu4sblqoub7sruvhztlfxj23wzaw8t7f0inovcf9jwoq9peeq');
INSERT INTO "user_likes" ("user_id", "song_id") VALUES ('5ov38nso4d495p3', 'jvuh4gykdyx3n0tew3flit5xlipbdi1phql1mjhrc9ciaj5xjl');
INSERT INTO "user_likes" ("user_id", "song_id") VALUES ('5ov38nso4d495p3', 'o1duc4t8l008oc28bbjpqv5m0506o9dbe0mrek5lsfnnhjyx0b');
INSERT INTO "user_likes" ("user_id", "song_id") VALUES ('dt5rag4r50ufszn', '4kcxxq8r78cb73kars8tva93sw8sfaag3u9ohghsijbm4x9dyv');
INSERT INTO "user_likes" ("user_id", "song_id") VALUES ('dt5rag4r50ufszn', '95vj72c3fucn0yjq91nxvaphw2r5m5tjyviq3l25exa2fcgd34');
INSERT INTO "user_likes" ("user_id", "song_id") VALUES ('dt5rag4r50ufszn', 'zg5mhqgnx79enj6xpd80tcp2oq3reyfe92lonrhpz5n5w6s75e');
INSERT INTO "user_likes" ("user_id", "song_id") VALUES ('dt5rag4r50ufszn', 'xyouboj9zk6lwcxm8bnan2nrsdnupdvze6pz2b3gr4cc1vywb1');
INSERT INTO "user_likes" ("user_id", "song_id") VALUES ('dt5rag4r50ufszn', 'zqa4af57ncylydpu17dp1aul5poys5rcyow2hqk8ck3in8tk1y');
INSERT INTO "user_likes" ("user_id", "song_id") VALUES ('dt5rag4r50ufszn', 'a7zrkuhvtan30scu5sek8ivub9lpwy52h2b074he3gwinjawy3');
INSERT INTO "user_likes" ("user_id", "song_id") VALUES ('dt5rag4r50ufszn', 'zjdz9q2y8gwqqkt6kvyhhwruy12bmzfv3utfd5tdcpe1q8un0v');
INSERT INTO "user_likes" ("user_id", "song_id") VALUES ('dt5rag4r50ufszn', 'd46xolc647hsmqeapk4o1qriycfs2uw5rddi7275zl9z90y0ps');
INSERT INTO "user_likes" ("user_id", "song_id") VALUES ('dt5rag4r50ufszn', 'v9goq5vxou8c33mbq4hyu3ycls8s4jif6jlh6w6qa63y2s7qjy');
INSERT INTO "user_likes" ("user_id", "song_id") VALUES ('dt5rag4r50ufszn', 'x3r87c7b551v9cvcvk7roa1679lvy66u6gqoo5se5m66dn4uq1');
INSERT INTO "user_likes" ("user_id", "song_id") VALUES ('dt5rag4r50ufszn', 'r9f0xpawdhrjvtnio8jbo8obm6tn3zczuw5omxmzxtd2liizdx');
INSERT INTO "user_likes" ("user_id", "song_id") VALUES ('dt5rag4r50ufszn', 'gbv678g9gh9lle2r9x5k9jins3dtb9w0vo442qgtdn2pfm8drj');
INSERT INTO "user_likes" ("user_id", "song_id") VALUES ('dt5rag4r50ufszn', 'ttisb34av7wrc4b3fbhlne3b8youm0o4k0fekz64p2ludxjumo');
INSERT INTO "user_likes" ("user_id", "song_id") VALUES ('dt5rag4r50ufszn', 'fago9dkhyr15aq9n3i88ds143thct0n8g25n5cqcf457nk6vqy');
INSERT INTO "user_likes" ("user_id", "song_id") VALUES ('dt5rag4r50ufszn', 'x71k3pkf8wsq46aqod1max4hsvhz8p8qk8qmhcubd5761c64bv');
INSERT INTO "user_likes" ("user_id", "song_id") VALUES ('9ln6wtyyg7t74yj', 'wbmj6qeazrydjfy9m4c7r0eu4rj13dnmbwsghyq0k3xqip073k');
INSERT INTO "user_likes" ("user_id", "song_id") VALUES ('9ln6wtyyg7t74yj', '6yubjx64r7234yodpjjpywq7tg979h51w9f7fz9el2q1yy49wh');
INSERT INTO "user_likes" ("user_id", "song_id") VALUES ('9ln6wtyyg7t74yj', 'su25k8o11ce8pmf7gj2b5l7ta6wr41e3klncxje124o9qhkh9t');
INSERT INTO "user_likes" ("user_id", "song_id") VALUES ('9ln6wtyyg7t74yj', 'qdj60cq463oppcohhk8svaabe66a87uza5d16vvsz6182r6y0l');
INSERT INTO "user_likes" ("user_id", "song_id") VALUES ('9ln6wtyyg7t74yj', '0zk1masxx73l2eve022vintx9wju1lv9ziz734tkot7qm9etzg');
INSERT INTO "user_likes" ("user_id", "song_id") VALUES ('9ln6wtyyg7t74yj', 'wff079sfc5bhqyb3twj50hr7glzack3nobwv5x497jinw08gvd');
INSERT INTO "user_likes" ("user_id", "song_id") VALUES ('9ln6wtyyg7t74yj', 'y5c6op6cbxuab72h88tog2aliefni8pzcs9z6rawudbu199zmo');
INSERT INTO "user_likes" ("user_id", "song_id") VALUES ('9ln6wtyyg7t74yj', '6dkx9v8378qswyeshdzk0r25yqkvska8rvxac872dch6w4v7bb');
INSERT INTO "user_likes" ("user_id", "song_id") VALUES ('9ln6wtyyg7t74yj', 'lq48tcm2k343edmyl2k6rsjff2ookvbo6d1aq2tuwnkn67d6sc');
INSERT INTO "user_likes" ("user_id", "song_id") VALUES ('9ln6wtyyg7t74yj', 'hyn8diuxxu1efk76r7ma8pqjpgyh6wjjuxuewhh02spx7f1lvx');
INSERT INTO "user_likes" ("user_id", "song_id") VALUES ('9ln6wtyyg7t74yj', 'd45ale4efqag572l18cxmh2aekzpgrl5ye9hhulsi8c93vtdy7');
INSERT INTO "user_likes" ("user_id", "song_id") VALUES ('9ln6wtyyg7t74yj', '4k7zy3pm7rtuokqb7vdr13t62nkkmr997tc1drcecrjfgmy1t1');
INSERT INTO "user_likes" ("user_id", "song_id") VALUES ('9ln6wtyyg7t74yj', 'i8fge2jlhuhre75cuu4m1h74x05hbyakchlpf4r8tzoc29513a');
INSERT INTO "user_likes" ("user_id", "song_id") VALUES ('9ln6wtyyg7t74yj', 'eviransr2mcsrtm3dpm781uiau3x84okejkopm5dyyr42f9de4');
INSERT INTO "user_likes" ("user_id", "song_id") VALUES ('9ln6wtyyg7t74yj', 'x30zqb73ddzdozm5b7577yy8ghnrebau72o62nb9gm7t4n5h9c');
INSERT INTO "user_likes" ("user_id", "song_id") VALUES ('ngilninmjxbbaxf', 'lcdgwtwh80fkza73g1pzc6kimngiup7p33ysk52dgfgceykr1q');
INSERT INTO "user_likes" ("user_id", "song_id") VALUES ('ngilninmjxbbaxf', 'bv5wi6lisowme9jybr33wpqng6ke1u9pah4a96rumq97ch2xos');
INSERT INTO "user_likes" ("user_id", "song_id") VALUES ('ngilninmjxbbaxf', '3ejxl0z9epqqv5zryyf0kc6cgef9djqfs0bayq4pq88sk7xc58');
INSERT INTO "user_likes" ("user_id", "song_id") VALUES ('ngilninmjxbbaxf', '2zjtcb3rl5aizkbjvrn8ce2u7n2xh3j3yv4hgjodan99sxzhly');
INSERT INTO "user_likes" ("user_id", "song_id") VALUES ('ngilninmjxbbaxf', 'z1fcpdfite5blqui3614lpylg5q0l43in5egdm206s4nsidix8');
INSERT INTO "user_likes" ("user_id", "song_id") VALUES ('ngilninmjxbbaxf', 'e5hpn0zk9fq4rsa490u0aew8bmsck97kugm9pfp4sp4lssahqg');
INSERT INTO "user_likes" ("user_id", "song_id") VALUES ('ngilninmjxbbaxf', 'rpnvc98dfpy7vwgc0k6v0fxdaerb3oq78htf2kasuzbaqkcefd');
INSERT INTO "user_likes" ("user_id", "song_id") VALUES ('ngilninmjxbbaxf', '8lsvporcbdwoda6b6xaev99cdeggl0n68gum33xqh10fb3ajyr');
INSERT INTO "user_likes" ("user_id", "song_id") VALUES ('ngilninmjxbbaxf', 'd11u0o6p75seqhe3jc6jr413l6j0ot224oiyewxcw97b90ok83');
INSERT INTO "user_likes" ("user_id", "song_id") VALUES ('ngilninmjxbbaxf', 'x5yg0s15fiy54w0ipx1eoevzbyzm6joe1mrph9tfyxw02qraun');
INSERT INTO "user_likes" ("user_id", "song_id") VALUES ('ngilninmjxbbaxf', '6vrxah50xakfknq12txvkngjzwxcfn43skohx6re8lays3i2jr');
INSERT INTO "user_likes" ("user_id", "song_id") VALUES ('ngilninmjxbbaxf', 'q4cd3y0e2ufi31ufuihamef2nu4qf7n9o6mhdumy40pg07x19x');
INSERT INTO "user_likes" ("user_id", "song_id") VALUES ('ngilninmjxbbaxf', '31nz28gkfp1j5evaqka1u9vxxbqzsip8g6q5yfv9l3w364rrlj');
INSERT INTO "user_likes" ("user_id", "song_id") VALUES ('ngilninmjxbbaxf', 'n97mkl70isaxlnzbdgza9sz5qc0r9is7fmqtsgpzpzvi2vc2qv');
INSERT INTO "user_likes" ("user_id", "song_id") VALUES ('ngilninmjxbbaxf', '1ew64srlr5wnyarem6s0aukszgk3808zy39qwb7juhlsj5hs74');
INSERT INTO "user_likes" ("user_id", "song_id") VALUES ('icqlt67n2fd7p34', 'zg5mhqgnx79enj6xpd80tcp2oq3reyfe92lonrhpz5n5w6s75e');
INSERT INTO "user_likes" ("user_id", "song_id") VALUES ('icqlt67n2fd7p34', '6xzk598jm6zks9yz7vr4psqy00ggos3o26ts0smzbgxs5aouf5');
INSERT INTO "user_likes" ("user_id", "song_id") VALUES ('icqlt67n2fd7p34', 'k9p0gbozavrj6r1nc6290i5qf9rhjgq6zmnfjhstvylqaeaw5t');
INSERT INTO "user_likes" ("user_id", "song_id") VALUES ('icqlt67n2fd7p34', 'z1fcpdfite5blqui3614lpylg5q0l43in5egdm206s4nsidix8');
INSERT INTO "user_likes" ("user_id", "song_id") VALUES ('icqlt67n2fd7p34', '72w1b86md4tu1fmsuy03jkjk1tgv46cke6z6wyw3887eppesuo');
INSERT INTO "user_likes" ("user_id", "song_id") VALUES ('icqlt67n2fd7p34', 'sq34zl9m0tdikxy32flthrdjc9ow98ns75v6yv9uw8inoh7i90');
INSERT INTO "user_likes" ("user_id", "song_id") VALUES ('icqlt67n2fd7p34', 'vxtouxm5yx63w81phgpkzhw5wlif5iqomt8ka3qe3iuxzfknt5');
INSERT INTO "user_likes" ("user_id", "song_id") VALUES ('icqlt67n2fd7p34', 'm6plkuhfguydp1mo23tl1woqpjnicdau4c2k9kxb4usq55sjwm');
INSERT INTO "user_likes" ("user_id", "song_id") VALUES ('icqlt67n2fd7p34', 'f3y2bng2wqrh03qzb2np4hh5923gduoe34au73kdypoa26vp5c');
INSERT INTO "user_likes" ("user_id", "song_id") VALUES ('icqlt67n2fd7p34', '2bl2knghchqxnq1maw3upvkk3q6e5g52e7edn2m7einkxx0c4q');
INSERT INTO "user_likes" ("user_id", "song_id") VALUES ('icqlt67n2fd7p34', 'm4i0lan9f4c1ceda6w9gtpeeuwe5sdrsifrn9ry3samyikpcun');
INSERT INTO "user_likes" ("user_id", "song_id") VALUES ('icqlt67n2fd7p34', 'jg5st4jx2nhax6qxatwky468vm6fpg3d2vshtysa5pu897woed');
INSERT INTO "user_likes" ("user_id", "song_id") VALUES ('icqlt67n2fd7p34', 'p4hdkcv4eaz9n99bs1o0xkzgktx9vcjynyxondppja0h7mw46s');
INSERT INTO "user_likes" ("user_id", "song_id") VALUES ('icqlt67n2fd7p34', 'szqfxxfufh5nr79ziomq6dn7rq25drgc9uwd4wpruq5red5f1k');
INSERT INTO "user_likes" ("user_id", "song_id") VALUES ('icqlt67n2fd7p34', 'vi7nj6l3yfpeimc0q0ik0g5x5yi1rjr731r2u06g3x30j21qii');
-- User Song Recommendations
INSERT INTO "user_song_recommendations" ("id", "user_id", "song_id", "created_at") VALUES ('hzl7zqc85lm8s3ndxlwfzs6hh4olvbds4kvgiequ7mql8az6s1', '5ii5huqrlq3s15v', 'nwptpt1zhvu09u5v2u7tobiy5caopsx2ltn7tpjls4kku9f9y6', '2023-11-17 17:00:08.000');
INSERT INTO "user_song_recommendations" ("id", "user_id", "song_id", "created_at") VALUES ('9syknslf9axizpkoifnk2egxugswq682lj5fgu7legmlgi5mos', '5ii5huqrlq3s15v', 'y3tn434ftr3vb573y3iy19k5y4gjc26cd1dq83hcjbj4zpy2q2', '2023-11-17 17:00:08.000');
INSERT INTO "user_song_recommendations" ("id", "user_id", "song_id", "created_at") VALUES ('o25r00enh7uryqyfroo9gevkez9ueadelb1k8l17a6er8cz0kz', '5ii5huqrlq3s15v', 'rzim8x8c5oekgpecgc0enc8n2kccb1j1d04loppoqf2ahze9tc', '2023-11-17 17:00:08.000');
INSERT INTO "user_song_recommendations" ("id", "user_id", "song_id", "created_at") VALUES ('681we0kvo8w4yzgdieegzvarbnyjkh7orst9p4jqs3pgqs7rwb', '5ii5huqrlq3s15v', 'kwwej20spj2wvi029kmze68sco124ocd642gy994hxfc40zn8a', '2023-11-17 17:00:08.000');
INSERT INTO "user_song_recommendations" ("id", "user_id", "song_id", "created_at") VALUES ('8lmym8aweijyswgefe22ggxvyyrztlvs2ferm4o7w63d1zje07', '5ii5huqrlq3s15v', 'nq8jbjqesspf1qchzxbg3809esit64t5df5o2sr6xb2wywscd6', '2023-11-17 17:00:08.000');
INSERT INTO "user_song_recommendations" ("id", "user_id", "song_id", "created_at") VALUES ('dpk1z8q8zbc5ekrghg8km7tuxntdr5hiaubxtgt7mnzeed81rk', '5ii5huqrlq3s15v', 'ursgtho05mrhq0gwqnrsaja9fwut2nc85f8m5v5xvqwmagrab1', '2023-11-17 17:00:08.000');
INSERT INTO "user_song_recommendations" ("id", "user_id", "song_id", "created_at") VALUES ('3fmys1lqzrevuaujgm6tuzund275tk4114rnovfcmfhmpzyepy', '5ii5huqrlq3s15v', 'zlk8wbc902s7nd8sdrmv4384shg2rnjlrcmspstkbf9swwmbgc', '2023-11-17 17:00:08.000');
INSERT INTO "user_song_recommendations" ("id", "user_id", "song_id", "created_at") VALUES ('fpiwkreip4nis5r9iiyllevsrmghsq68tqaxedvxydfuq6t59t', '5ii5huqrlq3s15v', 'txevoxtz5mgh7axj2njeb9cwr6e8rwrwjyt5juknpaf98f128t', '2023-11-17 17:00:08.000');
INSERT INTO "user_song_recommendations" ("id", "user_id", "song_id", "created_at") VALUES ('tmxgsejglfu5soq4ht8dylvgaxi54oucgcbob4exasntw44atf', '79b58fdql3wtxea', 'ovi65a5cx764fqsn0vrpldxekycf3pqf56uubyfdsk9uiw7edq', '2023-11-17 17:00:08.000');
INSERT INTO "user_song_recommendations" ("id", "user_id", "song_id", "created_at") VALUES ('xhvsd5z76j81pc63qaj0l3xsg3ays4frlool298y5jnojm5m4z', '79b58fdql3wtxea', 'vlqkptpa0o805lie7pe2l7jl7u2v5didvpiypd0htibdq15zim', '2023-11-17 17:00:08.000');
INSERT INTO "user_song_recommendations" ("id", "user_id", "song_id", "created_at") VALUES ('303yszbjvssv40q2nwut7epuc3uc7bj0qcw1x0zhtm3cmrfdf1', '79b58fdql3wtxea', 'ty2x94i646d3ktwzs3h2nj5jv2uxxdtcx7au4iw9gm0ge2lwne', '2023-11-17 17:00:08.000');
INSERT INTO "user_song_recommendations" ("id", "user_id", "song_id", "created_at") VALUES ('wxr5fsb7ptsb1mqref9gk3j1cry9jbrn1q7n1kks0wgh9irtss', '79b58fdql3wtxea', 'g8zp11in6y1tvtnaggvecdh95zjevc846etga8fhsjxmcij0z8', '2023-11-17 17:00:08.000');
INSERT INTO "user_song_recommendations" ("id", "user_id", "song_id", "created_at") VALUES ('qoz35ak8llswx6mwelbadw4jlagpnqnrcd5u2al2gcju86z0uu', '79b58fdql3wtxea', 'wo1phqxan7vambvnj8ibhet3c719v7y5nz20us9tm8zsbyitak', '2023-11-17 17:00:08.000');
INSERT INTO "user_song_recommendations" ("id", "user_id", "song_id", "created_at") VALUES ('d1zdrjpz2obypp5cnrk1j89y3st5g9b5c14ysrut7bqs8nzf4b', '79b58fdql3wtxea', 'wgu4erzqjj5cyfx6o30ot44wjaqglvpk69edxgra7z2pd5ovue', '2023-11-17 17:00:08.000');
INSERT INTO "user_song_recommendations" ("id", "user_id", "song_id", "created_at") VALUES ('8rhvm5zxv4y8hp65f9cg8j7gynx3h9g34awczlagljtwhyivsr', '79b58fdql3wtxea', '467no6tsztu9xj6raaczkd4jrkrgzd5fwtvtdxm77zogtqv9vj', '2023-11-17 17:00:08.000');
INSERT INTO "user_song_recommendations" ("id", "user_id", "song_id", "created_at") VALUES ('w0o18193ftut7ga4nasw4a76v0wusuq81ixjrdptg6vp9wacjq', '79b58fdql3wtxea', 'zb0adgflrhgf4bfacvw8e8ntlc13y3ojpc8yf8xhbpvjn568bs', '2023-11-17 17:00:08.000');
INSERT INTO "user_song_recommendations" ("id", "user_id", "song_id", "created_at") VALUES ('oye0s5d970khc6vo1o7fyoke8njzzyfnuvmidbe2t3qg8sjehj', 'g4gvug5lhxstax6', 'z4naw3b7h2lkyk85a209njrze8qz5dupkysl61lqa01mz286fr', '2023-11-17 17:00:08.000');
INSERT INTO "user_song_recommendations" ("id", "user_id", "song_id", "created_at") VALUES ('p386ojq2ihz14b5p8ow7vnz8xcowwk5fu9f5bb7w7yf68e5oe3', 'g4gvug5lhxstax6', 'i7qzormljtlcsdh7p9tgo51xzhakrz1yg7pq3zj8bqg867uexe', '2023-11-17 17:00:08.000');
INSERT INTO "user_song_recommendations" ("id", "user_id", "song_id", "created_at") VALUES ('h3699mchy5eulmwqsu7yjsc5p1fz0zix8g5brc9xwfi453ggff', 'g4gvug5lhxstax6', '50h5m7pq8eskdgw638piuptpzc2l22z0ujr2xrc3abnxfckdo8', '2023-11-17 17:00:08.000');
INSERT INTO "user_song_recommendations" ("id", "user_id", "song_id", "created_at") VALUES ('ugocl6fm6cityu068iqfp1ly1xc6f9rho4kev5enoevdvxs2ur', 'g4gvug5lhxstax6', 'g8zp11in6y1tvtnaggvecdh95zjevc846etga8fhsjxmcij0z8', '2023-11-17 17:00:08.000');
INSERT INTO "user_song_recommendations" ("id", "user_id", "song_id", "created_at") VALUES ('fpzxcagfpp9er6dvkitn0kw5jta0e3l6junhkuv1knvdc392uh', 'g4gvug5lhxstax6', 'lqudaf2jfmwejtygsurfhk165wt65hctfw9ovhlod9opd2fpd9', '2023-11-17 17:00:08.000');
INSERT INTO "user_song_recommendations" ("id", "user_id", "song_id", "created_at") VALUES ('6i127bvnela4hlk58opatye9csu6xzajg61lwwk58hvkak5syg', 'g4gvug5lhxstax6', 'mw1oo7ftxi9knt0zjns4js59m7lkol7i9nd7etnrzw3if7ikv9', '2023-11-17 17:00:08.000');
INSERT INTO "user_song_recommendations" ("id", "user_id", "song_id", "created_at") VALUES ('y0wm160qsknvwhvsa4jdhre6y1wk9qcnhmdvf001dy5c4xsrhq', 'g4gvug5lhxstax6', 'icxla4zb0oytw63yvmt0zsxciafpumyz8vdnsthaxlr9kfwccj', '2023-11-17 17:00:08.000');
INSERT INTO "user_song_recommendations" ("id", "user_id", "song_id", "created_at") VALUES ('w3ufhkzoucpsf10sl4088li3qh7wofxvyh4v6pj3x6rpr9vxcq', 'g4gvug5lhxstax6', '3vumj6vr8xzsika50pozn8ca4hyyyfsqwxdjhvnru8fez1cl6e', '2023-11-17 17:00:08.000');
INSERT INTO "user_song_recommendations" ("id", "user_id", "song_id", "created_at") VALUES ('zgkhhu46fzreuhgz6na2dwkem2klmepd41930nw57bkyj6321d', 'yocz02fm1a079fo', 'lyghj9psriq65vuoxb0p5ppc1lgs2vc9umgg8fkigw9gztwq4j', '2023-11-17 17:00:08.000');
INSERT INTO "user_song_recommendations" ("id", "user_id", "song_id", "created_at") VALUES ('fhds7ynucgzs459r52fe5f5i84v7eqnbj3drgwrm9nn1xln48t', 'yocz02fm1a079fo', 'g9epnmcvk2xpoaz64ikqx1hspjwjhm91b66e6suw9yy7gbhnlm', '2023-11-17 17:00:08.000');
INSERT INTO "user_song_recommendations" ("id", "user_id", "song_id", "created_at") VALUES ('gxz4gdeijtlsdypji9sot916hno8893ik0yi6cjw7n7qccxty6', 'yocz02fm1a079fo', 'x4hnsgvl7yg39mq9kf38ay8tscrlsvugu9rlcu06eyf8sgm8ai', '2023-11-17 17:00:08.000');
INSERT INTO "user_song_recommendations" ("id", "user_id", "song_id", "created_at") VALUES ('knslhp2q1vu9o45xnapappuzysxuc5lrvjr2268hedkcrkjmyn', 'yocz02fm1a079fo', 'tirrhpzzf0sdv4wy5pxb8cus9x2imkh8st06jqj6vcguh9rt29', '2023-11-17 17:00:08.000');
INSERT INTO "user_song_recommendations" ("id", "user_id", "song_id", "created_at") VALUES ('hircu09a4y0r5uvn1e9unwej2j3upq6f6dqheq59usz6pqgw26', 'yocz02fm1a079fo', 'tm6uy30s8kcjye70ech5xkabkoh4asjs2y3rexu5aceqd64eya', '2023-11-17 17:00:08.000');
INSERT INTO "user_song_recommendations" ("id", "user_id", "song_id", "created_at") VALUES ('4dx2n9klkg92yye8341gur3vm1dip8kcbllpn5zw6sjgun2jwp', 'yocz02fm1a079fo', 'z1e9vhu8fk6d7mifdb62lva6ql77hmv7uduit2nixbs4yeg3s4', '2023-11-17 17:00:08.000');
INSERT INTO "user_song_recommendations" ("id", "user_id", "song_id", "created_at") VALUES ('drray2m8idfedq72bsrsfvur7gvq68uh97zdjixo5m8luy7rvj', 'yocz02fm1a079fo', 'ehw42w39v0fxkvyrpet75cs1bu0rousngh6f7rx16ivbk4dz8q', '2023-11-17 17:00:08.000');
INSERT INTO "user_song_recommendations" ("id", "user_id", "song_id", "created_at") VALUES ('q8b34rxi6ool003sgj4t1f2haxk7gzifwmdy6g4y8uqkq0epv1', 'yocz02fm1a079fo', 'm1m82vbosu177pjcqiuwv9ezaid7s81iwq4iytuu1e3j6xq6dl', '2023-11-17 17:00:08.000');
INSERT INTO "user_song_recommendations" ("id", "user_id", "song_id", "created_at") VALUES ('qqq6qim1z7iwx3ssnh7o5lxokqk19udy6ywu9w871508n4dd4v', '3qr122jiudidw3w', 'mf6vyl9znfsth62t0h6fgjjfmik17kxf1ddtaff48ayijl1ac4', '2023-11-17 17:00:08.000');
INSERT INTO "user_song_recommendations" ("id", "user_id", "song_id", "created_at") VALUES ('rua8pg370bl4eq017nsi62pmk43opgcwtsu6att120796dlt6h', '3qr122jiudidw3w', 's1znquns0znjuqjprciq17vx285r4hf06rybwbehunmq7jcfr0', '2023-11-17 17:00:08.000');
INSERT INTO "user_song_recommendations" ("id", "user_id", "song_id", "created_at") VALUES ('tnzmxr36hog7mceuonafasy328pa19lo1v3z1ek4zfnsug04t1', '3qr122jiudidw3w', 'vxtouxm5yx63w81phgpkzhw5wlif5iqomt8ka3qe3iuxzfknt5', '2023-11-17 17:00:08.000');
INSERT INTO "user_song_recommendations" ("id", "user_id", "song_id", "created_at") VALUES ('6zaeadsebghd91at70fjtw0exneielwpc7n55hohqhvcii86wv', '3qr122jiudidw3w', '57y2hnk80wyqxq7sfhgcepfejws9mbg8305w77jamgzqtgtxe7', '2023-11-17 17:00:08.000');
INSERT INTO "user_song_recommendations" ("id", "user_id", "song_id", "created_at") VALUES ('sae22pwnqn6ddi60wyjyokh0quhv59ic1s3cbpnfh35vmf4kaj', '3qr122jiudidw3w', 'geezk4aae9vzdr37w2jmla8xqlkqsdfxcejonrv9539d5979gm', '2023-11-17 17:00:08.000');
INSERT INTO "user_song_recommendations" ("id", "user_id", "song_id", "created_at") VALUES ('57b9ebmdfi9wejl6l9h85d2x9z8xyypz0w2b2oj62kjaypzvit', '3qr122jiudidw3w', 'dmfb4jqeld6liq0hgqvf3511xs5e25cd63mfr2n7qssgs0tbvj', '2023-11-17 17:00:08.000');
INSERT INTO "user_song_recommendations" ("id", "user_id", "song_id", "created_at") VALUES ('p86e6p8gfxnfoo9jasm7jf41clz6tlrfk1e6qgpg7kunrdo71d', '3qr122jiudidw3w', 'nf5anmxxbv3wlwu0516bdg4mt9515mexc219uud7cvgskvdltp', '2023-11-17 17:00:08.000');
INSERT INTO "user_song_recommendations" ("id", "user_id", "song_id", "created_at") VALUES ('r1eglm5fic1ch5pbnctp1pwk2zs5oxlyl4bf4cxn3y4ch2mej8', '3qr122jiudidw3w', 'ncowl61c1xrurf6vfdc7goj5bcsx7ly37s2ux8dm7wzserhsi5', '2023-11-17 17:00:08.000');
INSERT INTO "user_song_recommendations" ("id", "user_id", "song_id", "created_at") VALUES ('ool71iv765b1kv4nkyt410g263ercgpeu5t0eg9quefwtxai8b', 'v257vydj7xn0nlh', 'ob4sb91wwirashkj31in2v52aim1l2tzxgishypcj1fo21ni2h', '2023-11-17 17:00:08.000');
INSERT INTO "user_song_recommendations" ("id", "user_id", "song_id", "created_at") VALUES ('nrdlk63ibr4kevndzjmoged4r2898wk2greuzd7eer9gerwcey', 'v257vydj7xn0nlh', 'l419ch2u2jlfy4bv3erne3ran3fvri0iv9279ynjn6grl9ddwd', '2023-11-17 17:00:08.000');
INSERT INTO "user_song_recommendations" ("id", "user_id", "song_id", "created_at") VALUES ('wyjhs4rq6mh16zae02qd8895fuemzdsap0oqbpxa7t6eedx5uw', 'v257vydj7xn0nlh', '3vumj6vr8xzsika50pozn8ca4hyyyfsqwxdjhvnru8fez1cl6e', '2023-11-17 17:00:08.000');
INSERT INTO "user_song_recommendations" ("id", "user_id", "song_id", "created_at") VALUES ('3gzixwau71h5y5zucrruim8s3tq252cpd9owo86pptw5qzepdx', 'v257vydj7xn0nlh', 'dqamd1pe0qhwoib99kqmw6lzvxylwp8y8bdo1zvr1m5hdflrqg', '2023-11-17 17:00:08.000');
INSERT INTO "user_song_recommendations" ("id", "user_id", "song_id", "created_at") VALUES ('4vrysaqjdp763e31e22128orr2t0b0lppz8wbngynr30fcusgo', 'v257vydj7xn0nlh', 'pqzvx41rsmfvwi3ezuql7kek2iusds4djy0wsxxtj1s97dh4hc', '2023-11-17 17:00:08.000');
INSERT INTO "user_song_recommendations" ("id", "user_id", "song_id", "created_at") VALUES ('mnru8g4hje18g8xvudzxtyvzek9ghyylay8hscbrsqmnya86s2', 'v257vydj7xn0nlh', 'fwmrydsi4jj2aaj3v8exschbluu5trf7dgnw3wgrkmonf890t4', '2023-11-17 17:00:08.000');
INSERT INTO "user_song_recommendations" ("id", "user_id", "song_id", "created_at") VALUES ('vcqm8tsrwk9n879u2pxd0vbu56yxw237dauit4ufshs4rfeyay', 'v257vydj7xn0nlh', 'njhrk1qt647il1fjx4g5qk5fl525qsu049dhl3gwc078q2hzz1', '2023-11-17 17:00:08.000');
INSERT INTO "user_song_recommendations" ("id", "user_id", "song_id", "created_at") VALUES ('zxxf3x5ir4ihxfxq64mqescxip4zeq5a3omsev5qm08oxiyo2n', 'v257vydj7xn0nlh', 'uq0saizd49jdwf9yi8h4rrws3xf16mjgtpgmni5tdvnqc9i8lz', '2023-11-17 17:00:08.000');
INSERT INTO "user_song_recommendations" ("id", "user_id", "song_id", "created_at") VALUES ('t7tzaxrdsqfkc6jlu5m6c0hf0gbb5knqdp9hfi51x48xmy78ia', '5ov38nso4d495p3', 'jekfbim0uqfxpjyydqp8lm0pfeq3vxg36z6w70d8r3rqqvgltl', '2023-11-17 17:00:08.000');
INSERT INTO "user_song_recommendations" ("id", "user_id", "song_id", "created_at") VALUES ('wavr2jb3i35gifw2mif0sk8e3fsuvcggd8tcegz3jieneb3uzn', '5ov38nso4d495p3', '8wefmujvlygkzvm2czwanunf9chmi6e0kyzubcqydhp5znequ4', '2023-11-17 17:00:08.000');
INSERT INTO "user_song_recommendations" ("id", "user_id", "song_id", "created_at") VALUES ('erzqsmn9to4zgk2wdnm2vm25x48m6penig3ivzo84378hjty24', '5ov38nso4d495p3', 'hhq3j70s30ajkwapyykakisgeewmzjmp7vws8hdwotks66qh17', '2023-11-17 17:00:08.000');
INSERT INTO "user_song_recommendations" ("id", "user_id", "song_id", "created_at") VALUES ('lx0zbrdmwc6twktdsxy15s7jowrc3olf5f6l13mj5uxdnnqd9e', '5ov38nso4d495p3', 'ty2x94i646d3ktwzs3h2nj5jv2uxxdtcx7au4iw9gm0ge2lwne', '2023-11-17 17:00:08.000');
INSERT INTO "user_song_recommendations" ("id", "user_id", "song_id", "created_at") VALUES ('wdpnxnp12qj23908usjp6qdpb0rv1lsz75ei7e12dgtooerwgk', '5ov38nso4d495p3', '96susgyradd3nxvksj5ggkthq9o7y94a4rhybmv97sfg4t2rq4', '2023-11-17 17:00:08.000');
INSERT INTO "user_song_recommendations" ("id", "user_id", "song_id", "created_at") VALUES ('x2397pdncjav47yl7kw1fiv7abcxp4ru34619iwjduoa4hbdrz', '5ov38nso4d495p3', 'pt7vlquc2qg9ddu33dnq91owfo0kzi1q67cr62t60yekkc4ehz', '2023-11-17 17:00:08.000');
INSERT INTO "user_song_recommendations" ("id", "user_id", "song_id", "created_at") VALUES ('v6fboad8zsx4o9jqssvnz03emcf9dg15gsmihuyw67y08a1d9y', '5ov38nso4d495p3', 'h2zprkccipwg1jvwmmn2buoof8rgzz8hr5qp077g4qm3fdsqp1', '2023-11-17 17:00:08.000');
INSERT INTO "user_song_recommendations" ("id", "user_id", "song_id", "created_at") VALUES ('gxlj16d64sox0z48husgaf1todl0jgxumfjbo347pvg4r4jip8', '5ov38nso4d495p3', 'jvuh4gykdyx3n0tew3flit5xlipbdi1phql1mjhrc9ciaj5xjl', '2023-11-17 17:00:08.000');
INSERT INTO "user_song_recommendations" ("id", "user_id", "song_id", "created_at") VALUES ('n0a5vjtm6g6hk2x03qa2z08qz2u8v4c990mtc0z230yfzwz7cd', 'dt5rag4r50ufszn', 'f00bo6nikvww6kddovgquyspx7h1mgwvug45ymsqlo8je945uj', '2023-11-17 17:00:08.000');
INSERT INTO "user_song_recommendations" ("id", "user_id", "song_id", "created_at") VALUES ('ojamb3mlc4ffyxdyf6vnj3wjq2ies7apac1vxw7jxots6xh3sa', 'dt5rag4r50ufszn', '8htkhiwle4vqwzcy5cddpjr0uq0erlqcss9u0wbaevkqf53thx', '2023-11-17 17:00:08.000');
INSERT INTO "user_song_recommendations" ("id", "user_id", "song_id", "created_at") VALUES ('0vujpn8ka1t2w2siqgiy1bxcsjqpa6xug1ddlpgk2z2q5wb9rq', 'dt5rag4r50ufszn', 'ehw42w39v0fxkvyrpet75cs1bu0rousngh6f7rx16ivbk4dz8q', '2023-11-17 17:00:08.000');
INSERT INTO "user_song_recommendations" ("id", "user_id", "song_id", "created_at") VALUES ('qznyzfhcm1fe0e80g81hbovt2ucoqcyqkiow96xlo9vwpoamz8', 'dt5rag4r50ufszn', 'd46xolc647hsmqeapk4o1qriycfs2uw5rddi7275zl9z90y0ps', '2023-11-17 17:00:08.000');
INSERT INTO "user_song_recommendations" ("id", "user_id", "song_id", "created_at") VALUES ('nrcogcoqgibsqcy0loy1wn9o7cla24qznn0gs2f0u49827mmdo', 'dt5rag4r50ufszn', 'i3ib4vi6mqo6zueryt4oqpel8nc1glfei0ppmcv3gf4ms58ut9', '2023-11-17 17:00:08.000');
INSERT INTO "user_song_recommendations" ("id", "user_id", "song_id", "created_at") VALUES ('xcprnk1ht9j31foxvtc9bz8nz9u67j5wfsjcwsb8lwnvcrt5zx', 'dt5rag4r50ufszn', 'uqfvp7y0e1y4ay9068bvg1cpj8cvn9huszh3ki4l6dj12b2jvd', '2023-11-17 17:00:08.000');
INSERT INTO "user_song_recommendations" ("id", "user_id", "song_id", "created_at") VALUES ('pxu8k5h0x81c0u90kekobcoub7v9jtq44xk8ttp1st4853wv6p', 'dt5rag4r50ufszn', '2720wsw2t58frrsd1w36xn5iqddgkvnq2ruhn32gi7p5crbvif', '2023-11-17 17:00:08.000');
INSERT INTO "user_song_recommendations" ("id", "user_id", "song_id", "created_at") VALUES ('70algocu2bxhpau4ybfki976wrqlp5etuqxfvcfljjg7uyboqw', 'dt5rag4r50ufszn', 'x1bcbftcnqybomjvcvga6cmx35mu5ugcrgeo5s0mubpm1et529', '2023-11-17 17:00:08.000');
INSERT INTO "user_song_recommendations" ("id", "user_id", "song_id", "created_at") VALUES ('yo6znhpvoz3y4bjqqycyef63k1bp2ub2ov6lb1goq1cmldi9yo', '9ln6wtyyg7t74yj', 'y0ol5de4qevut0p2fgq4tz6ij4ijb9d2eihgqgwkvt2vpix02t', '2023-11-17 17:00:08.000');
INSERT INTO "user_song_recommendations" ("id", "user_id", "song_id", "created_at") VALUES ('ocyu60pws0j4maya9j7clwcq7oytoeh8v7omcp7chtev1cpk33', '9ln6wtyyg7t74yj', 'qkjpkzc81xztuzoxtqf3lf8xxn0bxsawesmnns5s1qo6yx4ly9', '2023-11-17 17:00:08.000');
INSERT INTO "user_song_recommendations" ("id", "user_id", "song_id", "created_at") VALUES ('88j28cpssp5rjbpmlm9w26bar4g5fflkms1c6dmw62st23e0mk', '9ln6wtyyg7t74yj', '78t23ca320da5vs0dm7mxnsks5fkmorii1cnd827067edzw8gi', '2023-11-17 17:00:08.000');
INSERT INTO "user_song_recommendations" ("id", "user_id", "song_id", "created_at") VALUES ('wm3t1r8dxvwvz4qgmt8xe1zwvwygl9pllnissfq74yk6a7crkd', '9ln6wtyyg7t74yj', 'p0ok53glppgs0liave6aac6rar0hlv1bhcijg1lgrkvfgu62b0', '2023-11-17 17:00:08.000');
INSERT INTO "user_song_recommendations" ("id", "user_id", "song_id", "created_at") VALUES ('jr4sbvbanb01x2iqwg457c72pt6hf6g6qmtc4xn7gqqi5omt55', '9ln6wtyyg7t74yj', '4rphi63drvcnlgkl6edl6llk2fhz9pb5qfonj8dh078bd3ee0w', '2023-11-17 17:00:08.000');
INSERT INTO "user_song_recommendations" ("id", "user_id", "song_id", "created_at") VALUES ('5k1ziu4l5ji77evqgghfvjf4zvxo9lec7osptb7a4umonglgzi', '9ln6wtyyg7t74yj', '6yubjx64r7234yodpjjpywq7tg979h51w9f7fz9el2q1yy49wh', '2023-11-17 17:00:08.000');
INSERT INTO "user_song_recommendations" ("id", "user_id", "song_id", "created_at") VALUES ('iwqvgzal88qv8lp6js6nzcr99twe23aqr7lndtn478o1j5r0jh', '9ln6wtyyg7t74yj', 'd11u0o6p75seqhe3jc6jr413l6j0ot224oiyewxcw97b90ok83', '2023-11-17 17:00:08.000');
INSERT INTO "user_song_recommendations" ("id", "user_id", "song_id", "created_at") VALUES ('jfvzbxeyb0pnrt2ufgk5ayskvmgyleyfzub9j5j9fx82sgjdfj', '9ln6wtyyg7t74yj', 'gfecftrropyypp9pkjyjae5wlho7s1eq9ewxove01igsjm5p8y', '2023-11-17 17:00:08.000');
INSERT INTO "user_song_recommendations" ("id", "user_id", "song_id", "created_at") VALUES ('c02drhihzeopqoc7h8aueyc2iozd2rf2q9h742zhwlnrqxa1pk', 'ngilninmjxbbaxf', '9gc96hbdav6xq5di36y8vo647mvoaqzmzvu6x8rso051j2y8b8', '2023-11-17 17:00:08.000');
INSERT INTO "user_song_recommendations" ("id", "user_id", "song_id", "created_at") VALUES ('uft0kmstovomp6ximil8789uc9cz1kyaw9tn30umrtphdda0o1', 'ngilninmjxbbaxf', 'd11u0o6p75seqhe3jc6jr413l6j0ot224oiyewxcw97b90ok83', '2023-11-17 17:00:08.000');
INSERT INTO "user_song_recommendations" ("id", "user_id", "song_id", "created_at") VALUES ('epiook5sh1hcg8deogtepux8zd6mzi557295atv5f788xjtp0j', 'ngilninmjxbbaxf', '0qawf1q6tcocm5nxrqpczhc3ppm9i0yvrndpf2nugzap80s7nb', '2023-11-17 17:00:08.000');
INSERT INTO "user_song_recommendations" ("id", "user_id", "song_id", "created_at") VALUES ('mdx0nvl5d8hpuo53j0ok1epdmq7jbnrodf45tyxkks0qdn1uob', 'ngilninmjxbbaxf', 'udzg28hut04xq4zu243z3ft9m9cgjeuzo5472ev24hzafqfjo9', '2023-11-17 17:00:08.000');
INSERT INTO "user_song_recommendations" ("id", "user_id", "song_id", "created_at") VALUES ('n4cxlgwplw3c885d76uyqi0j6tv6m600fg433t43hfidynknvs', 'ngilninmjxbbaxf', 'gfecftrropyypp9pkjyjae5wlho7s1eq9ewxove01igsjm5p8y', '2023-11-17 17:00:08.000');
INSERT INTO "user_song_recommendations" ("id", "user_id", "song_id", "created_at") VALUES ('tclcnmth9wbpx04r2maghl1av2lqfhgxrxuovqbd7aee2ymsnq', 'ngilninmjxbbaxf', 'l419ch2u2jlfy4bv3erne3ran3fvri0iv9279ynjn6grl9ddwd', '2023-11-17 17:00:08.000');
INSERT INTO "user_song_recommendations" ("id", "user_id", "song_id", "created_at") VALUES ('gg1xgc8k99ag08twklhhhnlpr6k88tkluoph46yto4j21fsrzl', 'ngilninmjxbbaxf', '341rdqf2uzwjc8wmcn1lzd6yi6zqe0e6aqloeychzazcz255pz', '2023-11-17 17:00:08.000');
INSERT INTO "user_song_recommendations" ("id", "user_id", "song_id", "created_at") VALUES ('ozil7bymw4agan6jav6q8w710fjpb258r5k8jwo9w8yayhtosb', 'ngilninmjxbbaxf', 'jekfbim0uqfxpjyydqp8lm0pfeq3vxg36z6w70d8r3rqqvgltl', '2023-11-17 17:00:08.000');
INSERT INTO "user_song_recommendations" ("id", "user_id", "song_id", "created_at") VALUES ('7fde5756pafrv86skudat3e04h2fb0wo3gjjbrli8mi6ok3xy9', 'icqlt67n2fd7p34', '4uozw2nw3mb9xj282w45zhep78bswn103wc1axmalhp622llkp', '2023-11-17 17:00:08.000');
INSERT INTO "user_song_recommendations" ("id", "user_id", "song_id", "created_at") VALUES ('rc9qhbfl8lbqtpkug8b9li8oxpnv6eddc2i9p0g6wjiz4m34ug', 'icqlt67n2fd7p34', 'jkijtrorbaww5i9odeigsvcmt0okiu0ip0zj9cxp3zc6qxrs9b', '2023-11-17 17:00:08.000');
INSERT INTO "user_song_recommendations" ("id", "user_id", "song_id", "created_at") VALUES ('wi0z477q4ujctfj9sb2se3qdx6z4kkj86rjwoaoytdnypw4dnq', 'icqlt67n2fd7p34', 'ob4sb91wwirashkj31in2v52aim1l2tzxgishypcj1fo21ni2h', '2023-11-17 17:00:08.000');
INSERT INTO "user_song_recommendations" ("id", "user_id", "song_id", "created_at") VALUES ('c9t3576xizy2a2yp2bj7mesx8yc5bce5ubs2shb39m3vhnkdr3', 'icqlt67n2fd7p34', 'lyghj9psriq65vuoxb0p5ppc1lgs2vc9umgg8fkigw9gztwq4j', '2023-11-17 17:00:08.000');
INSERT INTO "user_song_recommendations" ("id", "user_id", "song_id", "created_at") VALUES ('c54t9pfl18135ju4iwybahucmnrdlh3zqzfiobvy6d32dfr7kg', 'icqlt67n2fd7p34', '1wht1txb94hg21oaphdqzfliqse1w98tei3r3cxrnxkxx6wm7x', '2023-11-17 17:00:08.000');
INSERT INTO "user_song_recommendations" ("id", "user_id", "song_id", "created_at") VALUES ('mradd66tgyotcmr0ux7m99dmjhpzrlpdhbj7z2kgvb4ahhbars', 'icqlt67n2fd7p34', 'tfhi7prfy7awjd3y87h42g8jeq1ouiyzkss77gdvzjhc4fzy7d', '2023-11-17 17:00:08.000');
INSERT INTO "user_song_recommendations" ("id", "user_id", "song_id", "created_at") VALUES ('5j8ln0g0khasxyu0k8gi38gq70p6uf8jr9nz9adokmot0p7vez', 'icqlt67n2fd7p34', 'v9ua63o4009evydx785v8gyotj3dii76mxxisw801ts15wwgc1', '2023-11-17 17:00:08.000');
INSERT INTO "user_song_recommendations" ("id", "user_id", "song_id", "created_at") VALUES ('cdcefq3gw4fjtd0v9osh2prp9fd288pvzj0myf7l7zrpc9tn3y', 'icqlt67n2fd7p34', '9y5yqkm47e0jc8bosf317287y5s4pun429xakdhljt84jj43ap', '2023-11-17 17:00:08.000');
