-- Users
INSERT INTO "auth_user" ("id", "username", "email", "profile_image_url", "created_at") VALUES ('dfsrr0py2sgq4to', 'Edward Johnson (0)', '0@g.com', NULL,'2023-11-17 17:00:08.000');
INSERT INTO "user_key" ("id", "user_id", "hashed_password") VALUES ('email:0@g.com', 'dfsrr0py2sgq4to', 's2:ypixvsa9kdptdm5e:9772b9b97a807a7f47ec6097088d2a4024dba58149f0ca73e063e373505e7d6d73558d9111681e34fee10c4b14d8ee4af03030521f41d555cc1fef79872ce189');
INSERT INTO "auth_user" ("id", "username", "email", "profile_image_url", "created_at") VALUES ('8d0rx3nvr3nwlqp', 'Charlie Martinez (1)', '1@g.com', NULL,'2023-11-17 17:00:08.000');
INSERT INTO "user_key" ("id", "user_id", "hashed_password") VALUES ('email:1@g.com', '8d0rx3nvr3nwlqp', 's2:ypixvsa9kdptdm5e:9772b9b97a807a7f47ec6097088d2a4024dba58149f0ca73e063e373505e7d6d73558d9111681e34fee10c4b14d8ee4af03030521f41d555cc1fef79872ce189');
INSERT INTO "auth_user" ("id", "username", "email", "profile_image_url", "created_at") VALUES ('f1gvjzbk6lwmqn4', 'Hannah Brown (2)', '2@g.com', NULL,'2023-11-17 17:00:08.000');
INSERT INTO "user_key" ("id", "user_id", "hashed_password") VALUES ('email:2@g.com', 'f1gvjzbk6lwmqn4', 's2:ypixvsa9kdptdm5e:9772b9b97a807a7f47ec6097088d2a4024dba58149f0ca73e063e373505e7d6d73558d9111681e34fee10c4b14d8ee4af03030521f41d555cc1fef79872ce189');
INSERT INTO "auth_user" ("id", "username", "email", "profile_image_url", "created_at") VALUES ('a6d7c4f919os7zo', 'Charlie Smith (3)', '3@g.com', NULL,'2023-11-17 17:00:08.000');
INSERT INTO "user_key" ("id", "user_id", "hashed_password") VALUES ('email:3@g.com', 'a6d7c4f919os7zo', 's2:ypixvsa9kdptdm5e:9772b9b97a807a7f47ec6097088d2a4024dba58149f0ca73e063e373505e7d6d73558d9111681e34fee10c4b14d8ee4af03030521f41d555cc1fef79872ce189');
INSERT INTO "auth_user" ("id", "username", "email", "profile_image_url", "created_at") VALUES ('wswnd71f751io1o', 'Hannah Davis (4)', '4@g.com', NULL,'2023-11-17 17:00:08.000');
INSERT INTO "user_key" ("id", "user_id", "hashed_password") VALUES ('email:4@g.com', 'wswnd71f751io1o', 's2:ypixvsa9kdptdm5e:9772b9b97a807a7f47ec6097088d2a4024dba58149f0ca73e063e373505e7d6d73558d9111681e34fee10c4b14d8ee4af03030521f41d555cc1fef79872ce189');
INSERT INTO "auth_user" ("id", "username", "email", "profile_image_url", "created_at") VALUES ('yjdjyvny7lk8wzl', 'Diana Miller (5)', '5@g.com', NULL,'2023-11-17 17:00:08.000');
INSERT INTO "user_key" ("id", "user_id", "hashed_password") VALUES ('email:5@g.com', 'yjdjyvny7lk8wzl', 's2:ypixvsa9kdptdm5e:9772b9b97a807a7f47ec6097088d2a4024dba58149f0ca73e063e373505e7d6d73558d9111681e34fee10c4b14d8ee4af03030521f41d555cc1fef79872ce189');
INSERT INTO "auth_user" ("id", "username", "email", "profile_image_url", "created_at") VALUES ('xiobm7toessywvu', 'Julia Williams (6)', '6@g.com', NULL,'2023-11-17 17:00:08.000');
INSERT INTO "user_key" ("id", "user_id", "hashed_password") VALUES ('email:6@g.com', 'xiobm7toessywvu', 's2:ypixvsa9kdptdm5e:9772b9b97a807a7f47ec6097088d2a4024dba58149f0ca73e063e373505e7d6d73558d9111681e34fee10c4b14d8ee4af03030521f41d555cc1fef79872ce189');
INSERT INTO "auth_user" ("id", "username", "email", "profile_image_url", "created_at") VALUES ('19skjpxffj12xnx', 'Alice Miller (7)', '7@g.com', NULL,'2023-11-17 17:00:08.000');
INSERT INTO "user_key" ("id", "user_id", "hashed_password") VALUES ('email:7@g.com', '19skjpxffj12xnx', 's2:ypixvsa9kdptdm5e:9772b9b97a807a7f47ec6097088d2a4024dba58149f0ca73e063e373505e7d6d73558d9111681e34fee10c4b14d8ee4af03030521f41d555cc1fef79872ce189');
INSERT INTO "auth_user" ("id", "username", "email", "profile_image_url", "created_at") VALUES ('m8mp2g1poa3k4yd', 'George Johnson (8)', '8@g.com', NULL,'2023-11-17 17:00:08.000');
INSERT INTO "user_key" ("id", "user_id", "hashed_password") VALUES ('email:8@g.com', 'm8mp2g1poa3k4yd', 's2:ypixvsa9kdptdm5e:9772b9b97a807a7f47ec6097088d2a4024dba58149f0ca73e063e373505e7d6d73558d9111681e34fee10c4b14d8ee4af03030521f41d555cc1fef79872ce189');
INSERT INTO "auth_user" ("id", "username", "email", "profile_image_url", "created_at") VALUES ('l5ypcg4m55octfk', 'Diana Miller (9)', '9@g.com', NULL,'2023-11-17 17:00:08.000');
INSERT INTO "user_key" ("id", "user_id", "hashed_password") VALUES ('email:9@g.com', 'l5ypcg4m55octfk', 's2:ypixvsa9kdptdm5e:9772b9b97a807a7f47ec6097088d2a4024dba58149f0ca73e063e373505e7d6d73558d9111681e34fee10c4b14d8ee4af03030521f41d555cc1fef79872ce189');
-- Playlists
INSERT INTO "playlist" ("id", "name", "created_at", "user_id") VALUES ('f1kpbletpws77amj270zxt9boptz4ghl84d380g3v2nmiwvn7j', 'Playlist 0', '2023-11-17 17:00:08.000','dfsrr0py2sgq4to');
INSERT INTO "playlist_songs" ("song_id", "playlist_id", "order") VALUES ('9dek51xqjcknmq1raky5o9r5bh7rp20v6cywlfe1ocywft0fjm', 'f1kpbletpws77amj270zxt9boptz4ghl84d380g3v2nmiwvn7j', 1);
INSERT INTO "playlist_songs" ("song_id", "playlist_id", "order") VALUES ('iyz3tel853ilh7tb8ty7dj5z6e7p1duhzbgkpxi9t9k5zbuduh', 'f1kpbletpws77amj270zxt9boptz4ghl84d380g3v2nmiwvn7j', 6);
INSERT INTO "playlist_songs" ("song_id", "playlist_id", "order") VALUES ('z0gk6f9oks2zlgnb27ro1vqmievxh9yo287kqmiua9j3kfjd27', 'f1kpbletpws77amj270zxt9boptz4ghl84d380g3v2nmiwvn7j', 0);
INSERT INTO "playlist_songs" ("song_id", "playlist_id", "order") VALUES ('n4sklzrb0d8251icrv2tlnkscjchbjbdadhx9bw7svg4ki8pbl', 'f1kpbletpws77amj270zxt9boptz4ghl84d380g3v2nmiwvn7j', 4);
INSERT INTO "playlist_songs" ("song_id", "playlist_id", "order") VALUES ('r31uu0j0pp3yhqxezuu9ovobqzu17pf81lmldjlxbpul6ukxw7', 'f1kpbletpws77amj270zxt9boptz4ghl84d380g3v2nmiwvn7j', 8);
INSERT INTO "playlist_songs" ("song_id", "playlist_id", "order") VALUES ('tlks3q66k29rtkticxiecwmgy4tn6wey8o0o620ybvkp0h0g25', 'f1kpbletpws77amj270zxt9boptz4ghl84d380g3v2nmiwvn7j', 9);
INSERT INTO "playlist_songs" ("song_id", "playlist_id", "order") VALUES ('cq07s10qk8ggiogp0wv2dqhtkav3vck7nim6l3mfr8rnjf4ba2', 'f1kpbletpws77amj270zxt9boptz4ghl84d380g3v2nmiwvn7j', 2);
INSERT INTO "playlist_songs" ("song_id", "playlist_id", "order") VALUES ('v0ldqt3ko14zmjf1ns5scgn90oen6ctr78oa1a4jmx0tcz6x6h', 'f1kpbletpws77amj270zxt9boptz4ghl84d380g3v2nmiwvn7j', 3);
INSERT INTO "playlist_songs" ("song_id", "playlist_id", "order") VALUES ('ujvkjw0o56lemtapqg3cug632usmqbedmc0x399ykvmhfudi7m', 'f1kpbletpws77amj270zxt9boptz4ghl84d380g3v2nmiwvn7j', 5);
INSERT INTO "playlist_songs" ("song_id", "playlist_id", "order") VALUES ('6u6qcvg0u1k6ge590k1ml9pjqnv2xq22ngck2yg8xfyo5u1q36', 'f1kpbletpws77amj270zxt9boptz4ghl84d380g3v2nmiwvn7j', 7);
INSERT INTO "playlist" ("id", "name", "created_at", "user_id") VALUES ('9bdpplhs6nxbxai9ha9np2n8t3rsiv2fxzildlrbore782n2ck', 'Playlist 1', '2023-11-17 17:00:08.000','dfsrr0py2sgq4to');
INSERT INTO "playlist_songs" ("song_id", "playlist_id", "order") VALUES ('udni80u6bc18he81nosr73ge216ffhmbnt785d6au4ljo0v26p', '9bdpplhs6nxbxai9ha9np2n8t3rsiv2fxzildlrbore782n2ck', 0);
INSERT INTO "playlist_songs" ("song_id", "playlist_id", "order") VALUES ('m6nwrdvzijob3gxnvddveth9r9k0hu11vzd8qqlj7ye3j3bcoq', '9bdpplhs6nxbxai9ha9np2n8t3rsiv2fxzildlrbore782n2ck', 1);
INSERT INTO "playlist_songs" ("song_id", "playlist_id", "order") VALUES ('sbgfcv9x25i6g73rszhsmzoe67k9utz8672cttudsetfah22h9', '9bdpplhs6nxbxai9ha9np2n8t3rsiv2fxzildlrbore782n2ck', 9);
INSERT INTO "playlist_songs" ("song_id", "playlist_id", "order") VALUES ('qgglzne052bhqdq5055dz3l4anbfje2mfxcevtle26yzc1xgz6', '9bdpplhs6nxbxai9ha9np2n8t3rsiv2fxzildlrbore782n2ck', 5);
INSERT INTO "playlist_songs" ("song_id", "playlist_id", "order") VALUES ('z7zxzk1c2qjvnska2iy53eozqbo2wcr8u0a3wklid3ifo6kc9j', '9bdpplhs6nxbxai9ha9np2n8t3rsiv2fxzildlrbore782n2ck', 3);
INSERT INTO "playlist_songs" ("song_id", "playlist_id", "order") VALUES ('7d4eeymgthhxbw5s973v8v9chv5iq8j8rmb8q8m2ilak4om7kv', '9bdpplhs6nxbxai9ha9np2n8t3rsiv2fxzildlrbore782n2ck', 4);
INSERT INTO "playlist_songs" ("song_id", "playlist_id", "order") VALUES ('vfqszy14mggm9ut6a9igmgu1lc7126gm5g8ky4l9htumwwpuwo', '9bdpplhs6nxbxai9ha9np2n8t3rsiv2fxzildlrbore782n2ck', 8);
INSERT INTO "playlist_songs" ("song_id", "playlist_id", "order") VALUES ('dldo8mpwlp3qilha2fe578g1fya18ck6t7o5x1j1sq1kw99l04', '9bdpplhs6nxbxai9ha9np2n8t3rsiv2fxzildlrbore782n2ck', 2);
INSERT INTO "playlist_songs" ("song_id", "playlist_id", "order") VALUES ('vlyfje8xju7h76l9h330wslksrzb9b9cp6sftvf69nnpe3szog', '9bdpplhs6nxbxai9ha9np2n8t3rsiv2fxzildlrbore782n2ck', 7);
INSERT INTO "playlist_songs" ("song_id", "playlist_id", "order") VALUES ('pz40uo0w02hc8zpsydaraqvqqdazjnbbx94o4yry7grfrecwv7', '9bdpplhs6nxbxai9ha9np2n8t3rsiv2fxzildlrbore782n2ck', 6);
INSERT INTO "playlist" ("id", "name", "created_at", "user_id") VALUES ('7ma5whz7uul52eeewwi6o7yhvwu3eyk5bm5mo37yoh5l110dyt', 'Playlist 0', '2023-11-17 17:00:08.000','8d0rx3nvr3nwlqp');
INSERT INTO "playlist_songs" ("song_id", "playlist_id", "order") VALUES ('vot29nzci5e8ypvya1typkq8p7xxi3epggmc0qxciwjslcekb6', '7ma5whz7uul52eeewwi6o7yhvwu3eyk5bm5mo37yoh5l110dyt', 0);
INSERT INTO "playlist_songs" ("song_id", "playlist_id", "order") VALUES ('srfwe2oc4dsoij33vt619h61vhmxi4q8hei1ywkdj8e9etvhbo', '7ma5whz7uul52eeewwi6o7yhvwu3eyk5bm5mo37yoh5l110dyt', 8);
INSERT INTO "playlist_songs" ("song_id", "playlist_id", "order") VALUES ('cavtij876wdfpzq21f8rg51u4rvmhahkamvc392o6e2zbgqbqc', '7ma5whz7uul52eeewwi6o7yhvwu3eyk5bm5mo37yoh5l110dyt', 1);
INSERT INTO "playlist_songs" ("song_id", "playlist_id", "order") VALUES ('0zpjfjbts4u5fj9r41jb4zpjkpo9gvqocicu2uyy14l5yfy1u9', '7ma5whz7uul52eeewwi6o7yhvwu3eyk5bm5mo37yoh5l110dyt', 5);
INSERT INTO "playlist_songs" ("song_id", "playlist_id", "order") VALUES ('edijp4mii9soju9m3vuwmqq6hui829qno8f7ys0m8sv6lc0hbd', '7ma5whz7uul52eeewwi6o7yhvwu3eyk5bm5mo37yoh5l110dyt', 9);
INSERT INTO "playlist_songs" ("song_id", "playlist_id", "order") VALUES ('p717ynibmq79unltk62kg1jlvzetrzn0easpzolz8r4cbfzvvs', '7ma5whz7uul52eeewwi6o7yhvwu3eyk5bm5mo37yoh5l110dyt', 3);
INSERT INTO "playlist_songs" ("song_id", "playlist_id", "order") VALUES ('ydazyv1k51jnnf38gs9u0yvqldypy9zgpsp3400iqu5sns0eva', '7ma5whz7uul52eeewwi6o7yhvwu3eyk5bm5mo37yoh5l110dyt', 4);
INSERT INTO "playlist_songs" ("song_id", "playlist_id", "order") VALUES ('ejsrzjf0a9qor5d0c8jod39znddupdd4mg9c8r97fu2ppujggg', '7ma5whz7uul52eeewwi6o7yhvwu3eyk5bm5mo37yoh5l110dyt', 2);
INSERT INTO "playlist_songs" ("song_id", "playlist_id", "order") VALUES ('2qujvt447nfe5hfct1r6i9xtsf17gdl46yrv3yhamnjvg42lqa', '7ma5whz7uul52eeewwi6o7yhvwu3eyk5bm5mo37yoh5l110dyt', 7);
INSERT INTO "playlist_songs" ("song_id", "playlist_id", "order") VALUES ('gdxujvn7db85d2zke34hsxvpro0i4slusi0wcbg97cj3jusxnf', '7ma5whz7uul52eeewwi6o7yhvwu3eyk5bm5mo37yoh5l110dyt', 6);
INSERT INTO "playlist" ("id", "name", "created_at", "user_id") VALUES ('zs1rl03uhgal4c853vmu8qcb54ck57a5utmer6lw9iw7xl3m0h', 'Playlist 1', '2023-11-17 17:00:08.000','8d0rx3nvr3nwlqp');
INSERT INTO "playlist_songs" ("song_id", "playlist_id", "order") VALUES ('kxqkabfvmt2lju9pe9my77djqjh0ctncshikai434yfxwsdkhh', 'zs1rl03uhgal4c853vmu8qcb54ck57a5utmer6lw9iw7xl3m0h', 0);
INSERT INTO "playlist_songs" ("song_id", "playlist_id", "order") VALUES ('xu5332dicr41q9mxlhom2hue6mjyjy3uk328xvnl5a9j7uxijg', 'zs1rl03uhgal4c853vmu8qcb54ck57a5utmer6lw9iw7xl3m0h', 8);
INSERT INTO "playlist_songs" ("song_id", "playlist_id", "order") VALUES ('p6mcxun1tonhf8q0q7jyz0qd9a35hjhbdj98v8n8svuq7615hj', 'zs1rl03uhgal4c853vmu8qcb54ck57a5utmer6lw9iw7xl3m0h', 9);
INSERT INTO "playlist_songs" ("song_id", "playlist_id", "order") VALUES ('ft3na1hctkjl2zvlnr9yq6eidbhpe8msjevirg7g1titjazt6s', 'zs1rl03uhgal4c853vmu8qcb54ck57a5utmer6lw9iw7xl3m0h', 3);
INSERT INTO "playlist_songs" ("song_id", "playlist_id", "order") VALUES ('gbmjkl8vbzjpytdybuvs58jrjzmuk0vpm3taob8wm2dosmtdui', 'zs1rl03uhgal4c853vmu8qcb54ck57a5utmer6lw9iw7xl3m0h', 7);
INSERT INTO "playlist_songs" ("song_id", "playlist_id", "order") VALUES ('lym4pjss984t7a9wt54nar2tzwnjmaubxoexbbbt2ai22agoe5', 'zs1rl03uhgal4c853vmu8qcb54ck57a5utmer6lw9iw7xl3m0h', 1);
INSERT INTO "playlist_songs" ("song_id", "playlist_id", "order") VALUES ('qp8wad28emot9zdpkndc1wkbg1o1m452m7eaknlch6f9w4ebyr', 'zs1rl03uhgal4c853vmu8qcb54ck57a5utmer6lw9iw7xl3m0h', 4);
INSERT INTO "playlist_songs" ("song_id", "playlist_id", "order") VALUES ('n8fd54khjwlc8p4l0malg3ztucw3x2xmy9z1gl6ox4y2z7fzcl', 'zs1rl03uhgal4c853vmu8qcb54ck57a5utmer6lw9iw7xl3m0h', 2);
INSERT INTO "playlist_songs" ("song_id", "playlist_id", "order") VALUES ('1ko1l9qu1tcgavj3kjnmmp3kjeqbnueowbzgkd8oabn3t3ww9n', 'zs1rl03uhgal4c853vmu8qcb54ck57a5utmer6lw9iw7xl3m0h', 6);
INSERT INTO "playlist_songs" ("song_id", "playlist_id", "order") VALUES ('3a3r989q2iceq646vpmu0724plsnpl4sif8007ww36ayhmakd3', 'zs1rl03uhgal4c853vmu8qcb54ck57a5utmer6lw9iw7xl3m0h', 5);
INSERT INTO "playlist" ("id", "name", "created_at", "user_id") VALUES ('brq4fj13qltivbbeihoas1betqyf4csg5zc5lzqpy6ua934fls', 'Playlist 0', '2023-11-17 17:00:08.000','f1gvjzbk6lwmqn4');
INSERT INTO "playlist_songs" ("song_id", "playlist_id", "order") VALUES ('jce6ek9rf5hhgiw4p7pauqsaus3mifeczlgqfssywkseojcosg', 'brq4fj13qltivbbeihoas1betqyf4csg5zc5lzqpy6ua934fls', 1);
INSERT INTO "playlist_songs" ("song_id", "playlist_id", "order") VALUES ('qer0mcnquepgdza793wcih79tizhbp5wrchs0fb215m2a0cjls', 'brq4fj13qltivbbeihoas1betqyf4csg5zc5lzqpy6ua934fls', 6);
INSERT INTO "playlist_songs" ("song_id", "playlist_id", "order") VALUES ('24kq2azz7qzuhj88mqi89pds1sjb67se82rc64auwpzntstr4m', 'brq4fj13qltivbbeihoas1betqyf4csg5zc5lzqpy6ua934fls', 8);
INSERT INTO "playlist_songs" ("song_id", "playlist_id", "order") VALUES ('j73zk7gxg3lk6ec6j8ed2dx060s7oyetk5cvdit85tha7ajq6g', 'brq4fj13qltivbbeihoas1betqyf4csg5zc5lzqpy6ua934fls', 5);
INSERT INTO "playlist_songs" ("song_id", "playlist_id", "order") VALUES ('lw6dyk6yf8unyrrx4k8dticlm3mighwtiufc77z8vsgu21uy98', 'brq4fj13qltivbbeihoas1betqyf4csg5zc5lzqpy6ua934fls', 4);
INSERT INTO "playlist_songs" ("song_id", "playlist_id", "order") VALUES ('h63cf4g87utoy9fd0hfwxwfmmv8oiwli8ac9eysjcl2247lcm2', 'brq4fj13qltivbbeihoas1betqyf4csg5zc5lzqpy6ua934fls', 9);
INSERT INTO "playlist_songs" ("song_id", "playlist_id", "order") VALUES ('epd63p6vyaweo674wu30r3wwxmamvafyddqc11dupty6f68h6q', 'brq4fj13qltivbbeihoas1betqyf4csg5zc5lzqpy6ua934fls', 7);
INSERT INTO "playlist_songs" ("song_id", "playlist_id", "order") VALUES ('gz9rv3t3755r4ho3rrs4cbulfly5dk4goxz14j4ex5tw6uts9f', 'brq4fj13qltivbbeihoas1betqyf4csg5zc5lzqpy6ua934fls', 2);
INSERT INTO "playlist_songs" ("song_id", "playlist_id", "order") VALUES ('z61nzfr2oqi22ie8jrduzep05kbsbdbrf0li4eakldki2i4b7v', 'brq4fj13qltivbbeihoas1betqyf4csg5zc5lzqpy6ua934fls', 0);
INSERT INTO "playlist_songs" ("song_id", "playlist_id", "order") VALUES ('low1zndqlir40h3szu7ajcklf110mozywfu4uxjl1t8ptut2bt', 'brq4fj13qltivbbeihoas1betqyf4csg5zc5lzqpy6ua934fls', 3);
INSERT INTO "playlist" ("id", "name", "created_at", "user_id") VALUES ('swnjo50ioc34rws3fas9trllit3g2tv6khmkao2e12tfiancgg', 'Playlist 1', '2023-11-17 17:00:08.000','f1gvjzbk6lwmqn4');
INSERT INTO "playlist_songs" ("song_id", "playlist_id", "order") VALUES ('f5lngzpowciddgzth6xjx0r4npsy724slvaakihms9yrn2a6v1', 'swnjo50ioc34rws3fas9trllit3g2tv6khmkao2e12tfiancgg', 0);
INSERT INTO "playlist_songs" ("song_id", "playlist_id", "order") VALUES ('d70orau034l95hls2xmzp12uvvsxtkkmy77f07opuqu7v2hw5x', 'swnjo50ioc34rws3fas9trllit3g2tv6khmkao2e12tfiancgg', 3);
INSERT INTO "playlist_songs" ("song_id", "playlist_id", "order") VALUES ('x9a0r8sr2nva6uu8vvlgn84gh6wdhv53f29k14c8hh0lujii2d', 'swnjo50ioc34rws3fas9trllit3g2tv6khmkao2e12tfiancgg', 8);
INSERT INTO "playlist_songs" ("song_id", "playlist_id", "order") VALUES ('p1to819iciqdy5xphshmz3y4lv78muxzyer5nee4zoc8lox1g3', 'swnjo50ioc34rws3fas9trllit3g2tv6khmkao2e12tfiancgg', 9);
INSERT INTO "playlist_songs" ("song_id", "playlist_id", "order") VALUES ('hva90pm3y1z9zohkdl6tqiiq3v88h6p26kbh0n40m0q0pg3lms', 'swnjo50ioc34rws3fas9trllit3g2tv6khmkao2e12tfiancgg', 5);
INSERT INTO "playlist_songs" ("song_id", "playlist_id", "order") VALUES ('87bgyqtwvaiesrroe466lsd2z23kxysfzuw2jvinamw6gqcpjj', 'swnjo50ioc34rws3fas9trllit3g2tv6khmkao2e12tfiancgg', 7);
INSERT INTO "playlist_songs" ("song_id", "playlist_id", "order") VALUES ('970e7gl8vwljgmt47ntdmp26bnuo050zv4t5p84qg2ijz2r5ky', 'swnjo50ioc34rws3fas9trllit3g2tv6khmkao2e12tfiancgg', 6);
INSERT INTO "playlist_songs" ("song_id", "playlist_id", "order") VALUES ('jugimwmkfhiqh377qw6u7hbxonbaz9uezdhzt42z8jkwlxf14y', 'swnjo50ioc34rws3fas9trllit3g2tv6khmkao2e12tfiancgg', 4);
INSERT INTO "playlist_songs" ("song_id", "playlist_id", "order") VALUES ('v0bz15rw23us60luge0gg1rhcqpwmfpxg8i3cy986y2edxj0ye', 'swnjo50ioc34rws3fas9trllit3g2tv6khmkao2e12tfiancgg', 2);
INSERT INTO "playlist_songs" ("song_id", "playlist_id", "order") VALUES ('0i89tg9qy28qpao69dh6q6sh4ymvcmm2b5d8evvet5acba8o6y', 'swnjo50ioc34rws3fas9trllit3g2tv6khmkao2e12tfiancgg', 1);
INSERT INTO "playlist" ("id", "name", "created_at", "user_id") VALUES ('tdeo1zbz4ifi030950tjypfo6ljb7cgo0df6kly9ixs2w2pe74', 'Playlist 0', '2023-11-17 17:00:08.000','a6d7c4f919os7zo');
INSERT INTO "playlist_songs" ("song_id", "playlist_id", "order") VALUES ('dh5rrtc14x6dvjmolq9h7x2ksbw76oh2tnk8tkbnh2nsljkuyj', 'tdeo1zbz4ifi030950tjypfo6ljb7cgo0df6kly9ixs2w2pe74', 1);
INSERT INTO "playlist_songs" ("song_id", "playlist_id", "order") VALUES ('zioaasz05v564lusf9nex6s8rftu9zpuk9ytz3ffsl4p9m4cf3', 'tdeo1zbz4ifi030950tjypfo6ljb7cgo0df6kly9ixs2w2pe74', 8);
INSERT INTO "playlist_songs" ("song_id", "playlist_id", "order") VALUES ('h6f0g6zv4efi6gmlhci3qp9d3lclr64mxxbej1cnf8zzkmgtyf', 'tdeo1zbz4ifi030950tjypfo6ljb7cgo0df6kly9ixs2w2pe74', 9);
INSERT INTO "playlist_songs" ("song_id", "playlist_id", "order") VALUES ('pj5lr57761293nis80kxyq4put4xfpwlqmufoacgcfneq3khr2', 'tdeo1zbz4ifi030950tjypfo6ljb7cgo0df6kly9ixs2w2pe74', 0);
INSERT INTO "playlist_songs" ("song_id", "playlist_id", "order") VALUES ('ehg3n0ov40t6epgepfsvnxn4ngfo077w69qpwr5vvgddct0b2g', 'tdeo1zbz4ifi030950tjypfo6ljb7cgo0df6kly9ixs2w2pe74', 2);
INSERT INTO "playlist_songs" ("song_id", "playlist_id", "order") VALUES ('p717ynibmq79unltk62kg1jlvzetrzn0easpzolz8r4cbfzvvs', 'tdeo1zbz4ifi030950tjypfo6ljb7cgo0df6kly9ixs2w2pe74', 3);
INSERT INTO "playlist_songs" ("song_id", "playlist_id", "order") VALUES ('0wiked3hah17pphps4gdjf543rt4m5pz8b5tx75encko29imb4', 'tdeo1zbz4ifi030950tjypfo6ljb7cgo0df6kly9ixs2w2pe74', 7);
INSERT INTO "playlist_songs" ("song_id", "playlist_id", "order") VALUES ('pvmncwhzqzj48drprbifdqqjzo8j3wfomuymlks929nqhfdold', 'tdeo1zbz4ifi030950tjypfo6ljb7cgo0df6kly9ixs2w2pe74', 5);
INSERT INTO "playlist_songs" ("song_id", "playlist_id", "order") VALUES ('uzyhf35s4cqkql06pnjidne3ikp8m8jalvjpo060m5a0rsw9c2', 'tdeo1zbz4ifi030950tjypfo6ljb7cgo0df6kly9ixs2w2pe74', 6);
INSERT INTO "playlist_songs" ("song_id", "playlist_id", "order") VALUES ('za2u5bd4fhl9u2snx8p9ak92ypod68afkbrs9mmma6wmz50w7t', 'tdeo1zbz4ifi030950tjypfo6ljb7cgo0df6kly9ixs2w2pe74', 4);
INSERT INTO "playlist" ("id", "name", "created_at", "user_id") VALUES ('01teqy4ma2lztex0bawm1omvr71zhdo748v15zeqmxw5bkzevy', 'Playlist 1', '2023-11-17 17:00:08.000','a6d7c4f919os7zo');
INSERT INTO "playlist_songs" ("song_id", "playlist_id", "order") VALUES ('apuxqzncoeq2an3wideu6391prey2grk37qyrzxq84scureedr', '01teqy4ma2lztex0bawm1omvr71zhdo748v15zeqmxw5bkzevy', 0);
INSERT INTO "playlist_songs" ("song_id", "playlist_id", "order") VALUES ('ff40kse0nh78867t8w7pwln16jk49eiwf74smjrknadvh1vz9w', '01teqy4ma2lztex0bawm1omvr71zhdo748v15zeqmxw5bkzevy', 4);
INSERT INTO "playlist_songs" ("song_id", "playlist_id", "order") VALUES ('hfaqepuqf97rp0wbehcn7rxqtdkat0lxcglxvl4f1mo68pvs10', '01teqy4ma2lztex0bawm1omvr71zhdo748v15zeqmxw5bkzevy', 5);
INSERT INTO "playlist_songs" ("song_id", "playlist_id", "order") VALUES ('z62ogej34ogr7j9j0awh0thl753ins3exg9dhjx98oszk9gc91', '01teqy4ma2lztex0bawm1omvr71zhdo748v15zeqmxw5bkzevy', 2);
INSERT INTO "playlist_songs" ("song_id", "playlist_id", "order") VALUES ('c40067dv9zd9epsas1suj49nb6vql71ifndojgdi4bs6lbviil', '01teqy4ma2lztex0bawm1omvr71zhdo748v15zeqmxw5bkzevy', 9);
INSERT INTO "playlist_songs" ("song_id", "playlist_id", "order") VALUES ('hrtqgf3ws2lc5u4w5da36rr8f4e8juqp4hl03bbogrervkx4m5', '01teqy4ma2lztex0bawm1omvr71zhdo748v15zeqmxw5bkzevy', 7);
INSERT INTO "playlist_songs" ("song_id", "playlist_id", "order") VALUES ('eh85yl3qfdjtoaj8s3sdfaxt1xkizaupe957yqufbuim6dap49', '01teqy4ma2lztex0bawm1omvr71zhdo748v15zeqmxw5bkzevy', 8);
INSERT INTO "playlist_songs" ("song_id", "playlist_id", "order") VALUES ('9ew15byq46tg829972z0f4tp1in01sydyq90vq6h5kyyakhfmi', '01teqy4ma2lztex0bawm1omvr71zhdo748v15zeqmxw5bkzevy', 6);
INSERT INTO "playlist_songs" ("song_id", "playlist_id", "order") VALUES ('l1xc02xhso9wdieyn422wynyqk8y3hc3gqggpywy99s93ozktl', '01teqy4ma2lztex0bawm1omvr71zhdo748v15zeqmxw5bkzevy', 3);
INSERT INTO "playlist_songs" ("song_id", "playlist_id", "order") VALUES ('c4wkbpbuvacq77zqqihgjyn48bvu1nsv7oapjhm4ytrzf2n5ms', '01teqy4ma2lztex0bawm1omvr71zhdo748v15zeqmxw5bkzevy', 1);
INSERT INTO "playlist" ("id", "name", "created_at", "user_id") VALUES ('xrm2798brwjghvhaf2z2g2zok0fx2tn4yzg8fere55wg5w6hff', 'Playlist 0', '2023-11-17 17:00:08.000','wswnd71f751io1o');
INSERT INTO "playlist_songs" ("song_id", "playlist_id", "order") VALUES ('4aby7lknr07f85dk4nzz1570mr3r9vsth1u9a95q2gcnhnha9w', 'xrm2798brwjghvhaf2z2g2zok0fx2tn4yzg8fere55wg5w6hff', 0);
INSERT INTO "playlist_songs" ("song_id", "playlist_id", "order") VALUES ('hrtqgf3ws2lc5u4w5da36rr8f4e8juqp4hl03bbogrervkx4m5', 'xrm2798brwjghvhaf2z2g2zok0fx2tn4yzg8fere55wg5w6hff', 5);
INSERT INTO "playlist_songs" ("song_id", "playlist_id", "order") VALUES ('dldo8mpwlp3qilha2fe578g1fya18ck6t7o5x1j1sq1kw99l04', 'xrm2798brwjghvhaf2z2g2zok0fx2tn4yzg8fere55wg5w6hff', 3);
INSERT INTO "playlist_songs" ("song_id", "playlist_id", "order") VALUES ('jylzha3h4v7t7p0tlvf462uns7n862wypelj82b8o7e517815j', 'xrm2798brwjghvhaf2z2g2zok0fx2tn4yzg8fere55wg5w6hff', 8);
INSERT INTO "playlist_songs" ("song_id", "playlist_id", "order") VALUES ('l1xc02xhso9wdieyn422wynyqk8y3hc3gqggpywy99s93ozktl', 'xrm2798brwjghvhaf2z2g2zok0fx2tn4yzg8fere55wg5w6hff', 2);
INSERT INTO "playlist_songs" ("song_id", "playlist_id", "order") VALUES ('cwr8ysnhexv7pyv3z6ts9n924o7l5hsx6rs18q906tmz7el3nd', 'xrm2798brwjghvhaf2z2g2zok0fx2tn4yzg8fere55wg5w6hff', 1);
INSERT INTO "playlist_songs" ("song_id", "playlist_id", "order") VALUES ('sa0cuzgi2fx8tmw7v97x0s6ajcgt21vdy8voxk6t5srb2tr85c', 'xrm2798brwjghvhaf2z2g2zok0fx2tn4yzg8fere55wg5w6hff', 6);
INSERT INTO "playlist_songs" ("song_id", "playlist_id", "order") VALUES ('atkximlqlt8ka6gwuqe7qw2kqk6qcz4ooayqld9dgmpo6slx3t', 'xrm2798brwjghvhaf2z2g2zok0fx2tn4yzg8fere55wg5w6hff', 4);
INSERT INTO "playlist_songs" ("song_id", "playlist_id", "order") VALUES ('jiebc4z4e79rme3c6kpo9ldnxnav0yr8c88u40vr2lemgo154z', 'xrm2798brwjghvhaf2z2g2zok0fx2tn4yzg8fere55wg5w6hff', 7);
INSERT INTO "playlist_songs" ("song_id", "playlist_id", "order") VALUES ('f2yz4uxlz4ww443yoswikvxhuafgarmhi73hb87mrbuqenglxz', 'xrm2798brwjghvhaf2z2g2zok0fx2tn4yzg8fere55wg5w6hff', 9);
INSERT INTO "playlist" ("id", "name", "created_at", "user_id") VALUES ('hmylexfa472392zjok20igay37vcx116z2evzv93muh1q634k4', 'Playlist 1', '2023-11-17 17:00:08.000','wswnd71f751io1o');
INSERT INTO "playlist_songs" ("song_id", "playlist_id", "order") VALUES ('g5re122rm30q6pu1q7qpkcnpdqzg2nw1r3to8u5efveqxffs3b', 'hmylexfa472392zjok20igay37vcx116z2evzv93muh1q634k4', 0);
INSERT INTO "playlist_songs" ("song_id", "playlist_id", "order") VALUES ('mw9t57xrq1gh8y8u2uv90t755xgv5y3ee80t65blgwply6evux', 'hmylexfa472392zjok20igay37vcx116z2evzv93muh1q634k4', 5);
INSERT INTO "playlist_songs" ("song_id", "playlist_id", "order") VALUES ('i8aeh9wntcdgz6u6obhfmvma5jl9xhviaa2dax61lwm5uofdvi', 'hmylexfa472392zjok20igay37vcx116z2evzv93muh1q634k4', 7);
INSERT INTO "playlist_songs" ("song_id", "playlist_id", "order") VALUES ('5710rps6vkx4wuvx56zh4sjz1rzsm4xq6odzxcb1p64h9fgi60', 'hmylexfa472392zjok20igay37vcx116z2evzv93muh1q634k4', 2);
INSERT INTO "playlist_songs" ("song_id", "playlist_id", "order") VALUES ('r31uu0j0pp3yhqxezuu9ovobqzu17pf81lmldjlxbpul6ukxw7', 'hmylexfa472392zjok20igay37vcx116z2evzv93muh1q634k4', 6);
INSERT INTO "playlist_songs" ("song_id", "playlist_id", "order") VALUES ('ivysjw5tatpsut34gbxr2mamjzipl7guufzunhwqx45hl365i8', 'hmylexfa472392zjok20igay37vcx116z2evzv93muh1q634k4', 9);
INSERT INTO "playlist_songs" ("song_id", "playlist_id", "order") VALUES ('x9a0r8sr2nva6uu8vvlgn84gh6wdhv53f29k14c8hh0lujii2d', 'hmylexfa472392zjok20igay37vcx116z2evzv93muh1q634k4', 1);
INSERT INTO "playlist_songs" ("song_id", "playlist_id", "order") VALUES ('ylx7yrku3a8chw3ar6k0a9r48qsome7a50t9vq4oxwxm4dxva5', 'hmylexfa472392zjok20igay37vcx116z2evzv93muh1q634k4', 8);
INSERT INTO "playlist_songs" ("song_id", "playlist_id", "order") VALUES ('wqzneak21oy5t1z8u2ccqapv7wqb5kp82y4irw0f7wgfy2xmwd', 'hmylexfa472392zjok20igay37vcx116z2evzv93muh1q634k4', 4);
INSERT INTO "playlist_songs" ("song_id", "playlist_id", "order") VALUES ('zfxc1gwg9y1whgxfgacnqt1m1k8gdjoen6ul4m1vkx12ydor8m', 'hmylexfa472392zjok20igay37vcx116z2evzv93muh1q634k4', 3);
INSERT INTO "playlist" ("id", "name", "created_at", "user_id") VALUES ('iwetqm9tpg8ep20mw6g0mwjbofg7fkzetpqv9s5vrsvl6o2fkb', 'Playlist 0', '2023-11-17 17:00:08.000','yjdjyvny7lk8wzl');
INSERT INTO "playlist_songs" ("song_id", "playlist_id", "order") VALUES ('sbgfcv9x25i6g73rszhsmzoe67k9utz8672cttudsetfah22h9', 'iwetqm9tpg8ep20mw6g0mwjbofg7fkzetpqv9s5vrsvl6o2fkb', 0);
INSERT INTO "playlist_songs" ("song_id", "playlist_id", "order") VALUES ('epd63p6vyaweo674wu30r3wwxmamvafyddqc11dupty6f68h6q', 'iwetqm9tpg8ep20mw6g0mwjbofg7fkzetpqv9s5vrsvl6o2fkb', 1);
INSERT INTO "playlist_songs" ("song_id", "playlist_id", "order") VALUES ('oyl3qokmb95q6y484wyrb43ea7jk2o7uanw70iqp4sjhwl9kf3', 'iwetqm9tpg8ep20mw6g0mwjbofg7fkzetpqv9s5vrsvl6o2fkb', 7);
INSERT INTO "playlist_songs" ("song_id", "playlist_id", "order") VALUES ('b5irfwmfcaqb2gc6f6b23yl03h44xum18dq1wwkfrzgua00wlu', 'iwetqm9tpg8ep20mw6g0mwjbofg7fkzetpqv9s5vrsvl6o2fkb', 4);
INSERT INTO "playlist_songs" ("song_id", "playlist_id", "order") VALUES ('970e7gl8vwljgmt47ntdmp26bnuo050zv4t5p84qg2ijz2r5ky', 'iwetqm9tpg8ep20mw6g0mwjbofg7fkzetpqv9s5vrsvl6o2fkb', 2);
INSERT INTO "playlist_songs" ("song_id", "playlist_id", "order") VALUES ('4r7o2ls7vgwcj62cdzdb8o2t7c5sy4v2e8wuk39omrlboox1q4', 'iwetqm9tpg8ep20mw6g0mwjbofg7fkzetpqv9s5vrsvl6o2fkb', 9);
INSERT INTO "playlist_songs" ("song_id", "playlist_id", "order") VALUES ('6vdsfclow7417fwx8h61zgfo2d1kr9aixvbaegpjse6m7m25m1', 'iwetqm9tpg8ep20mw6g0mwjbofg7fkzetpqv9s5vrsvl6o2fkb', 3);
INSERT INTO "playlist_songs" ("song_id", "playlist_id", "order") VALUES ('yhxthqc6kmxyp9hf9rfz4cizt9mdmc6npimjsj9bplfso7x00d', 'iwetqm9tpg8ep20mw6g0mwjbofg7fkzetpqv9s5vrsvl6o2fkb', 6);
INSERT INTO "playlist_songs" ("song_id", "playlist_id", "order") VALUES ('n8fd54khjwlc8p4l0malg3ztucw3x2xmy9z1gl6ox4y2z7fzcl', 'iwetqm9tpg8ep20mw6g0mwjbofg7fkzetpqv9s5vrsvl6o2fkb', 5);
INSERT INTO "playlist_songs" ("song_id", "playlist_id", "order") VALUES ('y9rlipqgb6ckcpt42gqc7y4j36pd5bvlcisr50z9fibzjfez26', 'iwetqm9tpg8ep20mw6g0mwjbofg7fkzetpqv9s5vrsvl6o2fkb', 8);
INSERT INTO "playlist" ("id", "name", "created_at", "user_id") VALUES ('3qzghls7wbezeou90ewlntnmrpjbgdhkgbcdbwsdevtiy999wd', 'Playlist 1', '2023-11-17 17:00:08.000','yjdjyvny7lk8wzl');
INSERT INTO "playlist_songs" ("song_id", "playlist_id", "order") VALUES ('fbaixe1v2554tkdr36y53oijbr0yoshaieb3k9autjmk9z79zn', '3qzghls7wbezeou90ewlntnmrpjbgdhkgbcdbwsdevtiy999wd', 0);
INSERT INTO "playlist_songs" ("song_id", "playlist_id", "order") VALUES ('qp8wad28emot9zdpkndc1wkbg1o1m452m7eaknlch6f9w4ebyr', '3qzghls7wbezeou90ewlntnmrpjbgdhkgbcdbwsdevtiy999wd', 7);
INSERT INTO "playlist_songs" ("song_id", "playlist_id", "order") VALUES ('yl00b2mlmvb6dpeoseyrat3ro0aeyfk00o0ifhnkt70zvv86b6', '3qzghls7wbezeou90ewlntnmrpjbgdhkgbcdbwsdevtiy999wd', 3);
INSERT INTO "playlist_songs" ("song_id", "playlist_id", "order") VALUES ('jiebc4z4e79rme3c6kpo9ldnxnav0yr8c88u40vr2lemgo154z', '3qzghls7wbezeou90ewlntnmrpjbgdhkgbcdbwsdevtiy999wd', 8);
INSERT INTO "playlist_songs" ("song_id", "playlist_id", "order") VALUES ('ubxrsbo11ix1dikkapo5zi1xwp1nnyc3y1z71btlj96o2awfq3', '3qzghls7wbezeou90ewlntnmrpjbgdhkgbcdbwsdevtiy999wd', 2);
INSERT INTO "playlist_songs" ("song_id", "playlist_id", "order") VALUES ('4guzneos5oeva55rb2ywbp6x2ox6uia5vko1goghtmwuuncae8', '3qzghls7wbezeou90ewlntnmrpjbgdhkgbcdbwsdevtiy999wd', 6);
INSERT INTO "playlist_songs" ("song_id", "playlist_id", "order") VALUES ('g84tv6s9x9v13yque77smf05q3fqieu8ukt9iuj79995onreyd', '3qzghls7wbezeou90ewlntnmrpjbgdhkgbcdbwsdevtiy999wd', 5);
INSERT INTO "playlist_songs" ("song_id", "playlist_id", "order") VALUES ('edijp4mii9soju9m3vuwmqq6hui829qno8f7ys0m8sv6lc0hbd', '3qzghls7wbezeou90ewlntnmrpjbgdhkgbcdbwsdevtiy999wd', 9);
INSERT INTO "playlist_songs" ("song_id", "playlist_id", "order") VALUES ('r0v8oxgwrjdgj5u0khstj67i211ueucg3qvuobrazmuv389t5y', '3qzghls7wbezeou90ewlntnmrpjbgdhkgbcdbwsdevtiy999wd', 1);
INSERT INTO "playlist_songs" ("song_id", "playlist_id", "order") VALUES ('d98rdfquf5a4bsaj02fjt2hg8jkg0tzvsc1gyk3yd7kz1igu8h', '3qzghls7wbezeou90ewlntnmrpjbgdhkgbcdbwsdevtiy999wd', 4);
INSERT INTO "playlist" ("id", "name", "created_at", "user_id") VALUES ('wcy83hp6expcth62y2mjbyybamp7kniz5w8woz2e6vs1v3af8n', 'Playlist 0', '2023-11-17 17:00:08.000','xiobm7toessywvu');
INSERT INTO "playlist_songs" ("song_id", "playlist_id", "order") VALUES ('02gyhid3wn7x4mvjm303mpk6ko6xwf2r7aa248t5t8f42z9ijs', 'wcy83hp6expcth62y2mjbyybamp7kniz5w8woz2e6vs1v3af8n', 0);
INSERT INTO "playlist_songs" ("song_id", "playlist_id", "order") VALUES ('hrixznkb5lro49xcrzdfwn5ylsaqgyqlrkpzy79tzy3tmaoa1g', 'wcy83hp6expcth62y2mjbyybamp7kniz5w8woz2e6vs1v3af8n', 5);
INSERT INTO "playlist_songs" ("song_id", "playlist_id", "order") VALUES ('vot29nzci5e8ypvya1typkq8p7xxi3epggmc0qxciwjslcekb6', 'wcy83hp6expcth62y2mjbyybamp7kniz5w8woz2e6vs1v3af8n', 8);
INSERT INTO "playlist_songs" ("song_id", "playlist_id", "order") VALUES ('4guzneos5oeva55rb2ywbp6x2ox6uia5vko1goghtmwuuncae8', 'wcy83hp6expcth62y2mjbyybamp7kniz5w8woz2e6vs1v3af8n', 1);
INSERT INTO "playlist_songs" ("song_id", "playlist_id", "order") VALUES ('ua173lcxi3n5tlulns9myadqozyudhhd3khl47b41fm89yc8z2', 'wcy83hp6expcth62y2mjbyybamp7kniz5w8woz2e6vs1v3af8n', 7);
INSERT INTO "playlist_songs" ("song_id", "playlist_id", "order") VALUES ('cj9xqxro05ob5opj2flw7ycdtm4jmnqxdk364ao6rx2g58yxi6', 'wcy83hp6expcth62y2mjbyybamp7kniz5w8woz2e6vs1v3af8n', 2);
INSERT INTO "playlist_songs" ("song_id", "playlist_id", "order") VALUES ('xu5332dicr41q9mxlhom2hue6mjyjy3uk328xvnl5a9j7uxijg', 'wcy83hp6expcth62y2mjbyybamp7kniz5w8woz2e6vs1v3af8n', 4);
INSERT INTO "playlist_songs" ("song_id", "playlist_id", "order") VALUES ('l4uolq54vb6253ra648ex02ykjff0jj8ezd0yy5s8oj6piu8b4', 'wcy83hp6expcth62y2mjbyybamp7kniz5w8woz2e6vs1v3af8n', 9);
INSERT INTO "playlist_songs" ("song_id", "playlist_id", "order") VALUES ('zfxc1gwg9y1whgxfgacnqt1m1k8gdjoen6ul4m1vkx12ydor8m', 'wcy83hp6expcth62y2mjbyybamp7kniz5w8woz2e6vs1v3af8n', 6);
INSERT INTO "playlist_songs" ("song_id", "playlist_id", "order") VALUES ('9dek51xqjcknmq1raky5o9r5bh7rp20v6cywlfe1ocywft0fjm', 'wcy83hp6expcth62y2mjbyybamp7kniz5w8woz2e6vs1v3af8n', 3);
INSERT INTO "playlist" ("id", "name", "created_at", "user_id") VALUES ('46aupy5uw77nzy83eqx0cswtca7o32x73lr4tkw4bxc6h7ilqj', 'Playlist 1', '2023-11-17 17:00:08.000','xiobm7toessywvu');
INSERT INTO "playlist_songs" ("song_id", "playlist_id", "order") VALUES ('20o2brewz4aqjclo08i7ui9ojbs20oy1ha8bi4y3xo9jb6im83', '46aupy5uw77nzy83eqx0cswtca7o32x73lr4tkw4bxc6h7ilqj', 0);
INSERT INTO "playlist_songs" ("song_id", "playlist_id", "order") VALUES ('xwsd60argom1sd9a3lzf82a3mmgbyzp0odw9eadrpp1qoy820h', '46aupy5uw77nzy83eqx0cswtca7o32x73lr4tkw4bxc6h7ilqj', 4);
INSERT INTO "playlist_songs" ("song_id", "playlist_id", "order") VALUES ('i8aeh9wntcdgz6u6obhfmvma5jl9xhviaa2dax61lwm5uofdvi', '46aupy5uw77nzy83eqx0cswtca7o32x73lr4tkw4bxc6h7ilqj', 1);
INSERT INTO "playlist_songs" ("song_id", "playlist_id", "order") VALUES ('zdthagrhsb9nan6tthnmglq067a5ookfh56mswg0d114ah3x7k', '46aupy5uw77nzy83eqx0cswtca7o32x73lr4tkw4bxc6h7ilqj', 5);
INSERT INTO "playlist_songs" ("song_id", "playlist_id", "order") VALUES ('0i89tg9qy28qpao69dh6q6sh4ymvcmm2b5d8evvet5acba8o6y', '46aupy5uw77nzy83eqx0cswtca7o32x73lr4tkw4bxc6h7ilqj', 8);
INSERT INTO "playlist_songs" ("song_id", "playlist_id", "order") VALUES ('xsy0bzkmwotlngfmqj05ynuo7ga5hlo2isfvsptwo0xzwpv6xz', '46aupy5uw77nzy83eqx0cswtca7o32x73lr4tkw4bxc6h7ilqj', 9);
INSERT INTO "playlist_songs" ("song_id", "playlist_id", "order") VALUES ('030fshng3pldbnkpmlq0tdvv2uyzsy8ym8pn1cm0d8tx7qpl0i', '46aupy5uw77nzy83eqx0cswtca7o32x73lr4tkw4bxc6h7ilqj', 3);
INSERT INTO "playlist_songs" ("song_id", "playlist_id", "order") VALUES ('8s98fnrjdf8wgzrhrj6jk68ew1tbfn372eyxepst0qhcel8egp', '46aupy5uw77nzy83eqx0cswtca7o32x73lr4tkw4bxc6h7ilqj', 2);
INSERT INTO "playlist_songs" ("song_id", "playlist_id", "order") VALUES ('0gh939quogd1e735pacf97fv3r0nckxpqhnsnevhaagstch1iz', '46aupy5uw77nzy83eqx0cswtca7o32x73lr4tkw4bxc6h7ilqj', 7);
INSERT INTO "playlist_songs" ("song_id", "playlist_id", "order") VALUES ('hrq1dcao9dw882rsjqi1axnq6lmyui8nof43dmr9czlol7a1qa', '46aupy5uw77nzy83eqx0cswtca7o32x73lr4tkw4bxc6h7ilqj', 6);
INSERT INTO "playlist" ("id", "name", "created_at", "user_id") VALUES ('7izm61pam1523ixwuygtqqhiqr4nua7bpbnin5ifm8vpgti8q4', 'Playlist 0', '2023-11-17 17:00:08.000','19skjpxffj12xnx');
INSERT INTO "playlist_songs" ("song_id", "playlist_id", "order") VALUES ('lsq1lk7ciifpj8q3bttwsw1ly0e7sqkn1ycx670ymn52a2minc', '7izm61pam1523ixwuygtqqhiqr4nua7bpbnin5ifm8vpgti8q4', 0);
INSERT INTO "playlist_songs" ("song_id", "playlist_id", "order") VALUES ('0gh939quogd1e735pacf97fv3r0nckxpqhnsnevhaagstch1iz', '7izm61pam1523ixwuygtqqhiqr4nua7bpbnin5ifm8vpgti8q4', 3);
INSERT INTO "playlist_songs" ("song_id", "playlist_id", "order") VALUES ('98r7ifivwep2bncz9706a2r2eo0rxdh1ek2lhp6dql5eamf8o1', '7izm61pam1523ixwuygtqqhiqr4nua7bpbnin5ifm8vpgti8q4', 8);
INSERT INTO "playlist_songs" ("song_id", "playlist_id", "order") VALUES ('gw6ewk9m1p7gvhg83f527hy4nxaks1stxjz2r98zmkuaevwhj3', '7izm61pam1523ixwuygtqqhiqr4nua7bpbnin5ifm8vpgti8q4', 4);
INSERT INTO "playlist_songs" ("song_id", "playlist_id", "order") VALUES ('jylzha3h4v7t7p0tlvf462uns7n862wypelj82b8o7e517815j', '7izm61pam1523ixwuygtqqhiqr4nua7bpbnin5ifm8vpgti8q4', 2);
INSERT INTO "playlist_songs" ("song_id", "playlist_id", "order") VALUES ('8le3inymsqmqavnd772y3cb38l86nhm5igkrg9f2y6swdpmwni', '7izm61pam1523ixwuygtqqhiqr4nua7bpbnin5ifm8vpgti8q4', 9);
INSERT INTO "playlist_songs" ("song_id", "playlist_id", "order") VALUES ('pgreemwv8od5a1oyhh1vhzzkw1k0vrss0l3toq2poo21g9l0c4', '7izm61pam1523ixwuygtqqhiqr4nua7bpbnin5ifm8vpgti8q4', 6);
INSERT INTO "playlist_songs" ("song_id", "playlist_id", "order") VALUES ('p1to819iciqdy5xphshmz3y4lv78muxzyer5nee4zoc8lox1g3', '7izm61pam1523ixwuygtqqhiqr4nua7bpbnin5ifm8vpgti8q4', 1);
INSERT INTO "playlist_songs" ("song_id", "playlist_id", "order") VALUES ('m06evee87pwqyqkp4d7hswyzn90iyl1bcq9p8h0df1elh1p4i8', '7izm61pam1523ixwuygtqqhiqr4nua7bpbnin5ifm8vpgti8q4', 5);
INSERT INTO "playlist_songs" ("song_id", "playlist_id", "order") VALUES ('fwa9ta4ls2q7vach3ps6sdyuubzj2f1c99y796athsivlyxhr7', '7izm61pam1523ixwuygtqqhiqr4nua7bpbnin5ifm8vpgti8q4', 7);
INSERT INTO "playlist" ("id", "name", "created_at", "user_id") VALUES ('0s7wxlmkqre5i1nq1sfsktnh1ymv74hoazpjnxf6x4fum0yc2e', 'Playlist 1', '2023-11-17 17:00:08.000','19skjpxffj12xnx');
INSERT INTO "playlist_songs" ("song_id", "playlist_id", "order") VALUES ('90xpwctkjujdfv2t924fxjemh1x7y472ygrzm1jhpgwsh3mrwt', '0s7wxlmkqre5i1nq1sfsktnh1ymv74hoazpjnxf6x4fum0yc2e', 0);
INSERT INTO "playlist_songs" ("song_id", "playlist_id", "order") VALUES ('5710rps6vkx4wuvx56zh4sjz1rzsm4xq6odzxcb1p64h9fgi60', '0s7wxlmkqre5i1nq1sfsktnh1ymv74hoazpjnxf6x4fum0yc2e', 2);
INSERT INTO "playlist_songs" ("song_id", "playlist_id", "order") VALUES ('by86y0rjaeo3w9j4jnza8hl10kpajd06z95eqp5fizcfvc1l34', '0s7wxlmkqre5i1nq1sfsktnh1ymv74hoazpjnxf6x4fum0yc2e', 8);
INSERT INTO "playlist_songs" ("song_id", "playlist_id", "order") VALUES ('572ru2b6ap3mz6kzlx0xinwk2ree8jpd887j7xwoxsn2fi67c3', '0s7wxlmkqre5i1nq1sfsktnh1ymv74hoazpjnxf6x4fum0yc2e', 1);
INSERT INTO "playlist_songs" ("song_id", "playlist_id", "order") VALUES ('fougq1lkklfkiv3550bhe5dt6q1356rl4dlj52trg0x27hcz9p', '0s7wxlmkqre5i1nq1sfsktnh1ymv74hoazpjnxf6x4fum0yc2e', 5);
INSERT INTO "playlist_songs" ("song_id", "playlist_id", "order") VALUES ('98r7ifivwep2bncz9706a2r2eo0rxdh1ek2lhp6dql5eamf8o1', '0s7wxlmkqre5i1nq1sfsktnh1ymv74hoazpjnxf6x4fum0yc2e', 3);
INSERT INTO "playlist_songs" ("song_id", "playlist_id", "order") VALUES ('6no1p48p7a10w3x57ubm4hdupuqsyhzg5p19uv36uytwj6srbq', '0s7wxlmkqre5i1nq1sfsktnh1ymv74hoazpjnxf6x4fum0yc2e', 7);
INSERT INTO "playlist_songs" ("song_id", "playlist_id", "order") VALUES ('h1wx093xk2dh1y5deolcoe80210e9wey1r2obj243hl6j7j0p6', '0s7wxlmkqre5i1nq1sfsktnh1ymv74hoazpjnxf6x4fum0yc2e', 9);
INSERT INTO "playlist_songs" ("song_id", "playlist_id", "order") VALUES ('qrenxdzjztp9bs6kmirzezvblk8edaunwnkr3z2c35mqp6odux', '0s7wxlmkqre5i1nq1sfsktnh1ymv74hoazpjnxf6x4fum0yc2e', 4);
INSERT INTO "playlist_songs" ("song_id", "playlist_id", "order") VALUES ('k7gt6nkoaaccqg8xunwh5f2k15b3zqtk3w85eeyv600b0hjavj', '0s7wxlmkqre5i1nq1sfsktnh1ymv74hoazpjnxf6x4fum0yc2e', 6);
INSERT INTO "playlist" ("id", "name", "created_at", "user_id") VALUES ('1zw80rwtbvw06e79ol36v1o7uyckay64flwk0ivlrwrxw6ivbo', 'Playlist 0', '2023-11-17 17:00:08.000','m8mp2g1poa3k4yd');
INSERT INTO "playlist_songs" ("song_id", "playlist_id", "order") VALUES ('ohfz8zgp56q6jcgyrkp52yhaecz33tcjrg6fuvyojihtse3fav', '1zw80rwtbvw06e79ol36v1o7uyckay64flwk0ivlrwrxw6ivbo', 0);
INSERT INTO "playlist_songs" ("song_id", "playlist_id", "order") VALUES ('8h7natilkpvhow4tn8qw4isypi09vunm52ulxmdofxolrqq52i', '1zw80rwtbvw06e79ol36v1o7uyckay64flwk0ivlrwrxw6ivbo', 7);
INSERT INTO "playlist_songs" ("song_id", "playlist_id", "order") VALUES ('xsrhj4e2t86eujvos8rmhsbrdru64e3cynel5ybiuh18a79nut', '1zw80rwtbvw06e79ol36v1o7uyckay64flwk0ivlrwrxw6ivbo', 1);
INSERT INTO "playlist_songs" ("song_id", "playlist_id", "order") VALUES ('zbcl5kcd1m3bgr5v06mpcn6q5b7bgoaz8f59ii52we1h73ekjr', '1zw80rwtbvw06e79ol36v1o7uyckay64flwk0ivlrwrxw6ivbo', 6);
INSERT INTO "playlist_songs" ("song_id", "playlist_id", "order") VALUES ('4j45ssa5at0s2i7run3bst2zum7wv8smttfsp40cvtn7es4wdy', '1zw80rwtbvw06e79ol36v1o7uyckay64flwk0ivlrwrxw6ivbo', 2);
INSERT INTO "playlist_songs" ("song_id", "playlist_id", "order") VALUES ('mlyaz1q1y2g9vw30gqnhqzbja5m3m3mrdjatz1oklkm0s6q2eh', '1zw80rwtbvw06e79ol36v1o7uyckay64flwk0ivlrwrxw6ivbo', 9);
INSERT INTO "playlist_songs" ("song_id", "playlist_id", "order") VALUES ('0o95ru4pcsxxxnq1171cxlwffse84btsro6px7rsw3yasnzmig', '1zw80rwtbvw06e79ol36v1o7uyckay64flwk0ivlrwrxw6ivbo', 4);
INSERT INTO "playlist_songs" ("song_id", "playlist_id", "order") VALUES ('s7kxdz5nnfa80wzkgjahju26yc3e9wgs1yem00e0r1jw4gbvsy', '1zw80rwtbvw06e79ol36v1o7uyckay64flwk0ivlrwrxw6ivbo', 3);
INSERT INTO "playlist_songs" ("song_id", "playlist_id", "order") VALUES ('ckg7swoyl476hdcaw9l3c39qewofdimwjegujf6sb5bih7t4dn', '1zw80rwtbvw06e79ol36v1o7uyckay64flwk0ivlrwrxw6ivbo', 8);
INSERT INTO "playlist_songs" ("song_id", "playlist_id", "order") VALUES ('vlyfje8xju7h76l9h330wslksrzb9b9cp6sftvf69nnpe3szog', '1zw80rwtbvw06e79ol36v1o7uyckay64flwk0ivlrwrxw6ivbo', 5);
INSERT INTO "playlist" ("id", "name", "created_at", "user_id") VALUES ('ojzx29imvusk7yti8gcvs99n34jf00hvl2srsmkspdtvjdn7uh', 'Playlist 1', '2023-11-17 17:00:08.000','m8mp2g1poa3k4yd');
INSERT INTO "playlist_songs" ("song_id", "playlist_id", "order") VALUES ('r31uu0j0pp3yhqxezuu9ovobqzu17pf81lmldjlxbpul6ukxw7', 'ojzx29imvusk7yti8gcvs99n34jf00hvl2srsmkspdtvjdn7uh', 0);
INSERT INTO "playlist_songs" ("song_id", "playlist_id", "order") VALUES ('w30sbs0awylgmisnrqpaqpdpisdx5unr1du70u8v8av0bn77wz', 'ojzx29imvusk7yti8gcvs99n34jf00hvl2srsmkspdtvjdn7uh', 9);
INSERT INTO "playlist_songs" ("song_id", "playlist_id", "order") VALUES ('69jdk1vu66j9vpgh570i8stmpskj3mucckgg42qo5pkn9cs93o', 'ojzx29imvusk7yti8gcvs99n34jf00hvl2srsmkspdtvjdn7uh', 5);
INSERT INTO "playlist_songs" ("song_id", "playlist_id", "order") VALUES ('yrulz060544q0xfu1dxu7yxzu8f8enee31gdnz195kbyvj87ri', 'ojzx29imvusk7yti8gcvs99n34jf00hvl2srsmkspdtvjdn7uh', 4);
INSERT INTO "playlist_songs" ("song_id", "playlist_id", "order") VALUES ('vm66lok7j59yr0unr9mg26ph5ovoz30hlqkatb5wzcubzxufg1', 'ojzx29imvusk7yti8gcvs99n34jf00hvl2srsmkspdtvjdn7uh', 2);
INSERT INTO "playlist_songs" ("song_id", "playlist_id", "order") VALUES ('qkgpfn7msrmhx3hzts7mw7w9iednihoioz93kr6h5xcue6okna', 'ojzx29imvusk7yti8gcvs99n34jf00hvl2srsmkspdtvjdn7uh', 6);
INSERT INTO "playlist_songs" ("song_id", "playlist_id", "order") VALUES ('19nkryrdb1lo03roov799irjhr0a19o0ndj9bmngri1e11vn2m', 'ojzx29imvusk7yti8gcvs99n34jf00hvl2srsmkspdtvjdn7uh', 8);
INSERT INTO "playlist_songs" ("song_id", "playlist_id", "order") VALUES ('v7xj078r1tcpzrgl5n7pwfxbwvprcm3ttvslm9iind28akvwqb', 'ojzx29imvusk7yti8gcvs99n34jf00hvl2srsmkspdtvjdn7uh', 3);
INSERT INTO "playlist_songs" ("song_id", "playlist_id", "order") VALUES ('qrenxdzjztp9bs6kmirzezvblk8edaunwnkr3z2c35mqp6odux', 'ojzx29imvusk7yti8gcvs99n34jf00hvl2srsmkspdtvjdn7uh', 1);
INSERT INTO "playlist_songs" ("song_id", "playlist_id", "order") VALUES ('fbaixe1v2554tkdr36y53oijbr0yoshaieb3k9autjmk9z79zn', 'ojzx29imvusk7yti8gcvs99n34jf00hvl2srsmkspdtvjdn7uh', 7);
INSERT INTO "playlist" ("id", "name", "created_at", "user_id") VALUES ('iezuo0ikcypr6ra8op098eaext90ng4befbbtvmamvih3362uk', 'Playlist 0', '2023-11-17 17:00:08.000','l5ypcg4m55octfk');
INSERT INTO "playlist_songs" ("song_id", "playlist_id", "order") VALUES ('kqw1ecfc6wutzljzqbiyi0klqzj94tet8jwu1bq9nrd7eh8mq2', 'iezuo0ikcypr6ra8op098eaext90ng4befbbtvmamvih3362uk', 0);
INSERT INTO "playlist_songs" ("song_id", "playlist_id", "order") VALUES ('j73zk7gxg3lk6ec6j8ed2dx060s7oyetk5cvdit85tha7ajq6g', 'iezuo0ikcypr6ra8op098eaext90ng4befbbtvmamvih3362uk', 8);
INSERT INTO "playlist_songs" ("song_id", "playlist_id", "order") VALUES ('japchheriv543qiz6uokyb6ktsmp7lywrcsdsczvrwnoz765bn', 'iezuo0ikcypr6ra8op098eaext90ng4befbbtvmamvih3362uk', 5);
INSERT INTO "playlist_songs" ("song_id", "playlist_id", "order") VALUES ('ptv9crgffyaev9siuh4ikgkcho7a0v4sfv3fakrityasc5p12r', 'iezuo0ikcypr6ra8op098eaext90ng4befbbtvmamvih3362uk', 3);
INSERT INTO "playlist_songs" ("song_id", "playlist_id", "order") VALUES ('vot29nzci5e8ypvya1typkq8p7xxi3epggmc0qxciwjslcekb6', 'iezuo0ikcypr6ra8op098eaext90ng4befbbtvmamvih3362uk', 1);
INSERT INTO "playlist_songs" ("song_id", "playlist_id", "order") VALUES ('h63cf4g87utoy9fd0hfwxwfmmv8oiwli8ac9eysjcl2247lcm2', 'iezuo0ikcypr6ra8op098eaext90ng4befbbtvmamvih3362uk', 2);
INSERT INTO "playlist_songs" ("song_id", "playlist_id", "order") VALUES ('djdjtulu485zqd4c7fvc9gvqv1jzl47dfkdm8gqatqtx44cqc2', 'iezuo0ikcypr6ra8op098eaext90ng4befbbtvmamvih3362uk', 6);
INSERT INTO "playlist_songs" ("song_id", "playlist_id", "order") VALUES ('nd36mdcgl7nliksmwmzkv3qiezg2uqye7q7cqiiorglhvklbg0', 'iezuo0ikcypr6ra8op098eaext90ng4befbbtvmamvih3362uk', 4);
INSERT INTO "playlist_songs" ("song_id", "playlist_id", "order") VALUES ('guxjwhkqybzfwpwes26dw959jhs7wfdkmpkijyfbq6j5tho24l', 'iezuo0ikcypr6ra8op098eaext90ng4befbbtvmamvih3362uk', 7);
INSERT INTO "playlist_songs" ("song_id", "playlist_id", "order") VALUES ('hva90pm3y1z9zohkdl6tqiiq3v88h6p26kbh0n40m0q0pg3lms', 'iezuo0ikcypr6ra8op098eaext90ng4befbbtvmamvih3362uk', 9);
INSERT INTO "playlist" ("id", "name", "created_at", "user_id") VALUES ('ylwm2azvokhjj5yf5bo1rjdpgrjm4chpm3b8xkummfrel28dzb', 'Playlist 1', '2023-11-17 17:00:08.000','l5ypcg4m55octfk');
INSERT INTO "playlist_songs" ("song_id", "playlist_id", "order") VALUES ('pgreemwv8od5a1oyhh1vhzzkw1k0vrss0l3toq2poo21g9l0c4', 'ylwm2azvokhjj5yf5bo1rjdpgrjm4chpm3b8xkummfrel28dzb', 0);
INSERT INTO "playlist_songs" ("song_id", "playlist_id", "order") VALUES ('tge9xuz7vo27upmvs5bspck4kx34d92o4lu1uqyhdot6blvcen', 'ylwm2azvokhjj5yf5bo1rjdpgrjm4chpm3b8xkummfrel28dzb', 9);
INSERT INTO "playlist_songs" ("song_id", "playlist_id", "order") VALUES ('wzoi0d4ksbguis34b3que77sk4d2zpnsfdy1jx7kohe94ewpj0', 'ylwm2azvokhjj5yf5bo1rjdpgrjm4chpm3b8xkummfrel28dzb', 5);
INSERT INTO "playlist_songs" ("song_id", "playlist_id", "order") VALUES ('5eijpfftgl79m85rgcy52xpwcp0ttmt4o8ryvn4j3f2qrko9u2', 'ylwm2azvokhjj5yf5bo1rjdpgrjm4chpm3b8xkummfrel28dzb', 6);
INSERT INTO "playlist_songs" ("song_id", "playlist_id", "order") VALUES ('g5re122rm30q6pu1q7qpkcnpdqzg2nw1r3to8u5efveqxffs3b', 'ylwm2azvokhjj5yf5bo1rjdpgrjm4chpm3b8xkummfrel28dzb', 4);
INSERT INTO "playlist_songs" ("song_id", "playlist_id", "order") VALUES ('p6mcxun1tonhf8q0q7jyz0qd9a35hjhbdj98v8n8svuq7615hj', 'ylwm2azvokhjj5yf5bo1rjdpgrjm4chpm3b8xkummfrel28dzb', 8);
INSERT INTO "playlist_songs" ("song_id", "playlist_id", "order") VALUES ('g4docryglitz3esdgokkmo5qf47qsx6ua1gbj3bfnmwfhi4bp7', 'ylwm2azvokhjj5yf5bo1rjdpgrjm4chpm3b8xkummfrel28dzb', 3);
INSERT INTO "playlist_songs" ("song_id", "playlist_id", "order") VALUES ('9tacl2r07tyote15v7zcfou2bjasx1qlsct7ttmfxbwuuh4wpg', 'ylwm2azvokhjj5yf5bo1rjdpgrjm4chpm3b8xkummfrel28dzb', 2);
INSERT INTO "playlist_songs" ("song_id", "playlist_id", "order") VALUES ('l1xc02xhso9wdieyn422wynyqk8y3hc3gqggpywy99s93ozktl', 'ylwm2azvokhjj5yf5bo1rjdpgrjm4chpm3b8xkummfrel28dzb', 1);
INSERT INTO "playlist_songs" ("song_id", "playlist_id", "order") VALUES ('rsnfo3todf9v0evmzzod6uzst0k2k7a0de1whsk60yr45vbphj', 'ylwm2azvokhjj5yf5bo1rjdpgrjm4chpm3b8xkummfrel28dzb', 7);
INSERT INTO "playlist" ("id", "name", "created_at", "user_id") VALUES ('4mjnv2093baimcgedyhgb70f5oomhav9fi1rco82yydx861zpq', 'Playlist 0', '2023-11-17 17:00:08.000','icqlt67n2fd7p34');
INSERT INTO "playlist_songs" ("song_id", "playlist_id", "order") VALUES ('vuri8fc4jivwnu0zus3ufme01bo621y1pnfgpva1ot28dus5jj', '4mjnv2093baimcgedyhgb70f5oomhav9fi1rco82yydx861zpq', 0);
INSERT INTO "playlist_songs" ("song_id", "playlist_id", "order") VALUES ('nvzqq2d9443cn0xsjwlkixxlor3re4djk4vrwggdxw7bp3wrv8', '4mjnv2093baimcgedyhgb70f5oomhav9fi1rco82yydx861zpq', 3);
INSERT INTO "playlist_songs" ("song_id", "playlist_id", "order") VALUES ('m6dcfs7476kywpb8b4ohroxfqxcg7gsza70ewnfkexgsylxutx', '4mjnv2093baimcgedyhgb70f5oomhav9fi1rco82yydx861zpq', 8);
INSERT INTO "playlist_songs" ("song_id", "playlist_id", "order") VALUES ('i252ogpp5bsk7kq2v8m4pzuue8kxi8y9bzp4ec7rsf0r5ceerl', '4mjnv2093baimcgedyhgb70f5oomhav9fi1rco82yydx861zpq', 7);
INSERT INTO "playlist_songs" ("song_id", "playlist_id", "order") VALUES ('lfm8vyxipfeuu5s3c0m6lpb0p8xjmotmzswuf2eq75b8qprcaz', '4mjnv2093baimcgedyhgb70f5oomhav9fi1rco82yydx861zpq', 4);
INSERT INTO "playlist_songs" ("song_id", "playlist_id", "order") VALUES ('c3ltl6qh5h2k76rqrdpq14j4tg7swvpqhl74bzoo17dzuwuhu8', '4mjnv2093baimcgedyhgb70f5oomhav9fi1rco82yydx861zpq', 5);
INSERT INTO "playlist_songs" ("song_id", "playlist_id", "order") VALUES ('4dbscxif2gotvqsfyfina4ao4ehqct08k5uxdep92erdr4l5nx', '4mjnv2093baimcgedyhgb70f5oomhav9fi1rco82yydx861zpq', 1);
INSERT INTO "playlist_songs" ("song_id", "playlist_id", "order") VALUES ('bxcc08mnul04vj5du217k0trluihmru1rb2cfc3gm6f9kw4f0c', '4mjnv2093baimcgedyhgb70f5oomhav9fi1rco82yydx861zpq', 9);
INSERT INTO "playlist_songs" ("song_id", "playlist_id", "order") VALUES ('qp8wad28emot9zdpkndc1wkbg1o1m452m7eaknlch6f9w4ebyr', '4mjnv2093baimcgedyhgb70f5oomhav9fi1rco82yydx861zpq', 2);
INSERT INTO "playlist_songs" ("song_id", "playlist_id", "order") VALUES ('t8y86asvfgea51wsdze7qusk7d9eyl8tjl3i01nns1rvpqadqe', '4mjnv2093baimcgedyhgb70f5oomhav9fi1rco82yydx861zpq', 6);
INSERT INTO "playlist" ("id", "name", "created_at", "user_id") VALUES ('y97zjxo4ywel2q9cbj3d87mod6jcnesgp5pn7sx4k96819xj3m', 'Playlist 1', '2023-11-17 17:00:08.000','icqlt67n2fd7p34');
INSERT INTO "playlist_songs" ("song_id", "playlist_id", "order") VALUES ('96v9ii3odpthtgq6e90wrb73s3sa8beyfk2dpbtwsezk8519ag', 'y97zjxo4ywel2q9cbj3d87mod6jcnesgp5pn7sx4k96819xj3m', 0);
INSERT INTO "playlist_songs" ("song_id", "playlist_id", "order") VALUES ('4ahxlayfza4r0qs290gqrzkq2kgoq892j83ce4gypupsdxp5w0', 'y97zjxo4ywel2q9cbj3d87mod6jcnesgp5pn7sx4k96819xj3m', 9);
INSERT INTO "playlist_songs" ("song_id", "playlist_id", "order") VALUES ('0ozw4nl95fkog3xu29fw78b3qxhpurtuhlcouponu3svcvtrqy', 'y97zjxo4ywel2q9cbj3d87mod6jcnesgp5pn7sx4k96819xj3m', 8);
INSERT INTO "playlist_songs" ("song_id", "playlist_id", "order") VALUES ('w0yrn6wbc8ki2iutd6h3is4utxhf1kyu60ibmg260qy475983d', 'y97zjxo4ywel2q9cbj3d87mod6jcnesgp5pn7sx4k96819xj3m', 1);
INSERT INTO "playlist_songs" ("song_id", "playlist_id", "order") VALUES ('xsy0bzkmwotlngfmqj05ynuo7ga5hlo2isfvsptwo0xzwpv6xz', 'y97zjxo4ywel2q9cbj3d87mod6jcnesgp5pn7sx4k96819xj3m', 3);
INSERT INTO "playlist_songs" ("song_id", "playlist_id", "order") VALUES ('tpn68v2aflnu3r7gcswyigoy5c1nxw4norwz8lliwogqkzsqn4', 'y97zjxo4ywel2q9cbj3d87mod6jcnesgp5pn7sx4k96819xj3m', 7);
INSERT INTO "playlist_songs" ("song_id", "playlist_id", "order") VALUES ('ut5pcs3kel3wonp6jhvc3i6i8nz235q7cvxu48ska1tfiiry3q', 'y97zjxo4ywel2q9cbj3d87mod6jcnesgp5pn7sx4k96819xj3m', 5);
INSERT INTO "playlist_songs" ("song_id", "playlist_id", "order") VALUES ('vee0m1dhwyes04ikmcg2bc46q41wtsahe6wdvlno1vfbtiab7e', 'y97zjxo4ywel2q9cbj3d87mod6jcnesgp5pn7sx4k96819xj3m', 6);
INSERT INTO "playlist_songs" ("song_id", "playlist_id", "order") VALUES ('i8aeh9wntcdgz6u6obhfmvma5jl9xhviaa2dax61lwm5uofdvi', 'y97zjxo4ywel2q9cbj3d87mod6jcnesgp5pn7sx4k96819xj3m', 4);
INSERT INTO "playlist_songs" ("song_id", "playlist_id", "order") VALUES ('r4i0lkicshzkwl4tvjar7ueujsbhkvandaqghyxzj37q7j6qzz', 'y97zjxo4ywel2q9cbj3d87mod6jcnesgp5pn7sx4k96819xj3m', 2);
-- User Likes
INSERT INTO "user_likes" ("user_id", "song_id") VALUES ('dfsrr0py2sgq4to', 'ejsrzjf0a9qor5d0c8jod39znddupdd4mg9c8r97fu2ppujggg');
INSERT INTO "user_likes" ("user_id", "song_id") VALUES ('dfsrr0py2sgq4to', 'vee0m1dhwyes04ikmcg2bc46q41wtsahe6wdvlno1vfbtiab7e');
INSERT INTO "user_likes" ("user_id", "song_id") VALUES ('dfsrr0py2sgq4to', 'ouojlg9gz6mn4kdudb1pbfzzrj8jolecdqpz8lbazvsy93pexi');
INSERT INTO "user_likes" ("user_id", "song_id") VALUES ('dfsrr0py2sgq4to', '6wgripjxmsfee9nw9epm4ipcr2oww3s47pprb8ijos6dr9nfw7');
INSERT INTO "user_likes" ("user_id", "song_id") VALUES ('dfsrr0py2sgq4to', 'm06evee87pwqyqkp4d7hswyzn90iyl1bcq9p8h0df1elh1p4i8');
INSERT INTO "user_likes" ("user_id", "song_id") VALUES ('dfsrr0py2sgq4to', 'ut5pcs3kel3wonp6jhvc3i6i8nz235q7cvxu48ska1tfiiry3q');
INSERT INTO "user_likes" ("user_id", "song_id") VALUES ('dfsrr0py2sgq4to', 'r7syzwt0uthfhjcue5dn4mv3amr9uscraz9t6ajiz72rw28ow0');
INSERT INTO "user_likes" ("user_id", "song_id") VALUES ('dfsrr0py2sgq4to', 'bxcc08mnul04vj5du217k0trluihmru1rb2cfc3gm6f9kw4f0c');
INSERT INTO "user_likes" ("user_id", "song_id") VALUES ('dfsrr0py2sgq4to', 'yrulz060544q0xfu1dxu7yxzu8f8enee31gdnz195kbyvj87ri');
INSERT INTO "user_likes" ("user_id", "song_id") VALUES ('dfsrr0py2sgq4to', 'xw0efwdtg264imggawedj2sf7ytr6wvisuf94kfacpmjtiykek');
INSERT INTO "user_likes" ("user_id", "song_id") VALUES ('dfsrr0py2sgq4to', 'l1xc02xhso9wdieyn422wynyqk8y3hc3gqggpywy99s93ozktl');
INSERT INTO "user_likes" ("user_id", "song_id") VALUES ('dfsrr0py2sgq4to', 'udni80u6bc18he81nosr73ge216ffhmbnt785d6au4ljo0v26p');
INSERT INTO "user_likes" ("user_id", "song_id") VALUES ('dfsrr0py2sgq4to', 'jvfj9wzrrdhkwuwfxh6oaqhqiyqielihocvyhf9ca7wzjjg5qd');
INSERT INTO "user_likes" ("user_id", "song_id") VALUES ('dfsrr0py2sgq4to', 'a5mugorunqfmjel0gw55u1s5mu9pkbljvpbj37opuogah4cpnh');
INSERT INTO "user_likes" ("user_id", "song_id") VALUES ('dfsrr0py2sgq4to', '42x7ek2r1nif791rhpvxon2hpp36l0b3sf5ca5vld6xayal7r2');
INSERT INTO "user_likes" ("user_id", "song_id") VALUES ('8d0rx3nvr3nwlqp', '19nkryrdb1lo03roov799irjhr0a19o0ndj9bmngri1e11vn2m');
INSERT INTO "user_likes" ("user_id", "song_id") VALUES ('8d0rx3nvr3nwlqp', 'fh2r8d6ghmu9bm1zeg3k0ftckdw3dapkcsvf250l4r5nevir1i');
INSERT INTO "user_likes" ("user_id", "song_id") VALUES ('8d0rx3nvr3nwlqp', '0c5t3shjsq4hfcxzl1tnsw37mz2inl3f63561jbmxdyolo12ll');
INSERT INTO "user_likes" ("user_id", "song_id") VALUES ('8d0rx3nvr3nwlqp', '0gh939quogd1e735pacf97fv3r0nckxpqhnsnevhaagstch1iz');
INSERT INTO "user_likes" ("user_id", "song_id") VALUES ('8d0rx3nvr3nwlqp', '4ahxlayfza4r0qs290gqrzkq2kgoq892j83ce4gypupsdxp5w0');
INSERT INTO "user_likes" ("user_id", "song_id") VALUES ('8d0rx3nvr3nwlqp', 'mfhs4rdsu0y20s1ecjhhb202hvb3yfbrlm1rv4ub88rv3qgviz');
INSERT INTO "user_likes" ("user_id", "song_id") VALUES ('8d0rx3nvr3nwlqp', 'hzcj9zkj7fh79u12c6ttzg0fjv4qn9ahdtp80ci2x3t6sao6as');
INSERT INTO "user_likes" ("user_id", "song_id") VALUES ('8d0rx3nvr3nwlqp', 'gw6ewk9m1p7gvhg83f527hy4nxaks1stxjz2r98zmkuaevwhj3');
INSERT INTO "user_likes" ("user_id", "song_id") VALUES ('8d0rx3nvr3nwlqp', 'bnith3h9rgpix5v7dc72czmwd9ifyqcl800bta5ly9z8b1yk8g');
INSERT INTO "user_likes" ("user_id", "song_id") VALUES ('8d0rx3nvr3nwlqp', 'xsrhj4e2t86eujvos8rmhsbrdru64e3cynel5ybiuh18a79nut');
INSERT INTO "user_likes" ("user_id", "song_id") VALUES ('8d0rx3nvr3nwlqp', 'hrtqgf3ws2lc5u4w5da36rr8f4e8juqp4hl03bbogrervkx4m5');
INSERT INTO "user_likes" ("user_id", "song_id") VALUES ('8d0rx3nvr3nwlqp', 'yl00b2mlmvb6dpeoseyrat3ro0aeyfk00o0ifhnkt70zvv86b6');
INSERT INTO "user_likes" ("user_id", "song_id") VALUES ('8d0rx3nvr3nwlqp', 'z7zxzk1c2qjvnska2iy53eozqbo2wcr8u0a3wklid3ifo6kc9j');
INSERT INTO "user_likes" ("user_id", "song_id") VALUES ('8d0rx3nvr3nwlqp', 'ubxrsbo11ix1dikkapo5zi1xwp1nnyc3y1z71btlj96o2awfq3');
INSERT INTO "user_likes" ("user_id", "song_id") VALUES ('8d0rx3nvr3nwlqp', 'm6nwrdvzijob3gxnvddveth9r9k0hu11vzd8qqlj7ye3j3bcoq');
INSERT INTO "user_likes" ("user_id", "song_id") VALUES ('f1gvjzbk6lwmqn4', '6wgripjxmsfee9nw9epm4ipcr2oww3s47pprb8ijos6dr9nfw7');
INSERT INTO "user_likes" ("user_id", "song_id") VALUES ('f1gvjzbk6lwmqn4', 'mms7x23sfesvoau1lisjavam0mcyhb45nlze6rzgfrpm92bk1k');
INSERT INTO "user_likes" ("user_id", "song_id") VALUES ('f1gvjzbk6lwmqn4', 'jspw66hnvfxff58q4ow5pk8er3j06ivi2x2wl19j8gdlsizh1d');
INSERT INTO "user_likes" ("user_id", "song_id") VALUES ('f1gvjzbk6lwmqn4', '9niwhcde5sf4emhkiu3jlpkikwmwbyfq5v17qm2x4mc83uu4fx');
INSERT INTO "user_likes" ("user_id", "song_id") VALUES ('f1gvjzbk6lwmqn4', '6u6qcvg0u1k6ge590k1ml9pjqnv2xq22ngck2yg8xfyo5u1q36');
INSERT INTO "user_likes" ("user_id", "song_id") VALUES ('f1gvjzbk6lwmqn4', 'usq2bkhlv4wwoala7xpdnp0rtzoccwvauf1ovffezb2n97n87h');
INSERT INTO "user_likes" ("user_id", "song_id") VALUES ('f1gvjzbk6lwmqn4', 'gx22kdkrm215bmzfjfxku4qx6mo14px6znxcvh5nxx7ci42r1t');
INSERT INTO "user_likes" ("user_id", "song_id") VALUES ('f1gvjzbk6lwmqn4', 'k65ibbsh4jnc1q0y6v845d1vydy6mu6vzua2f1rz306ksa9n8t');
INSERT INTO "user_likes" ("user_id", "song_id") VALUES ('f1gvjzbk6lwmqn4', 'cz8a655kz4dfmpmn8x2ml3m0dwmimx2p2dmkcqw1rdnwgxgysr');
INSERT INTO "user_likes" ("user_id", "song_id") VALUES ('f1gvjzbk6lwmqn4', 'tge9xuz7vo27upmvs5bspck4kx34d92o4lu1uqyhdot6blvcen');
INSERT INTO "user_likes" ("user_id", "song_id") VALUES ('f1gvjzbk6lwmqn4', '9ew15byq46tg829972z0f4tp1in01sydyq90vq6h5kyyakhfmi');
INSERT INTO "user_likes" ("user_id", "song_id") VALUES ('f1gvjzbk6lwmqn4', 'iyz3tel853ilh7tb8ty7dj5z6e7p1duhzbgkpxi9t9k5zbuduh');
INSERT INTO "user_likes" ("user_id", "song_id") VALUES ('f1gvjzbk6lwmqn4', 'wqzneak21oy5t1z8u2ccqapv7wqb5kp82y4irw0f7wgfy2xmwd');
INSERT INTO "user_likes" ("user_id", "song_id") VALUES ('f1gvjzbk6lwmqn4', 'rtzkw878m88t7f6yfrlxbzxwp4ebnmwydbbghnz6bz5z77yuzh');
INSERT INTO "user_likes" ("user_id", "song_id") VALUES ('f1gvjzbk6lwmqn4', '030fshng3pldbnkpmlq0tdvv2uyzsy8ym8pn1cm0d8tx7qpl0i');
INSERT INTO "user_likes" ("user_id", "song_id") VALUES ('a6d7c4f919os7zo', 'yhxthqc6kmxyp9hf9rfz4cizt9mdmc6npimjsj9bplfso7x00d');
INSERT INTO "user_likes" ("user_id", "song_id") VALUES ('a6d7c4f919os7zo', 'lqettnxt2tv9867d2p1wby1nv3pillfnsenqyxjv6sv6netad1');
INSERT INTO "user_likes" ("user_id", "song_id") VALUES ('a6d7c4f919os7zo', '98r7ifivwep2bncz9706a2r2eo0rxdh1ek2lhp6dql5eamf8o1');
INSERT INTO "user_likes" ("user_id", "song_id") VALUES ('a6d7c4f919os7zo', 'g84tv6s9x9v13yque77smf05q3fqieu8ukt9iuj79995onreyd');
INSERT INTO "user_likes" ("user_id", "song_id") VALUES ('a6d7c4f919os7zo', '9ew15byq46tg829972z0f4tp1in01sydyq90vq6h5kyyakhfmi');
INSERT INTO "user_likes" ("user_id", "song_id") VALUES ('a6d7c4f919os7zo', 'zhed2jpqah4becm1yq1kv86xeiiyit609dicjjrlajbg09vq59');
INSERT INTO "user_likes" ("user_id", "song_id") VALUES ('a6d7c4f919os7zo', 'zd5tesffyvxu1fj3jsf7kagb9i5ruupfgjo73d9noz4b1k3zap');
INSERT INTO "user_likes" ("user_id", "song_id") VALUES ('a6d7c4f919os7zo', '0d8mm0kn0ry5qdw1ptq67gome8mnuzn3ojl61z2ovbsjzqxz7m');
INSERT INTO "user_likes" ("user_id", "song_id") VALUES ('a6d7c4f919os7zo', 'w1aiaxtpytx9ctdlsrdga4w0nwsqbzyeynifqmwlc4tbca85kf');
INSERT INTO "user_likes" ("user_id", "song_id") VALUES ('a6d7c4f919os7zo', '6bhwxtq98oezoq60id15mgmms85fx44lbj9n1a48ye2af1ux0p');
INSERT INTO "user_likes" ("user_id", "song_id") VALUES ('a6d7c4f919os7zo', 'ywy7i9xfojahuimp90vaaqbtakb9h06btsv7si4xb7igiz0a98');
INSERT INTO "user_likes" ("user_id", "song_id") VALUES ('a6d7c4f919os7zo', 'zigr4x5m2mi6ezd5e0c9l096il6azm3j8gg0ptee9j5gyjsr0v');
INSERT INTO "user_likes" ("user_id", "song_id") VALUES ('a6d7c4f919os7zo', 'u2krdc9tbdu05blpa8ooz8qeyhov723gk7c7hfn5rdq7szs5uc');
INSERT INTO "user_likes" ("user_id", "song_id") VALUES ('a6d7c4f919os7zo', '69jdk1vu66j9vpgh570i8stmpskj3mucckgg42qo5pkn9cs93o');
INSERT INTO "user_likes" ("user_id", "song_id") VALUES ('a6d7c4f919os7zo', 'qphd10rcm849peequq3vrbpuf56i7xju8lv84f9fdfqb4q2bbm');
INSERT INTO "user_likes" ("user_id", "song_id") VALUES ('wswnd71f751io1o', 'hfaqepuqf97rp0wbehcn7rxqtdkat0lxcglxvl4f1mo68pvs10');
INSERT INTO "user_likes" ("user_id", "song_id") VALUES ('wswnd71f751io1o', '20o2brewz4aqjclo08i7ui9ojbs20oy1ha8bi4y3xo9jb6im83');
INSERT INTO "user_likes" ("user_id", "song_id") VALUES ('wswnd71f751io1o', '50i1u5o6tvhd53z91w3wed0jorm4auencw5ez47kqovw023g3e');
INSERT INTO "user_likes" ("user_id", "song_id") VALUES ('wswnd71f751io1o', 'axptvn6rawfbr8q7hf36lf5fmo31aqgnhli0gkcr6j8aoers5h');
INSERT INTO "user_likes" ("user_id", "song_id") VALUES ('wswnd71f751io1o', 'uddahvu8vdi3zn8et6hhlg1zejdl9k1pzuxueb0uxjj3co9f7l');
INSERT INTO "user_likes" ("user_id", "song_id") VALUES ('wswnd71f751io1o', 'fbaixe1v2554tkdr36y53oijbr0yoshaieb3k9autjmk9z79zn');
INSERT INTO "user_likes" ("user_id", "song_id") VALUES ('wswnd71f751io1o', 'o2xvmohxt44thv2ezv3hm81syk9l4t1ax49kvo3iasbnz7bton');
INSERT INTO "user_likes" ("user_id", "song_id") VALUES ('wswnd71f751io1o', 'atkdip0ctrrztm1j81xz3rolhwurpt7dac6h4kd6ydq5tvp8l2');
INSERT INTO "user_likes" ("user_id", "song_id") VALUES ('wswnd71f751io1o', 'ypelmvtnyltocto7nyohdzn84knoodhhq9zrb9gs32phri8qqu');
INSERT INTO "user_likes" ("user_id", "song_id") VALUES ('wswnd71f751io1o', 'vfqszy14mggm9ut6a9igmgu1lc7126gm5g8ky4l9htumwwpuwo');
INSERT INTO "user_likes" ("user_id", "song_id") VALUES ('wswnd71f751io1o', 'tpn68v2aflnu3r7gcswyigoy5c1nxw4norwz8lliwogqkzsqn4');
INSERT INTO "user_likes" ("user_id", "song_id") VALUES ('wswnd71f751io1o', 'm9birgazr8ajw3l1m9o2aihpj4kdrxjdl0c2vt85preld90jew');
INSERT INTO "user_likes" ("user_id", "song_id") VALUES ('wswnd71f751io1o', 'n4sklzrb0d8251icrv2tlnkscjchbjbdadhx9bw7svg4ki8pbl');
INSERT INTO "user_likes" ("user_id", "song_id") VALUES ('wswnd71f751io1o', 'jugimwmkfhiqh377qw6u7hbxonbaz9uezdhzt42z8jkwlxf14y');
INSERT INTO "user_likes" ("user_id", "song_id") VALUES ('wswnd71f751io1o', 'cbvcwcdvvsetng1bbm6cz317auqpw9eqwes94ju59u52eiwwm9');
INSERT INTO "user_likes" ("user_id", "song_id") VALUES ('yjdjyvny7lk8wzl', 'fv6pnwxd9zh1re92oo0tfxpywvu7fmvr7lr98vgg08xzhvgvy5');
INSERT INTO "user_likes" ("user_id", "song_id") VALUES ('yjdjyvny7lk8wzl', 'ks124q4fbgzsb3r34c6yd74lv5c9dzbxt6r325hikxrs4fgab0');
INSERT INTO "user_likes" ("user_id", "song_id") VALUES ('yjdjyvny7lk8wzl', 'hfaqepuqf97rp0wbehcn7rxqtdkat0lxcglxvl4f1mo68pvs10');
INSERT INTO "user_likes" ("user_id", "song_id") VALUES ('yjdjyvny7lk8wzl', 'w30sbs0awylgmisnrqpaqpdpisdx5unr1du70u8v8av0bn77wz');
INSERT INTO "user_likes" ("user_id", "song_id") VALUES ('yjdjyvny7lk8wzl', 'b4uqzfk8h8mvlym8exa95ddgbftqqo9qza5123ub3x2n0mg5r8');
INSERT INTO "user_likes" ("user_id", "song_id") VALUES ('yjdjyvny7lk8wzl', 'doibieznq1bxjyyxh5603tzgygiww252b1jkz84q37jyq1djyo');
INSERT INTO "user_likes" ("user_id", "song_id") VALUES ('yjdjyvny7lk8wzl', 'amwa2v81ec27yxaoxpxyi5hstsj4ll8341i3hm4xrdtnpwifr4');
INSERT INTO "user_likes" ("user_id", "song_id") VALUES ('yjdjyvny7lk8wzl', '006h7mdhjodzgupbetuobv3aeebqk1kzpj8lvkss0eccpi18wn');
INSERT INTO "user_likes" ("user_id", "song_id") VALUES ('yjdjyvny7lk8wzl', 'rjbl6481fpbwml7o0v9m3q2p5hjjpbgupq7hd78w0w9fnz9e38');
INSERT INTO "user_likes" ("user_id", "song_id") VALUES ('yjdjyvny7lk8wzl', 'nt7hhvf70l9p0cb4d3w87gmzyiu2q8tybpir8p3cfp6yfv4b32');
INSERT INTO "user_likes" ("user_id", "song_id") VALUES ('yjdjyvny7lk8wzl', 'hrtqgf3ws2lc5u4w5da36rr8f4e8juqp4hl03bbogrervkx4m5');
INSERT INTO "user_likes" ("user_id", "song_id") VALUES ('yjdjyvny7lk8wzl', 'm9ao9irrmvv8tb8b3sf04h9pfmefw8w482kxo8vv6ktn1g1zu8');
INSERT INTO "user_likes" ("user_id", "song_id") VALUES ('yjdjyvny7lk8wzl', 'qp8wad28emot9zdpkndc1wkbg1o1m452m7eaknlch6f9w4ebyr');
INSERT INTO "user_likes" ("user_id", "song_id") VALUES ('yjdjyvny7lk8wzl', 'pj5lr57761293nis80kxyq4put4xfpwlqmufoacgcfneq3khr2');
INSERT INTO "user_likes" ("user_id", "song_id") VALUES ('yjdjyvny7lk8wzl', 'ipfpclmy823rqxt4zxe4ma89qquob9cz8eekmatlv9tliubex8');
INSERT INTO "user_likes" ("user_id", "song_id") VALUES ('xiobm7toessywvu', '1h11pjinhdyusdqdxoabgankcd4t61xmtkd5vfqf9r4rd7u8tr');
INSERT INTO "user_likes" ("user_id", "song_id") VALUES ('xiobm7toessywvu', 'r4i0lkicshzkwl4tvjar7ueujsbhkvandaqghyxzj37q7j6qzz');
INSERT INTO "user_likes" ("user_id", "song_id") VALUES ('xiobm7toessywvu', 'z0gk6f9oks2zlgnb27ro1vqmievxh9yo287kqmiua9j3kfjd27');
INSERT INTO "user_likes" ("user_id", "song_id") VALUES ('xiobm7toessywvu', 'q2wj7fhg33yet89obeztaw6mdkqpq2l8slln52cjoalwp1m7j8');
INSERT INTO "user_likes" ("user_id", "song_id") VALUES ('xiobm7toessywvu', 'zfxc1gwg9y1whgxfgacnqt1m1k8gdjoen6ul4m1vkx12ydor8m');
INSERT INTO "user_likes" ("user_id", "song_id") VALUES ('xiobm7toessywvu', '6c0l88oqyrymzr7trizwmiqc4or4a02sa2oahel5omgsfjru41');
INSERT INTO "user_likes" ("user_id", "song_id") VALUES ('xiobm7toessywvu', 'm9birgazr8ajw3l1m9o2aihpj4kdrxjdl0c2vt85preld90jew');
INSERT INTO "user_likes" ("user_id", "song_id") VALUES ('xiobm7toessywvu', '56fdg6jyna6a4s74271oeqoi072ypug4gg3so1226nql6lbp9k');
INSERT INTO "user_likes" ("user_id", "song_id") VALUES ('xiobm7toessywvu', 'iietkyt06nl1n7l15phxc5xevgzvx2oxisptr64tcfipkdiqrf');
INSERT INTO "user_likes" ("user_id", "song_id") VALUES ('xiobm7toessywvu', 'xp1qdaz3baibppo754cnuchwhk6u5u37exa9yc6bqory29q0cd');
INSERT INTO "user_likes" ("user_id", "song_id") VALUES ('xiobm7toessywvu', '2qujvt447nfe5hfct1r6i9xtsf17gdl46yrv3yhamnjvg42lqa');
INSERT INTO "user_likes" ("user_id", "song_id") VALUES ('xiobm7toessywvu', 'wwy4vn7sqy51edb9ase5raqzb52qd748x8xmhl5uoed92v5ykw');
INSERT INTO "user_likes" ("user_id", "song_id") VALUES ('xiobm7toessywvu', 'mne5ikidiqe0blvhkebn9jh66fxurzjnmufiay4nxtcg45csgw');
INSERT INTO "user_likes" ("user_id", "song_id") VALUES ('xiobm7toessywvu', 'j8zqixjw5tp71he69ekhvweyfj9o3gim1kngovimj5219918ra');
INSERT INTO "user_likes" ("user_id", "song_id") VALUES ('xiobm7toessywvu', '1sh5jof50u26378l49m9fcaihxe97psw4fw93gmm2t6uicqfmd');
INSERT INTO "user_likes" ("user_id", "song_id") VALUES ('19skjpxffj12xnx', '04418uxddzco6p0nzxfsmusyojbegxndtgmny7m4xrpzyy4ltc');
INSERT INTO "user_likes" ("user_id", "song_id") VALUES ('19skjpxffj12xnx', '5t8tf9qjflu65dpnubji7vaxg676con30hu4o5ar6ckb7zv3ag');
INSERT INTO "user_likes" ("user_id", "song_id") VALUES ('19skjpxffj12xnx', 'n8fd54khjwlc8p4l0malg3ztucw3x2xmy9z1gl6ox4y2z7fzcl');
INSERT INTO "user_likes" ("user_id", "song_id") VALUES ('19skjpxffj12xnx', 'yhxthqc6kmxyp9hf9rfz4cizt9mdmc6npimjsj9bplfso7x00d');
INSERT INTO "user_likes" ("user_id", "song_id") VALUES ('19skjpxffj12xnx', '6p7sag6xw5nbtf2y2oajtsg4qiq1dvqfs3q0d6zpgouho2uukk');
INSERT INTO "user_likes" ("user_id", "song_id") VALUES ('19skjpxffj12xnx', 'n56i7ee6guvqvt8ztyj0fquz1xlb57df1c0k2pzstmgbmhc6q5');
INSERT INTO "user_likes" ("user_id", "song_id") VALUES ('19skjpxffj12xnx', 'aoyw2am57v2k4fpgtiu0c5vmi82utcs431yybmw7rf3qaaqdqs');
INSERT INTO "user_likes" ("user_id", "song_id") VALUES ('19skjpxffj12xnx', 'ujvkjw0o56lemtapqg3cug632usmqbedmc0x399ykvmhfudi7m');
INSERT INTO "user_likes" ("user_id", "song_id") VALUES ('19skjpxffj12xnx', 'ywy7i9xfojahuimp90vaaqbtakb9h06btsv7si4xb7igiz0a98');
INSERT INTO "user_likes" ("user_id", "song_id") VALUES ('19skjpxffj12xnx', 'pa3y40irfzpiss960c1hkkew1i3m9zral0kstsg2m3vd4jni2r');
INSERT INTO "user_likes" ("user_id", "song_id") VALUES ('19skjpxffj12xnx', 'fh2r8d6ghmu9bm1zeg3k0ftckdw3dapkcsvf250l4r5nevir1i');
INSERT INTO "user_likes" ("user_id", "song_id") VALUES ('19skjpxffj12xnx', '6xlpy3rlirbfnnfgrypa8luzwxgsu3r3m25xfi9dev6c13s389');
INSERT INTO "user_likes" ("user_id", "song_id") VALUES ('19skjpxffj12xnx', 'q8g5q4jtlckcpwf6r2jiyodtixxb8d2ik9m2f7yjw0voak8twp');
INSERT INTO "user_likes" ("user_id", "song_id") VALUES ('19skjpxffj12xnx', 'm9ao9irrmvv8tb8b3sf04h9pfmefw8w482kxo8vv6ktn1g1zu8');
INSERT INTO "user_likes" ("user_id", "song_id") VALUES ('19skjpxffj12xnx', 'z61nzfr2oqi22ie8jrduzep05kbsbdbrf0li4eakldki2i4b7v');
INSERT INTO "user_likes" ("user_id", "song_id") VALUES ('m8mp2g1poa3k4yd', '1469lajp4hdk7d4vrpzsmsk01pud9avpn8sy50b2elvbg13tuq');
INSERT INTO "user_likes" ("user_id", "song_id") VALUES ('m8mp2g1poa3k4yd', 'xsrhj4e2t86eujvos8rmhsbrdru64e3cynel5ybiuh18a79nut');
INSERT INTO "user_likes" ("user_id", "song_id") VALUES ('m8mp2g1poa3k4yd', 'pvmncwhzqzj48drprbifdqqjzo8j3wfomuymlks929nqhfdold');
INSERT INTO "user_likes" ("user_id", "song_id") VALUES ('m8mp2g1poa3k4yd', '8i2fbcubdkqyvl27881tyi058kvve1y20fy3fa9l9wvccgwfa0');
INSERT INTO "user_likes" ("user_id", "song_id") VALUES ('m8mp2g1poa3k4yd', 'i1gqe7yp4ebwnqq2l5kv29s4hum5dz9bekb7nzrld3s95ashcm');
INSERT INTO "user_likes" ("user_id", "song_id") VALUES ('m8mp2g1poa3k4yd', 'k65ibbsh4jnc1q0y6v845d1vydy6mu6vzua2f1rz306ksa9n8t');
INSERT INTO "user_likes" ("user_id", "song_id") VALUES ('m8mp2g1poa3k4yd', 'hfaqepuqf97rp0wbehcn7rxqtdkat0lxcglxvl4f1mo68pvs10');
INSERT INTO "user_likes" ("user_id", "song_id") VALUES ('m8mp2g1poa3k4yd', 'yakturmstvk954ahsolky3uq47zhnxlpg22mpdxo8qarigiem9');
INSERT INTO "user_likes" ("user_id", "song_id") VALUES ('m8mp2g1poa3k4yd', 'gsma76o1dkvn4a8nx4tlw49up0bcyeretm6c9rns1yqaywlk4p');
INSERT INTO "user_likes" ("user_id", "song_id") VALUES ('m8mp2g1poa3k4yd', '3lh78q0c1tqvpykt4bdi4o1pbruov3iiy1s9f0b23syn159hq7');
INSERT INTO "user_likes" ("user_id", "song_id") VALUES ('m8mp2g1poa3k4yd', 'c4wkbpbuvacq77zqqihgjyn48bvu1nsv7oapjhm4ytrzf2n5ms');
INSERT INTO "user_likes" ("user_id", "song_id") VALUES ('m8mp2g1poa3k4yd', 'jx9d0e04ynq3xydkxig7i956a077kxs26jhvfiym4fqrt60qc3');
INSERT INTO "user_likes" ("user_id", "song_id") VALUES ('m8mp2g1poa3k4yd', 'mms7x23sfesvoau1lisjavam0mcyhb45nlze6rzgfrpm92bk1k');
INSERT INTO "user_likes" ("user_id", "song_id") VALUES ('m8mp2g1poa3k4yd', 'iyz3tel853ilh7tb8ty7dj5z6e7p1duhzbgkpxi9t9k5zbuduh');
INSERT INTO "user_likes" ("user_id", "song_id") VALUES ('m8mp2g1poa3k4yd', 'cz8a655kz4dfmpmn8x2ml3m0dwmimx2p2dmkcqw1rdnwgxgysr');
INSERT INTO "user_likes" ("user_id", "song_id") VALUES ('l5ypcg4m55octfk', '7d4eeymgthhxbw5s973v8v9chv5iq8j8rmb8q8m2ilak4om7kv');
INSERT INTO "user_likes" ("user_id", "song_id") VALUES ('l5ypcg4m55octfk', 'ks124q4fbgzsb3r34c6yd74lv5c9dzbxt6r325hikxrs4fgab0');
INSERT INTO "user_likes" ("user_id", "song_id") VALUES ('l5ypcg4m55octfk', 'r4i0lkicshzkwl4tvjar7ueujsbhkvandaqghyxzj37q7j6qzz');
INSERT INTO "user_likes" ("user_id", "song_id") VALUES ('l5ypcg4m55octfk', '8hrv0ruwfcvv5e2t7mbzjjehafybvop6b4xsbpjkvg9xpyr51u');
INSERT INTO "user_likes" ("user_id", "song_id") VALUES ('l5ypcg4m55octfk', 'jixz7wim6ln1mv1w337fneq12czh4446vvq0cfoexvo05700sa');
INSERT INTO "user_likes" ("user_id", "song_id") VALUES ('l5ypcg4m55octfk', 'qp8wad28emot9zdpkndc1wkbg1o1m452m7eaknlch6f9w4ebyr');
INSERT INTO "user_likes" ("user_id", "song_id") VALUES ('l5ypcg4m55octfk', 'ydazyv1k51jnnf38gs9u0yvqldypy9zgpsp3400iqu5sns0eva');
INSERT INTO "user_likes" ("user_id", "song_id") VALUES ('l5ypcg4m55octfk', 'rtzkw878m88t7f6yfrlxbzxwp4ebnmwydbbghnz6bz5z77yuzh');
INSERT INTO "user_likes" ("user_id", "song_id") VALUES ('l5ypcg4m55octfk', 'c40067dv9zd9epsas1suj49nb6vql71ifndojgdi4bs6lbviil');
INSERT INTO "user_likes" ("user_id", "song_id") VALUES ('l5ypcg4m55octfk', 'zd5tesffyvxu1fj3jsf7kagb9i5ruupfgjo73d9noz4b1k3zap');
INSERT INTO "user_likes" ("user_id", "song_id") VALUES ('l5ypcg4m55octfk', 'wzoi0d4ksbguis34b3que77sk4d2zpnsfdy1jx7kohe94ewpj0');
INSERT INTO "user_likes" ("user_id", "song_id") VALUES ('l5ypcg4m55octfk', 'kzlri9j8qr2ka21byp2212t8ijeijweflcuk1kuagkdjdkcljy');
INSERT INTO "user_likes" ("user_id", "song_id") VALUES ('l5ypcg4m55octfk', '5rhe6t0ngc311zeh143pkhg4v6ilx22o9g2zfs1d3s0wx7tbek');
INSERT INTO "user_likes" ("user_id", "song_id") VALUES ('l5ypcg4m55octfk', 'lgc9crxec39aub26xupm9ekllkxrdvb89h332ur7pxnbb0qt2z');
INSERT INTO "user_likes" ("user_id", "song_id") VALUES ('l5ypcg4m55octfk', 'obty1cazf9zhbx4s1nkgi0623a4qcm06tohfd8tv6hm27ufmzp');
INSERT INTO "user_likes" ("user_id", "song_id") VALUES ('icqlt67n2fd7p34', 'm6dcfs7476kywpb8b4ohroxfqxcg7gsza70ewnfkexgsylxutx');
INSERT INTO "user_likes" ("user_id", "song_id") VALUES ('icqlt67n2fd7p34', 'jixz7wim6ln1mv1w337fneq12czh4446vvq0cfoexvo05700sa');
INSERT INTO "user_likes" ("user_id", "song_id") VALUES ('icqlt67n2fd7p34', 'fougq1lkklfkiv3550bhe5dt6q1356rl4dlj52trg0x27hcz9p');
INSERT INTO "user_likes" ("user_id", "song_id") VALUES ('icqlt67n2fd7p34', 'yhxthqc6kmxyp9hf9rfz4cizt9mdmc6npimjsj9bplfso7x00d');
INSERT INTO "user_likes" ("user_id", "song_id") VALUES ('icqlt67n2fd7p34', 'edijp4mii9soju9m3vuwmqq6hui829qno8f7ys0m8sv6lc0hbd');
INSERT INTO "user_likes" ("user_id", "song_id") VALUES ('icqlt67n2fd7p34', '0c5t3shjsq4hfcxzl1tnsw37mz2inl3f63561jbmxdyolo12ll');
INSERT INTO "user_likes" ("user_id", "song_id") VALUES ('icqlt67n2fd7p34', 'lt1fv1i7r130fk8u5yuyam6mms4wwa3qga4exjrkzzll6j2c96');
INSERT INTO "user_likes" ("user_id", "song_id") VALUES ('icqlt67n2fd7p34', '2itmurzgz7kq7pfrqx1kz41d1sxz28l3o4o4qdmqazsh3tni5q');
INSERT INTO "user_likes" ("user_id", "song_id") VALUES ('icqlt67n2fd7p34', 'eluw7padfaq2sjm5c6rzyer8cx2p3rgilpqy1kmxm6zd032o58');
INSERT INTO "user_likes" ("user_id", "song_id") VALUES ('icqlt67n2fd7p34', 'jylzha3h4v7t7p0tlvf462uns7n862wypelj82b8o7e517815j');
INSERT INTO "user_likes" ("user_id", "song_id") VALUES ('icqlt67n2fd7p34', 'h5mwxrbi18dfxpszq2u5wks648ij2nptrtln4ydzs9a40bcynu');
INSERT INTO "user_likes" ("user_id", "song_id") VALUES ('icqlt67n2fd7p34', 'rqdgu0ug6gbzpb3pzn8ykvv0ezw4xkyazm4fzg9l78d3n0wflo');
INSERT INTO "user_likes" ("user_id", "song_id") VALUES ('icqlt67n2fd7p34', 'mne5ikidiqe0blvhkebn9jh66fxurzjnmufiay4nxtcg45csgw');
INSERT INTO "user_likes" ("user_id", "song_id") VALUES ('icqlt67n2fd7p34', '90gr9px5uz2iozh5pyc8f0qh6e51d7arbhgbh90u8qa69ca2v6');
INSERT INTO "user_likes" ("user_id", "song_id") VALUES ('icqlt67n2fd7p34', 'qphd10rcm849peequq3vrbpuf56i7xju8lv84f9fdfqb4q2bbm');
-- User Song Recommendations
INSERT INTO "user_song_recommendations" ("id", "user_id", "song_id", "created_at") VALUES ('hz20g8mq8kh5umxbnmmeqyve5tmihgyvcam40ep0y1c9pz58uh', 'dfsrr0py2sgq4to', 'gbmjkl8vbzjpytdybuvs58jrjzmuk0vpm3taob8wm2dosmtdui', '2023-11-17 17:00:08.000');
INSERT INTO "user_song_recommendations" ("id", "user_id", "song_id", "created_at") VALUES ('0x922hjepolqe7sefwdarxrut52u840fm1o2bcdm7i9iceq4zw', 'dfsrr0py2sgq4to', 'zhed2jpqah4becm1yq1kv86xeiiyit609dicjjrlajbg09vq59', '2023-11-17 17:00:08.000');
INSERT INTO "user_song_recommendations" ("id", "user_id", "song_id", "created_at") VALUES ('6wgw8clx99qu2fnesy66gvdc6w58qye161652r3ft5onzwwp05', 'dfsrr0py2sgq4to', '0p6gxtabrnc0slz3868pyi66q1ypw984kk31epo9wto0f4drkq', '2023-11-17 17:00:08.000');
INSERT INTO "user_song_recommendations" ("id", "user_id", "song_id", "created_at") VALUES ('szuuy3w3bpo34k17trlxyci8hndwos6rthb8gt5r2eaq1xpbcv', 'dfsrr0py2sgq4to', 'nd36mdcgl7nliksmwmzkv3qiezg2uqye7q7cqiiorglhvklbg0', '2023-11-17 17:00:08.000');
INSERT INTO "user_song_recommendations" ("id", "user_id", "song_id", "created_at") VALUES ('yv640wz6ndqytvxj9wmykuuc0p5cigo8mtrqb9cni1wcep2gib', 'dfsrr0py2sgq4to', 'yhxthqc6kmxyp9hf9rfz4cizt9mdmc6npimjsj9bplfso7x00d', '2023-11-17 17:00:08.000');
INSERT INTO "user_song_recommendations" ("id", "user_id", "song_id", "created_at") VALUES ('mk0gid2d0r7mjby9xbuqmqpfkphr6e88kp073ptkodkeebl3es', 'dfsrr0py2sgq4to', 'o2xvmohxt44thv2ezv3hm81syk9l4t1ax49kvo3iasbnz7bton', '2023-11-17 17:00:08.000');
INSERT INTO "user_song_recommendations" ("id", "user_id", "song_id", "created_at") VALUES ('c84rllkpzxwl8pr4m1bprwhzzaj1jkmrcp17b7m061r9965f2o', 'dfsrr0py2sgq4to', 'v7xj078r1tcpzrgl5n7pwfxbwvprcm3ttvslm9iind28akvwqb', '2023-11-17 17:00:08.000');
INSERT INTO "user_song_recommendations" ("id", "user_id", "song_id", "created_at") VALUES ('zglnckjnvcbitjsrjtjqvqbdrboe2m2skys5r0hmnfql7tt2jo', 'dfsrr0py2sgq4to', 'tlks3q66k29rtkticxiecwmgy4tn6wey8o0o620ybvkp0h0g25', '2023-11-17 17:00:08.000');
INSERT INTO "user_song_recommendations" ("id", "user_id", "song_id", "created_at") VALUES ('297khgyi4z18987uoh549i67y1y420rjx9ssu3eg3phmx99gp8', '8d0rx3nvr3nwlqp', 'amwa2v81ec27yxaoxpxyi5hstsj4ll8341i3hm4xrdtnpwifr4', '2023-11-17 17:00:08.000');
INSERT INTO "user_song_recommendations" ("id", "user_id", "song_id", "created_at") VALUES ('o6r7cw1tzqybhbozl9a446uxpwb2aj8rp9u076uu25ed7xogdw', '8d0rx3nvr3nwlqp', 'yft2vgs6am98osxiz3f70hup4dur3jqml873tmdth7yb9r4e3j', '2023-11-17 17:00:08.000');
INSERT INTO "user_song_recommendations" ("id", "user_id", "song_id", "created_at") VALUES ('04f9dxt4sat3ltn4zq4j28m90jt103juxhhu5luc8c47gx8pgu', '8d0rx3nvr3nwlqp', '90xpwctkjujdfv2t924fxjemh1x7y472ygrzm1jhpgwsh3mrwt', '2023-11-17 17:00:08.000');
INSERT INTO "user_song_recommendations" ("id", "user_id", "song_id", "created_at") VALUES ('84d6djbcmywluz151ybsq333y60xx49vtxdlc4ixpsdtvrr502', '8d0rx3nvr3nwlqp', 'lw6dyk6yf8unyrrx4k8dticlm3mighwtiufc77z8vsgu21uy98', '2023-11-17 17:00:08.000');
INSERT INTO "user_song_recommendations" ("id", "user_id", "song_id", "created_at") VALUES ('pnbraxfmze1vxvxagdh1f6kbj6ovdisvmej2p95whs7yy7flq2', '8d0rx3nvr3nwlqp', 'tge9xuz7vo27upmvs5bspck4kx34d92o4lu1uqyhdot6blvcen', '2023-11-17 17:00:08.000');
INSERT INTO "user_song_recommendations" ("id", "user_id", "song_id", "created_at") VALUES ('3n98fj7vark4g1lv9bwnfzgt00g0uyrr9dmlw1hcioor4r038y', '8d0rx3nvr3nwlqp', 'gsma76o1dkvn4a8nx4tlw49up0bcyeretm6c9rns1yqaywlk4p', '2023-11-17 17:00:08.000');
INSERT INTO "user_song_recommendations" ("id", "user_id", "song_id", "created_at") VALUES ('het3ocbcggcngzunx0840q5sdkgk4nzfeg60nx8tzxsrpzn26p', '8d0rx3nvr3nwlqp', 'z7zxzk1c2qjvnska2iy53eozqbo2wcr8u0a3wklid3ifo6kc9j', '2023-11-17 17:00:08.000');
INSERT INTO "user_song_recommendations" ("id", "user_id", "song_id", "created_at") VALUES ('m2dyzmy978z3nasw8zkb3cie6u4x57g7tyvfgutryrfskt8ime', '8d0rx3nvr3nwlqp', 'lsq1lk7ciifpj8q3bttwsw1ly0e7sqkn1ycx670ymn52a2minc', '2023-11-17 17:00:08.000');
INSERT INTO "user_song_recommendations" ("id", "user_id", "song_id", "created_at") VALUES ('59eisgguklq77gmpi41g765q7xehcqk3ehvvrvslnrmrr8akso', 'f1gvjzbk6lwmqn4', 'axptvn6rawfbr8q7hf36lf5fmo31aqgnhli0gkcr6j8aoers5h', '2023-11-17 17:00:08.000');
INSERT INTO "user_song_recommendations" ("id", "user_id", "song_id", "created_at") VALUES ('0t44puxsga3fnh44z1kh5n5zz1flwrxc0xlytztaw16ww0h4bl', 'f1gvjzbk6lwmqn4', 'v7xj078r1tcpzrgl5n7pwfxbwvprcm3ttvslm9iind28akvwqb', '2023-11-17 17:00:08.000');
INSERT INTO "user_song_recommendations" ("id", "user_id", "song_id", "created_at") VALUES ('oe7dwj2sjrbhucg48pmaphlhc929vo7rn5yfwf8vrypoebqpbu', 'f1gvjzbk6lwmqn4', 'lnn7zopu6qd4x2adan4z0ovuksygtmyl0xzsb8fp9q3flpkiyv', '2023-11-17 17:00:08.000');
INSERT INTO "user_song_recommendations" ("id", "user_id", "song_id", "created_at") VALUES ('xdcmfhpdxo2ey5lt0g8hz2uw7bfe8xe2lv2bx2etlb2k7ullbe', 'f1gvjzbk6lwmqn4', '1469lajp4hdk7d4vrpzsmsk01pud9avpn8sy50b2elvbg13tuq', '2023-11-17 17:00:08.000');
INSERT INTO "user_song_recommendations" ("id", "user_id", "song_id", "created_at") VALUES ('67kyk594h9yeje5s7bthtctmzxdac6a2t2sz4jkk55jvefl8e5', 'f1gvjzbk6lwmqn4', '4ahxlayfza4r0qs290gqrzkq2kgoq892j83ce4gypupsdxp5w0', '2023-11-17 17:00:08.000');
INSERT INTO "user_song_recommendations" ("id", "user_id", "song_id", "created_at") VALUES ('ppq2kj9jhurxo9tmnolfb65ft2x8cq5s9xd91viyf2w0n93lau', 'f1gvjzbk6lwmqn4', 'jugimwmkfhiqh377qw6u7hbxonbaz9uezdhzt42z8jkwlxf14y', '2023-11-17 17:00:08.000');
INSERT INTO "user_song_recommendations" ("id", "user_id", "song_id", "created_at") VALUES ('raxpvvb4r91l58pedbbsaoe5phfqgw0muw7l52yv9qvhm5skv3', 'f1gvjzbk6lwmqn4', '4734w45briykngcuaxzcdxkyewervitvxgm2r78radp02tcmd6', '2023-11-17 17:00:08.000');
INSERT INTO "user_song_recommendations" ("id", "user_id", "song_id", "created_at") VALUES ('jbrgkzibdfxetaqhorhfek0y8rnmny0qa6e27gm4fokchy63gg', 'f1gvjzbk6lwmqn4', 'y9rlipqgb6ckcpt42gqc7y4j36pd5bvlcisr50z9fibzjfez26', '2023-11-17 17:00:08.000');
INSERT INTO "user_song_recommendations" ("id", "user_id", "song_id", "created_at") VALUES ('bs1xhwatat3hwso98efkw282j44hn4lsws31g6bzcqvagpvjpn', 'a6d7c4f919os7zo', 'ohfz8zgp56q6jcgyrkp52yhaecz33tcjrg6fuvyojihtse3fav', '2023-11-17 17:00:08.000');
INSERT INTO "user_song_recommendations" ("id", "user_id", "song_id", "created_at") VALUES ('j3uc53l1ntc03otnelbg339gm4bn76ilsf4wgdo2142hn6sexg', 'a6d7c4f919os7zo', 'lym4pjss984t7a9wt54nar2tzwnjmaubxoexbbbt2ai22agoe5', '2023-11-17 17:00:08.000');
INSERT INTO "user_song_recommendations" ("id", "user_id", "song_id", "created_at") VALUES ('7zv0464svwe7qoyb9rkvk1jcwrxtb595iv673dn589r9gmgkfb', 'a6d7c4f919os7zo', 'u3dfv55ac6rfxnccgvar3y7u7l8rabyl654csk5rpsz76aacb8', '2023-11-17 17:00:08.000');
INSERT INTO "user_song_recommendations" ("id", "user_id", "song_id", "created_at") VALUES ('evug131fpcop49p5bgjusm333g3q3ekw25cv39qq5zrr3r0w4m', 'a6d7c4f919os7zo', 'hva90pm3y1z9zohkdl6tqiiq3v88h6p26kbh0n40m0q0pg3lms', '2023-11-17 17:00:08.000');
INSERT INTO "user_song_recommendations" ("id", "user_id", "song_id", "created_at") VALUES ('zeu0ir4rptq4dt42sh5hm72wn3lzgdt7p3dzil5iu1z2imnsnn', 'a6d7c4f919os7zo', 'odw2oa11szdiyd3zmwvuhcdmxvpxgdkeijzep367us7gimkqma', '2023-11-17 17:00:08.000');
INSERT INTO "user_song_recommendations" ("id", "user_id", "song_id", "created_at") VALUES ('j269401lftnbv58qz61d186lm8fy54rz7lkvc6volq2f1ywn41', 'a6d7c4f919os7zo', '5h93uolw8x144p70m8jjcbbbni1v2zvq8xrtyctmmtl4u9pm6b', '2023-11-17 17:00:08.000');
INSERT INTO "user_song_recommendations" ("id", "user_id", "song_id", "created_at") VALUES ('8vvf1csmxjei4vt2bkw1qbl5xojkyrafeapltj53n42s27z8ko', 'a6d7c4f919os7zo', 'pgreemwv8od5a1oyhh1vhzzkw1k0vrss0l3toq2poo21g9l0c4', '2023-11-17 17:00:08.000');
INSERT INTO "user_song_recommendations" ("id", "user_id", "song_id", "created_at") VALUES ('ngfupauuwsgk5s0l1sssvp8f2nqceby37nrw7wmthcql9xcdpk', 'a6d7c4f919os7zo', 'tge9xuz7vo27upmvs5bspck4kx34d92o4lu1uqyhdot6blvcen', '2023-11-17 17:00:08.000');
INSERT INTO "user_song_recommendations" ("id", "user_id", "song_id", "created_at") VALUES ('s9pphdz4naqbacj43lq5f8x3smnrnm4foroq41z5j2s96kz375', 'wswnd71f751io1o', '030fshng3pldbnkpmlq0tdvv2uyzsy8ym8pn1cm0d8tx7qpl0i', '2023-11-17 17:00:08.000');
INSERT INTO "user_song_recommendations" ("id", "user_id", "song_id", "created_at") VALUES ('9c0gu3327f8r4eoo59xqkke4uy5gk5f9xblsxwt7alnihc0mfz', 'wswnd71f751io1o', 'cicq34rpu6fr79in0gqg872dplyya9i4pibyvqchf2ippl8fq8', '2023-11-17 17:00:08.000');
INSERT INTO "user_song_recommendations" ("id", "user_id", "song_id", "created_at") VALUES ('h2txrw0mav2d8da7155w4wdrtgjbub9b51skmzmgxzdbf421lo', 'wswnd71f751io1o', '6sfkfnhjx0cf19ibnf9w3svbzaltmezm1wzlbiqtorlps5uy1t', '2023-11-17 17:00:08.000');
INSERT INTO "user_song_recommendations" ("id", "user_id", "song_id", "created_at") VALUES ('dyq6gqb1s4ki3uxcjts9hllz2fpl42n42gdjdp9blh0uzi1y29', 'wswnd71f751io1o', 'l6h6gaqzz2hm7hz8e6lt0590htsy4r9l7qozb61c4wv9oqk45l', '2023-11-17 17:00:08.000');
INSERT INTO "user_song_recommendations" ("id", "user_id", "song_id", "created_at") VALUES ('2p9p7byi5k3qjqsm01po1qtxitwnw6pq7fqoiuthh7hlucbqb2', 'wswnd71f751io1o', 's7kxdz5nnfa80wzkgjahju26yc3e9wgs1yem00e0r1jw4gbvsy', '2023-11-17 17:00:08.000');
INSERT INTO "user_song_recommendations" ("id", "user_id", "song_id", "created_at") VALUES ('cdndgvshnwkz8ve3nsewund3br3k7hmmo1bgiko6036uoqt3zq', 'wswnd71f751io1o', 'cm5lzazo6lp6x1vd4ch5dyjj00hupvcv8pvhn40029qwn4nu0b', '2023-11-17 17:00:08.000');
INSERT INTO "user_song_recommendations" ("id", "user_id", "song_id", "created_at") VALUES ('old1m996wzzye456wkxgh4euzj5dpyfcax6xwdrgflusaur9rw', 'wswnd71f751io1o', '1ko1l9qu1tcgavj3kjnmmp3kjeqbnueowbzgkd8oabn3t3ww9n', '2023-11-17 17:00:08.000');
INSERT INTO "user_song_recommendations" ("id", "user_id", "song_id", "created_at") VALUES ('vzueyxxad2axrcm11obvbrkz91kzvmzq4xl79jp4ngl21adv2z', 'wswnd71f751io1o', 'w30sbs0awylgmisnrqpaqpdpisdx5unr1du70u8v8av0bn77wz', '2023-11-17 17:00:08.000');
INSERT INTO "user_song_recommendations" ("id", "user_id", "song_id", "created_at") VALUES ('h0pp5xblmesd4cq7ic7rqma58ticfygihets5bxbnhv3uj6nji', 'yjdjyvny7lk8wzl', '0o95ru4pcsxxxnq1171cxlwffse84btsro6px7rsw3yasnzmig', '2023-11-17 17:00:08.000');
INSERT INTO "user_song_recommendations" ("id", "user_id", "song_id", "created_at") VALUES ('9w1xx653cgrv0inqhvwmvcfe3e9rgi3pt9mhj67egqvrfdgb8x', 'yjdjyvny7lk8wzl', 'yakturmstvk954ahsolky3uq47zhnxlpg22mpdxo8qarigiem9', '2023-11-17 17:00:08.000');
INSERT INTO "user_song_recommendations" ("id", "user_id", "song_id", "created_at") VALUES ('7gdv2ny04cdu34f72zy7w6swi12lq06ovn9g6732rv75pv1i7t', 'yjdjyvny7lk8wzl', 'hrixznkb5lro49xcrzdfwn5ylsaqgyqlrkpzy79tzy3tmaoa1g', '2023-11-17 17:00:08.000');
INSERT INTO "user_song_recommendations" ("id", "user_id", "song_id", "created_at") VALUES ('hderwuhdhs0or4o7m8sjrgcqz50tsxb5xtbehtg1b34x8am04u', 'yjdjyvny7lk8wzl', 'rjbl6481fpbwml7o0v9m3q2p5hjjpbgupq7hd78w0w9fnz9e38', '2023-11-17 17:00:08.000');
INSERT INTO "user_song_recommendations" ("id", "user_id", "song_id", "created_at") VALUES ('h27veocr8c49l5cwj1bsxdks7j13v4qir0r2bhroi5xkt96leq', 'yjdjyvny7lk8wzl', '2sn9jjav2xuojyzxt794y8o3q1i75ap4caf4n5ts5xr06jurdn', '2023-11-17 17:00:08.000');
INSERT INTO "user_song_recommendations" ("id", "user_id", "song_id", "created_at") VALUES ('zw739gwt2c7x80zkana8ajz5r27wn3dd9rteldm4w7oqfvwk5d', 'yjdjyvny7lk8wzl', 'n1u8i4yvec1fljgnewcbj6tebcmrg17ay1hrer6qs20tnbg7dq', '2023-11-17 17:00:08.000');
INSERT INTO "user_song_recommendations" ("id", "user_id", "song_id", "created_at") VALUES ('g7ltde4vu6hrod1bk2bo52gdwvew0t9mwspxxvvg228s79u20q', 'yjdjyvny7lk8wzl', '0p6gxtabrnc0slz3868pyi66q1ypw984kk31epo9wto0f4drkq', '2023-11-17 17:00:08.000');
INSERT INTO "user_song_recommendations" ("id", "user_id", "song_id", "created_at") VALUES ('6div7v9qhbiqsgk5jpf2x1sh7mpvv1jlsm3xwszz83i5yi3oeu', 'yjdjyvny7lk8wzl', 'ptv9crgffyaev9siuh4ikgkcho7a0v4sfv3fakrityasc5p12r', '2023-11-17 17:00:08.000');
INSERT INTO "user_song_recommendations" ("id", "user_id", "song_id", "created_at") VALUES ('qhhd51lpvah29voroaubqbmt6btynv5vqx48wtp5yme6f1w9eo', 'xiobm7toessywvu', 'v0ldqt3ko14zmjf1ns5scgn90oen6ctr78oa1a4jmx0tcz6x6h', '2023-11-17 17:00:08.000');
INSERT INTO "user_song_recommendations" ("id", "user_id", "song_id", "created_at") VALUES ('uxegeas5gcpmflfehovbir55zmhylhkmzictjj5r236dcd0g3c', 'xiobm7toessywvu', 'kz9ysq50m9tbtf9pysozhi3oakjnld35f8egnsw5t0awnocend', '2023-11-17 17:00:08.000');
INSERT INTO "user_song_recommendations" ("id", "user_id", "song_id", "created_at") VALUES ('8csz00soay74tplndy7vbou7pzno7zy3v9nklrs5yemzt60o4i', 'xiobm7toessywvu', 'fd41v85xqpnnm9eeehn7avswketycvm2hut6d2ttvmpeu5ys4p', '2023-11-17 17:00:08.000');
INSERT INTO "user_song_recommendations" ("id", "user_id", "song_id", "created_at") VALUES ('blsz3x0lb91b337xeye9tl7zufya0oxz2qp6wngasm07fih7hu', 'xiobm7toessywvu', 'c40067dv9zd9epsas1suj49nb6vql71ifndojgdi4bs6lbviil', '2023-11-17 17:00:08.000');
INSERT INTO "user_song_recommendations" ("id", "user_id", "song_id", "created_at") VALUES ('vjj2zl7sndj7b1qlpcpar5364vuaiv99xqascg4au17snrniti', 'xiobm7toessywvu', 'ks124q4fbgzsb3r34c6yd74lv5c9dzbxt6r325hikxrs4fgab0', '2023-11-17 17:00:08.000');
INSERT INTO "user_song_recommendations" ("id", "user_id", "song_id", "created_at") VALUES ('wojruzcjl8zlwzdbpnbei2v76w5nz43tg38xe3ytfwjrzgvlsf', 'xiobm7toessywvu', 'japchheriv543qiz6uokyb6ktsmp7lywrcsdsczvrwnoz765bn', '2023-11-17 17:00:08.000');
INSERT INTO "user_song_recommendations" ("id", "user_id", "song_id", "created_at") VALUES ('xi6dr5blhl20uhkr13lgwr6wqbyhn8fzh8811mhnqvr3pxs6g9', 'xiobm7toessywvu', 'u5duhtcjoiusdk7ubci7tzdwpgy98h4wzp761y5r7ttvh17zsz', '2023-11-17 17:00:08.000');
INSERT INTO "user_song_recommendations" ("id", "user_id", "song_id", "created_at") VALUES ('4n34lemneot02bv2sceoaud1g5bqt5bx2gc8bw7glkmm8aqwhl', 'xiobm7toessywvu', 'gz9rv3t3755r4ho3rrs4cbulfly5dk4goxz14j4ex5tw6uts9f', '2023-11-17 17:00:08.000');
INSERT INTO "user_song_recommendations" ("id", "user_id", "song_id", "created_at") VALUES ('eb2cduigrj1jr6uooi4lnh5b9xx6akg3qjq8k1a57i91z92t28', '19skjpxffj12xnx', 'jspw66hnvfxff58q4ow5pk8er3j06ivi2x2wl19j8gdlsizh1d', '2023-11-17 17:00:08.000');
INSERT INTO "user_song_recommendations" ("id", "user_id", "song_id", "created_at") VALUES ('7oxeq7c83ntvjgxfx3e7yuyb82xb0v45c6qlk7jh4zanvdq7fz', '19skjpxffj12xnx', 'y9rlipqgb6ckcpt42gqc7y4j36pd5bvlcisr50z9fibzjfez26', '2023-11-17 17:00:08.000');
INSERT INTO "user_song_recommendations" ("id", "user_id", "song_id", "created_at") VALUES ('zqnty3y3wjjwq0myubg2nzhv1e7owl6q26tk3zwe4d9ajvfj2i', '19skjpxffj12xnx', 'japchheriv543qiz6uokyb6ktsmp7lywrcsdsczvrwnoz765bn', '2023-11-17 17:00:08.000');
INSERT INTO "user_song_recommendations" ("id", "user_id", "song_id", "created_at") VALUES ('to69a0yxueps8daq2olsfqgj3c2etqlh6xrxmwlsixe7d4z4wm', '19skjpxffj12xnx', 'hrtqgf3ws2lc5u4w5da36rr8f4e8juqp4hl03bbogrervkx4m5', '2023-11-17 17:00:08.000');
INSERT INTO "user_song_recommendations" ("id", "user_id", "song_id", "created_at") VALUES ('ci91kcnacjqq5xj74251jd54u4g8dqzzk73cqw4lhf2oxxstwt', '19skjpxffj12xnx', 'kxrfal4jzq0qji4oeegf0u1vzxt9nidz12g1x0x5hselfu2f0z', '2023-11-17 17:00:08.000');
INSERT INTO "user_song_recommendations" ("id", "user_id", "song_id", "created_at") VALUES ('36glfqs67ony6d4j76ejh0bxc4clj2ce7603j5jqx1tmvjgs81', '19skjpxffj12xnx', 'ljrh5yha8czj4ef9ynfna38r1ebcnlo0dm9za94dx5dk4vjgap', '2023-11-17 17:00:08.000');
INSERT INTO "user_song_recommendations" ("id", "user_id", "song_id", "created_at") VALUES ('605c4kqazzgf86x7lx4kbql5qtyclxoi1v3nccigedcuv8tpx3', '19skjpxffj12xnx', 'z2whyg00utf9eeuucf08akfwj3ph8bu8ui791gj2j4k20908q1', '2023-11-17 17:00:08.000');
INSERT INTO "user_song_recommendations" ("id", "user_id", "song_id", "created_at") VALUES ('b6z5vc554w3zj2yluuzpdm6k8bo7vzwitx4s5a4mkrtnf0f21l', '19skjpxffj12xnx', 'lqettnxt2tv9867d2p1wby1nv3pillfnsenqyxjv6sv6netad1', '2023-11-17 17:00:08.000');
INSERT INTO "user_song_recommendations" ("id", "user_id", "song_id", "created_at") VALUES ('ojj7e8p93yvstavtbg3uyuo449mhb27jafeya770mpr6yaimrp', 'm8mp2g1poa3k4yd', '6bhwxtq98oezoq60id15mgmms85fx44lbj9n1a48ye2af1ux0p', '2023-11-17 17:00:08.000');
INSERT INTO "user_song_recommendations" ("id", "user_id", "song_id", "created_at") VALUES ('c6vj5e55e8e4za848ngv7tzwfi9gplabexsyrwukl9m2sg5lzc', 'm8mp2g1poa3k4yd', 'fbaixe1v2554tkdr36y53oijbr0yoshaieb3k9autjmk9z79zn', '2023-11-17 17:00:08.000');
INSERT INTO "user_song_recommendations" ("id", "user_id", "song_id", "created_at") VALUES ('ph5mcay66ivf3ojyab8pjrf41yc66ur65uv7rn554telvx0qf3', 'm8mp2g1poa3k4yd', 'ubxrsbo11ix1dikkapo5zi1xwp1nnyc3y1z71btlj96o2awfq3', '2023-11-17 17:00:08.000');
INSERT INTO "user_song_recommendations" ("id", "user_id", "song_id", "created_at") VALUES ('ep18kl7rq4lcwq0g7ti0ruzuh0d6hw07026j5uairzlkqvmlbl', 'm8mp2g1poa3k4yd', 'r31uu0j0pp3yhqxezuu9ovobqzu17pf81lmldjlxbpul6ukxw7', '2023-11-17 17:00:08.000');
INSERT INTO "user_song_recommendations" ("id", "user_id", "song_id", "created_at") VALUES ('5n5hy1meyu3b7raotbls8xhfz7p3rk7nv8gi853tlijjtdz3fi', 'm8mp2g1poa3k4yd', 'fqrtwpl858mru5yn72c6k9ruxoxq4pi80h6av55g42msknbfob', '2023-11-17 17:00:08.000');
INSERT INTO "user_song_recommendations" ("id", "user_id", "song_id", "created_at") VALUES ('jg202o3co4rids3l3inuz5ozoky4l3bcjp9gzq7uy7vrj2lmak', 'm8mp2g1poa3k4yd', 't7zk3ftk1mewdw3579t8qmcpqr3u4yttv8i204sdulgp6xb8k6', '2023-11-17 17:00:08.000');
INSERT INTO "user_song_recommendations" ("id", "user_id", "song_id", "created_at") VALUES ('bnjmt2z1yxv0zs90chgacb39da17zuffcmrunyxex04zk9cyyk', 'm8mp2g1poa3k4yd', 'znbf4pyo1xj0qukamnk2munluak9tj7p1wt5it802o6khem5np', '2023-11-17 17:00:08.000');
INSERT INTO "user_song_recommendations" ("id", "user_id", "song_id", "created_at") VALUES ('0awkcaolllh1bg5s3ab67n0prb2l08s9zypsvob18wyjjs842c', 'm8mp2g1poa3k4yd', '50i1u5o6tvhd53z91w3wed0jorm4auencw5ez47kqovw023g3e', '2023-11-17 17:00:08.000');
INSERT INTO "user_song_recommendations" ("id", "user_id", "song_id", "created_at") VALUES ('zmc15lsd8neia6xrii8h1it8wazgmn8kfezwzino3jr3l6bohs', 'l5ypcg4m55octfk', 'atkximlqlt8ka6gwuqe7qw2kqk6qcz4ooayqld9dgmpo6slx3t', '2023-11-17 17:00:08.000');
INSERT INTO "user_song_recommendations" ("id", "user_id", "song_id", "created_at") VALUES ('62wqi0bbfd8tw4ppdwoo3hy11x3x3n5jv2t945pxkci4uvqig1', 'l5ypcg4m55octfk', '04418uxddzco6p0nzxfsmusyojbegxndtgmny7m4xrpzyy4ltc', '2023-11-17 17:00:08.000');
INSERT INTO "user_song_recommendations" ("id", "user_id", "song_id", "created_at") VALUES ('jaleq26mfx4l9dg2018wpzfj1u3831my0y5z4rnqyqr9cl7xy4', 'l5ypcg4m55octfk', 'd0wxk9mz2ad65g99o8b5re5wsqe21wuhgjvejh0pvqznn4r5aj', '2023-11-17 17:00:08.000');
INSERT INTO "user_song_recommendations" ("id", "user_id", "song_id", "created_at") VALUES ('qaz82yp99ecuiij292r897cumi8lhhyyc5a7cdtu2380fo5fvk', 'l5ypcg4m55octfk', 'qgglzne052bhqdq5055dz3l4anbfje2mfxcevtle26yzc1xgz6', '2023-11-17 17:00:08.000');
INSERT INTO "user_song_recommendations" ("id", "user_id", "song_id", "created_at") VALUES ('yvjirxki1j6hjwixcenf54kpxs5kk3vaycb0lwqhhgb8ch53mt', 'l5ypcg4m55octfk', 'xp1qdaz3baibppo754cnuchwhk6u5u37exa9yc6bqory29q0cd', '2023-11-17 17:00:08.000');
INSERT INTO "user_song_recommendations" ("id", "user_id", "song_id", "created_at") VALUES ('pb9sl7c4xumgj3dbmdzabnybifd9smi0g082bvcpdqtoyiv3em', 'l5ypcg4m55octfk', 'znbf4pyo1xj0qukamnk2munluak9tj7p1wt5it802o6khem5np', '2023-11-17 17:00:08.000');
INSERT INTO "user_song_recommendations" ("id", "user_id", "song_id", "created_at") VALUES ('6yxeu3s9c9nww9ylbdwpmqhlopm4da7cgn2edcpqf2rjx6a9m9', 'l5ypcg4m55octfk', 'jylzha3h4v7t7p0tlvf462uns7n862wypelj82b8o7e517815j', '2023-11-17 17:00:08.000');
INSERT INTO "user_song_recommendations" ("id", "user_id", "song_id", "created_at") VALUES ('5u1a5auhc1t32qtj4oyv6tn0bsixaicxcxunirtnnyweyv6441', 'l5ypcg4m55octfk', '2qujvt447nfe5hfct1r6i9xtsf17gdl46yrv3yhamnjvg42lqa', '2023-11-17 17:00:08.000');
INSERT INTO "user_song_recommendations" ("id", "user_id", "song_id", "created_at") VALUES ('llcgtuzlmspe1hx81zeqg8ft40v64pwpw9exvkk51j5bejp1jn', 'icqlt67n2fd7p34', '0wiked3hah17pphps4gdjf543rt4m5pz8b5tx75encko29imb4', '2023-11-17 17:00:08.000');
INSERT INTO "user_song_recommendations" ("id", "user_id", "song_id", "created_at") VALUES ('9s00xv1biwdarc75jiwp76wundtr7zzy60kknuzp0zszl8hauc', 'icqlt67n2fd7p34', 'gdxujvn7db85d2zke34hsxvpro0i4slusi0wcbg97cj3jusxnf', '2023-11-17 17:00:08.000');
INSERT INTO "user_song_recommendations" ("id", "user_id", "song_id", "created_at") VALUES ('59t29oqs4tdrthq8u5ha0uak786r9xshfm3v0jgwwmuu5l1f14', 'icqlt67n2fd7p34', '3k9tczh4c90prmyuovap3vbsgpbwrbf5a31kkwle09ev8t5oy2', '2023-11-17 17:00:08.000');
INSERT INTO "user_song_recommendations" ("id", "user_id", "song_id", "created_at") VALUES ('xuw5iicwkc7k63o1mhlsj75cx028uizi0dw4e9hkzouhslrwct', 'icqlt67n2fd7p34', 'nyiq27y3fgmyan8poag54i4c2k1k9mamuno5jnrrv4chaqjpr5', '2023-11-17 17:00:08.000');
INSERT INTO "user_song_recommendations" ("id", "user_id", "song_id", "created_at") VALUES ('j4b8myf0se3d8vqp8olwsadqkg9tfodq3ok9piclq23h73hgek', 'icqlt67n2fd7p34', 'ouojlg9gz6mn4kdudb1pbfzzrj8jolecdqpz8lbazvsy93pexi', '2023-11-17 17:00:08.000');
INSERT INTO "user_song_recommendations" ("id", "user_id", "song_id", "created_at") VALUES ('gnw0nbuod72owu2ag102jm09danp0mvhcaj858szlyvim91zfm', 'icqlt67n2fd7p34', 'c4wkbpbuvacq77zqqihgjyn48bvu1nsv7oapjhm4ytrzf2n5ms', '2023-11-17 17:00:08.000');
INSERT INTO "user_song_recommendations" ("id", "user_id", "song_id", "created_at") VALUES ('52s68mt8kk46hpyoxkdua7o5p7gm2gply6z7xp0i3jobrg1rqw', 'icqlt67n2fd7p34', 'bxcc08mnul04vj5du217k0trluihmru1rb2cfc3gm6f9kw4f0c', '2023-11-17 17:00:08.000');
INSERT INTO "user_song_recommendations" ("id", "user_id", "song_id", "created_at") VALUES ('rm66wztonjuin1ry5xs8kdzgtt5uep0r5pybw7qaxrer4lqvi5', 'icqlt67n2fd7p34', 'vot29nzci5e8ypvya1typkq8p7xxi3epggmc0qxciwjslcekb6', '2023-11-17 17:00:08.000');
