-- Users
INSERT INTO "auth_user" ("id", "username", "email", "profile_image_url", "created_at") VALUES ('mld5rxkd2j73m1q', 'George Williams (0)', '0@g.com', NULL,'2023-11-17 17:00:08.000');
INSERT INTO "user_key" ("id", "user_id", "hashed_password") VALUES ('email:0@g.com', 'mld5rxkd2j73m1q', 's2:ypixvsa9kdptdm5e:9772b9b97a807a7f47ec6097088d2a4024dba58149f0ca73e063e373505e7d6d73558d9111681e34fee10c4b14d8ee4af03030521f41d555cc1fef79872ce189');
INSERT INTO "auth_user" ("id", "username", "email", "profile_image_url", "created_at") VALUES ('jqoril33u6f9uhl', 'Charlie Johnson (1)', '1@g.com', NULL,'2023-11-17 17:00:08.000');
INSERT INTO "user_key" ("id", "user_id", "hashed_password") VALUES ('email:1@g.com', 'jqoril33u6f9uhl', 's2:ypixvsa9kdptdm5e:9772b9b97a807a7f47ec6097088d2a4024dba58149f0ca73e063e373505e7d6d73558d9111681e34fee10c4b14d8ee4af03030521f41d555cc1fef79872ce189');
INSERT INTO "auth_user" ("id", "username", "email", "profile_image_url", "created_at") VALUES ('d27m312nasvba0x', 'Julia Brown (2)', '2@g.com', NULL,'2023-11-17 17:00:08.000');
INSERT INTO "user_key" ("id", "user_id", "hashed_password") VALUES ('email:2@g.com', 'd27m312nasvba0x', 's2:ypixvsa9kdptdm5e:9772b9b97a807a7f47ec6097088d2a4024dba58149f0ca73e063e373505e7d6d73558d9111681e34fee10c4b14d8ee4af03030521f41d555cc1fef79872ce189');
INSERT INTO "auth_user" ("id", "username", "email", "profile_image_url", "created_at") VALUES ('wz3cozcoswqffgg', 'Ivan Williams (3)', '3@g.com', NULL,'2023-11-17 17:00:08.000');
INSERT INTO "user_key" ("id", "user_id", "hashed_password") VALUES ('email:3@g.com', 'wz3cozcoswqffgg', 's2:ypixvsa9kdptdm5e:9772b9b97a807a7f47ec6097088d2a4024dba58149f0ca73e063e373505e7d6d73558d9111681e34fee10c4b14d8ee4af03030521f41d555cc1fef79872ce189');
INSERT INTO "auth_user" ("id", "username", "email", "profile_image_url", "created_at") VALUES ('i030nuhilwui5lg', 'George Rodriguez (4)', '4@g.com', NULL,'2023-11-17 17:00:08.000');
INSERT INTO "user_key" ("id", "user_id", "hashed_password") VALUES ('email:4@g.com', 'i030nuhilwui5lg', 's2:ypixvsa9kdptdm5e:9772b9b97a807a7f47ec6097088d2a4024dba58149f0ca73e063e373505e7d6d73558d9111681e34fee10c4b14d8ee4af03030521f41d555cc1fef79872ce189');
INSERT INTO "auth_user" ("id", "username", "email", "profile_image_url", "created_at") VALUES ('z7yl86xj1oco37b', 'Edward Garcia (5)', '5@g.com', NULL,'2023-11-17 17:00:08.000');
INSERT INTO "user_key" ("id", "user_id", "hashed_password") VALUES ('email:5@g.com', 'z7yl86xj1oco37b', 's2:ypixvsa9kdptdm5e:9772b9b97a807a7f47ec6097088d2a4024dba58149f0ca73e063e373505e7d6d73558d9111681e34fee10c4b14d8ee4af03030521f41d555cc1fef79872ce189');
INSERT INTO "auth_user" ("id", "username", "email", "profile_image_url", "created_at") VALUES ('2bj3cst7q9mzemf', 'Julia Rodriguez (6)', '6@g.com', NULL,'2023-11-17 17:00:08.000');
INSERT INTO "user_key" ("id", "user_id", "hashed_password") VALUES ('email:6@g.com', '2bj3cst7q9mzemf', 's2:ypixvsa9kdptdm5e:9772b9b97a807a7f47ec6097088d2a4024dba58149f0ca73e063e373505e7d6d73558d9111681e34fee10c4b14d8ee4af03030521f41d555cc1fef79872ce189');
INSERT INTO "auth_user" ("id", "username", "email", "profile_image_url", "created_at") VALUES ('3txkonm6fne60in', 'Ivan Brown (7)', '7@g.com', NULL,'2023-11-17 17:00:08.000');
INSERT INTO "user_key" ("id", "user_id", "hashed_password") VALUES ('email:7@g.com', '3txkonm6fne60in', 's2:ypixvsa9kdptdm5e:9772b9b97a807a7f47ec6097088d2a4024dba58149f0ca73e063e373505e7d6d73558d9111681e34fee10c4b14d8ee4af03030521f41d555cc1fef79872ce189');
INSERT INTO "auth_user" ("id", "username", "email", "profile_image_url", "created_at") VALUES ('77yfufw765qzng0', 'Bob Jones (8)', '8@g.com', NULL,'2023-11-17 17:00:08.000');
INSERT INTO "user_key" ("id", "user_id", "hashed_password") VALUES ('email:8@g.com', '77yfufw765qzng0', 's2:ypixvsa9kdptdm5e:9772b9b97a807a7f47ec6097088d2a4024dba58149f0ca73e063e373505e7d6d73558d9111681e34fee10c4b14d8ee4af03030521f41d555cc1fef79872ce189');
INSERT INTO "auth_user" ("id", "username", "email", "profile_image_url", "created_at") VALUES ('36sbvefc6n81dl1', 'Alice Martinez (9)', '9@g.com', NULL,'2023-11-17 17:00:08.000');
INSERT INTO "user_key" ("id", "user_id", "hashed_password") VALUES ('email:9@g.com', '36sbvefc6n81dl1', 's2:ypixvsa9kdptdm5e:9772b9b97a807a7f47ec6097088d2a4024dba58149f0ca73e063e373505e7d6d73558d9111681e34fee10c4b14d8ee4af03030521f41d555cc1fef79872ce189');
-- Playlists
INSERT INTO "playlist" ("id", "name", "created_at", "user_id") VALUES ('597xgcad6e0h34keryvcmyjhm6u2c80phqfaco94im0sxv4uxr', 'Playlist 0', '2023-11-17 17:00:08.000','mld5rxkd2j73m1q');
INSERT INTO "playlist_songs" ("song_id", "playlist_id", "order") VALUES ('s36i4dlp8mrevpox7w4a0y3almx4r6zrdb42c0sgipze44zr26', '597xgcad6e0h34keryvcmyjhm6u2c80phqfaco94im0sxv4uxr', 0);
INSERT INTO "playlist_songs" ("song_id", "playlist_id", "order") VALUES ('cegirfxxg7qpkhe6jukvjfqi8cc183fc1c6bdzpwed3fjvm241', '597xgcad6e0h34keryvcmyjhm6u2c80phqfaco94im0sxv4uxr', 3);
INSERT INTO "playlist_songs" ("song_id", "playlist_id", "order") VALUES ('639zdlxl0spjwjoihvjxz06zlr7tnphxq7gb6vm1detsgcjtk8', '597xgcad6e0h34keryvcmyjhm6u2c80phqfaco94im0sxv4uxr', 7);
INSERT INTO "playlist_songs" ("song_id", "playlist_id", "order") VALUES ('jc61bmm3bp1yvv75i5i4z501qv59olbjcjppiavgahnegn06mo', '597xgcad6e0h34keryvcmyjhm6u2c80phqfaco94im0sxv4uxr', 6);
INSERT INTO "playlist_songs" ("song_id", "playlist_id", "order") VALUES ('0slqhag1rksleo9rgbjouv8qa454f9q3p029jay1hnhujl7i30', '597xgcad6e0h34keryvcmyjhm6u2c80phqfaco94im0sxv4uxr', 5);
INSERT INTO "playlist_songs" ("song_id", "playlist_id", "order") VALUES ('1ybzqqwgccwfy7xpwd3bjpso1d0ldtvgwkxf4m9hgry2w8l91v', '597xgcad6e0h34keryvcmyjhm6u2c80phqfaco94im0sxv4uxr', 2);
INSERT INTO "playlist_songs" ("song_id", "playlist_id", "order") VALUES ('l5z6dz00vmnhpce52779xf9aid0lyjzunu812am749fqp4ph4u', '597xgcad6e0h34keryvcmyjhm6u2c80phqfaco94im0sxv4uxr', 8);
INSERT INTO "playlist_songs" ("song_id", "playlist_id", "order") VALUES ('aravmemwy8cwa2a9f7sg7vuptwjtqolgxglowyxvcycv2vgld4', '597xgcad6e0h34keryvcmyjhm6u2c80phqfaco94im0sxv4uxr', 4);
INSERT INTO "playlist_songs" ("song_id", "playlist_id", "order") VALUES ('q5u9466gzc103stlhov78f3cgk7r10b9mpipxwuu4tw0qiy3me', '597xgcad6e0h34keryvcmyjhm6u2c80phqfaco94im0sxv4uxr', 1);
INSERT INTO "playlist_songs" ("song_id", "playlist_id", "order") VALUES ('l04rh3l8se9vhtpawptztn2uubv8csi8pvb4t26uhy3wczqvn7', '597xgcad6e0h34keryvcmyjhm6u2c80phqfaco94im0sxv4uxr', 9);
INSERT INTO "playlist" ("id", "name", "created_at", "user_id") VALUES ('2u9tize4i42uopzt7g0t9jc1bvnh4izxyswl8qyfyvznm39fq5', 'Playlist 1', '2023-11-17 17:00:08.000','mld5rxkd2j73m1q');
INSERT INTO "playlist_songs" ("song_id", "playlist_id", "order") VALUES ('bl7ym13fectxh8kq5n46gi9spv18lifrec2xsnndkr7c8zqi29', '2u9tize4i42uopzt7g0t9jc1bvnh4izxyswl8qyfyvznm39fq5', 0);
INSERT INTO "playlist_songs" ("song_id", "playlist_id", "order") VALUES ('qz7b1cw8pnwz67529bzdx82y4d35s5un0vk9j9srze4tz2ldna', '2u9tize4i42uopzt7g0t9jc1bvnh4izxyswl8qyfyvznm39fq5', 3);
INSERT INTO "playlist_songs" ("song_id", "playlist_id", "order") VALUES ('3sdaw1oekjsq5altj47ja83ngcxxqhs9zwvm30nsr06v6lnnsu', '2u9tize4i42uopzt7g0t9jc1bvnh4izxyswl8qyfyvznm39fq5', 2);
INSERT INTO "playlist_songs" ("song_id", "playlist_id", "order") VALUES ('zth6iodv9uih2h9j0ln55a7k84wz4eq4lobtiofb7zzekq3b76', '2u9tize4i42uopzt7g0t9jc1bvnh4izxyswl8qyfyvznm39fq5', 1);
INSERT INTO "playlist_songs" ("song_id", "playlist_id", "order") VALUES ('916tg383filkhsfpnewdtk5jwgwmaoc4qcuz21fl0melymvi2p', '2u9tize4i42uopzt7g0t9jc1bvnh4izxyswl8qyfyvznm39fq5', 9);
INSERT INTO "playlist_songs" ("song_id", "playlist_id", "order") VALUES ('7o7j1kfhm82rmoy69372s0h8kruups1qwqs42dso4n2gpqz8au', '2u9tize4i42uopzt7g0t9jc1bvnh4izxyswl8qyfyvznm39fq5', 5);
INSERT INTO "playlist_songs" ("song_id", "playlist_id", "order") VALUES ('77sf3zsrhd61hfsbiw4uazwrnwahukn6r5b4gg4c5vk0amkwi3', '2u9tize4i42uopzt7g0t9jc1bvnh4izxyswl8qyfyvznm39fq5', 8);
INSERT INTO "playlist_songs" ("song_id", "playlist_id", "order") VALUES ('d118xaucgml9bcjftu84yamqqkosjlj2n72z90kj2gct347g4v', '2u9tize4i42uopzt7g0t9jc1bvnh4izxyswl8qyfyvznm39fq5', 7);
INSERT INTO "playlist_songs" ("song_id", "playlist_id", "order") VALUES ('wpd3wy6k2dxenvrdljtxo9afsh48m4ii6a2o2ty7p3j0w31l96', '2u9tize4i42uopzt7g0t9jc1bvnh4izxyswl8qyfyvznm39fq5', 4);
INSERT INTO "playlist_songs" ("song_id", "playlist_id", "order") VALUES ('cegirfxxg7qpkhe6jukvjfqi8cc183fc1c6bdzpwed3fjvm241', '2u9tize4i42uopzt7g0t9jc1bvnh4izxyswl8qyfyvznm39fq5', 6);
INSERT INTO "playlist" ("id", "name", "created_at", "user_id") VALUES ('fe32xjxx26wpbgvac7bb70kkyryn3zvyey4arwrbre22snmgo1', 'Playlist 0', '2023-11-17 17:00:08.000','jqoril33u6f9uhl');
INSERT INTO "playlist_songs" ("song_id", "playlist_id", "order") VALUES ('14rgbrq69h3n6bfgxy3ntwugqv1ndfuthtrpgs8o8ppis4lkj7', 'fe32xjxx26wpbgvac7bb70kkyryn3zvyey4arwrbre22snmgo1', 1);
INSERT INTO "playlist_songs" ("song_id", "playlist_id", "order") VALUES ('bkbvjjetwhdb9s8jfkh87gp8wr1posq96z5c8nwln556qtbqv0', 'fe32xjxx26wpbgvac7bb70kkyryn3zvyey4arwrbre22snmgo1', 0);
INSERT INTO "playlist_songs" ("song_id", "playlist_id", "order") VALUES ('2y03zdjbjhc6ll58nz33jr0r5wlmtfw81ucyaoyevbzdb5698c', 'fe32xjxx26wpbgvac7bb70kkyryn3zvyey4arwrbre22snmgo1', 6);
INSERT INTO "playlist_songs" ("song_id", "playlist_id", "order") VALUES ('1jy5tilsg618zranmtb4tld0wurdyfex491r7mpkgug2rdb3ug', 'fe32xjxx26wpbgvac7bb70kkyryn3zvyey4arwrbre22snmgo1', 7);
INSERT INTO "playlist_songs" ("song_id", "playlist_id", "order") VALUES ('6hajelcle6sd5e9886dklzny2j3zr15wvk6x5pdxkx3h5wtunt', 'fe32xjxx26wpbgvac7bb70kkyryn3zvyey4arwrbre22snmgo1', 9);
INSERT INTO "playlist_songs" ("song_id", "playlist_id", "order") VALUES ('6gmwqxwerx6b243y5y0pjuyixmf297g2t8lcs42kgk2k0bfriv', 'fe32xjxx26wpbgvac7bb70kkyryn3zvyey4arwrbre22snmgo1', 3);
INSERT INTO "playlist_songs" ("song_id", "playlist_id", "order") VALUES ('rcle0a9vsf8cpr2j6238t3i94niuwugiknt2v9gn4ah4gcea1i', 'fe32xjxx26wpbgvac7bb70kkyryn3zvyey4arwrbre22snmgo1', 8);
INSERT INTO "playlist_songs" ("song_id", "playlist_id", "order") VALUES ('vmovsslaqe3vq84xaoqi4595filj79n8yrd1xfox985qy5lc4l', 'fe32xjxx26wpbgvac7bb70kkyryn3zvyey4arwrbre22snmgo1', 5);
INSERT INTO "playlist_songs" ("song_id", "playlist_id", "order") VALUES ('7ful4a18i9a09uaq6s477ejhgoh8ty9xlcrraedrcxbna5qbi6', 'fe32xjxx26wpbgvac7bb70kkyryn3zvyey4arwrbre22snmgo1', 2);
INSERT INTO "playlist_songs" ("song_id", "playlist_id", "order") VALUES ('xv91mb96lbrwuezfzfheqw2oqv8tr2hnq28uffbxp2ea0xe2tn', 'fe32xjxx26wpbgvac7bb70kkyryn3zvyey4arwrbre22snmgo1', 4);
INSERT INTO "playlist" ("id", "name", "created_at", "user_id") VALUES ('k5msi9ucs3wp99n7n4z8gw1zki2ydijcgo20vtbxma1pgxqsyn', 'Playlist 1', '2023-11-17 17:00:08.000','jqoril33u6f9uhl');
INSERT INTO "playlist_songs" ("song_id", "playlist_id", "order") VALUES ('jpwwd86xbrljnipqrm45n45nl3w0q3odrlbpzrgryf05f93bl5', 'k5msi9ucs3wp99n7n4z8gw1zki2ydijcgo20vtbxma1pgxqsyn', 0);
INSERT INTO "playlist_songs" ("song_id", "playlist_id", "order") VALUES ('9xfejuopoczduvu22lvb0sp9s80fud5fzmtpjelsdp0v0d3djn', 'k5msi9ucs3wp99n7n4z8gw1zki2ydijcgo20vtbxma1pgxqsyn', 1);
INSERT INTO "playlist_songs" ("song_id", "playlist_id", "order") VALUES ('si7ssjwf8vim9xfmhykc7svy81b6aa6yrqccg4ijmtgypd1c97', 'k5msi9ucs3wp99n7n4z8gw1zki2ydijcgo20vtbxma1pgxqsyn', 2);
INSERT INTO "playlist_songs" ("song_id", "playlist_id", "order") VALUES ('96t3zmjy8wjte0cc4du1c75neczhj5fuydbizo6ihm4mry1hot', 'k5msi9ucs3wp99n7n4z8gw1zki2ydijcgo20vtbxma1pgxqsyn', 9);
INSERT INTO "playlist_songs" ("song_id", "playlist_id", "order") VALUES ('s36i4dlp8mrevpox7w4a0y3almx4r6zrdb42c0sgipze44zr26', 'k5msi9ucs3wp99n7n4z8gw1zki2ydijcgo20vtbxma1pgxqsyn', 4);
INSERT INTO "playlist_songs" ("song_id", "playlist_id", "order") VALUES ('m5a5pnmc24wdblfb7mf22sossxvnn5yxo87egn1e09t4ur2beb', 'k5msi9ucs3wp99n7n4z8gw1zki2ydijcgo20vtbxma1pgxqsyn', 3);
INSERT INTO "playlist_songs" ("song_id", "playlist_id", "order") VALUES ('rfnovptrx8xnyi66uxk1s97gua2kcchq4icl99ma6d9b0je1jg', 'k5msi9ucs3wp99n7n4z8gw1zki2ydijcgo20vtbxma1pgxqsyn', 5);
INSERT INTO "playlist_songs" ("song_id", "playlist_id", "order") VALUES ('924hs4kib0ci4e57c1zw446sa5ib3ea65j2lu11txqvub8vjc5', 'k5msi9ucs3wp99n7n4z8gw1zki2ydijcgo20vtbxma1pgxqsyn', 6);
INSERT INTO "playlist_songs" ("song_id", "playlist_id", "order") VALUES ('tx8d5fsy2z6cv9o1f3auip3na53l0rpcrjuqpy7u8enqvtl09x', 'k5msi9ucs3wp99n7n4z8gw1zki2ydijcgo20vtbxma1pgxqsyn', 7);
INSERT INTO "playlist_songs" ("song_id", "playlist_id", "order") VALUES ('crfvvo5w0lf8qymtkigcpridv0g5p6i0w5ggl60a3z5yvkna2p', 'k5msi9ucs3wp99n7n4z8gw1zki2ydijcgo20vtbxma1pgxqsyn', 8);
INSERT INTO "playlist" ("id", "name", "created_at", "user_id") VALUES ('tcysfdcumetiq2phl7xw18mlzy3sdhuzks5sxy32rchdxie2k9', 'Playlist 0', '2023-11-17 17:00:08.000','d27m312nasvba0x');
INSERT INTO "playlist_songs" ("song_id", "playlist_id", "order") VALUES ('86xk68rnp1pgguedjjji6g7l965wahns7bnvdbh3j13le9z54v', 'tcysfdcumetiq2phl7xw18mlzy3sdhuzks5sxy32rchdxie2k9', 0);
INSERT INTO "playlist_songs" ("song_id", "playlist_id", "order") VALUES ('xs9bzesr6l6qg5teuhvfsu4ujjezsjnlm0vsnuhscucfogsrlu', 'tcysfdcumetiq2phl7xw18mlzy3sdhuzks5sxy32rchdxie2k9', 5);
INSERT INTO "playlist_songs" ("song_id", "playlist_id", "order") VALUES ('mjmyi1zslpczq2r09a0wbzvqp30wccxqb2elepr3ngmsdcfkve', 'tcysfdcumetiq2phl7xw18mlzy3sdhuzks5sxy32rchdxie2k9', 6);
INSERT INTO "playlist_songs" ("song_id", "playlist_id", "order") VALUES ('t4ierh0d8jtbjkkeabpsre1sdns0n7jb9udrtfm0zj3y0z5aqz', 'tcysfdcumetiq2phl7xw18mlzy3sdhuzks5sxy32rchdxie2k9', 4);
INSERT INTO "playlist_songs" ("song_id", "playlist_id", "order") VALUES ('d7u75kgmqbcm3laozoamkizl8t3jxmmrrkwd8f1sry4m2u5atx', 'tcysfdcumetiq2phl7xw18mlzy3sdhuzks5sxy32rchdxie2k9', 2);
INSERT INTO "playlist_songs" ("song_id", "playlist_id", "order") VALUES ('8uuoxoyglwtvtm5y9v85qatpliv1p7hrw5hyuf296isu51im0m', 'tcysfdcumetiq2phl7xw18mlzy3sdhuzks5sxy32rchdxie2k9', 1);
INSERT INTO "playlist_songs" ("song_id", "playlist_id", "order") VALUES ('4bk1ibs191da0pf40txj2cgybk44nbu7o7gn8ipomaymqww0or', 'tcysfdcumetiq2phl7xw18mlzy3sdhuzks5sxy32rchdxie2k9', 9);
INSERT INTO "playlist_songs" ("song_id", "playlist_id", "order") VALUES ('96t3zmjy8wjte0cc4du1c75neczhj5fuydbizo6ihm4mry1hot', 'tcysfdcumetiq2phl7xw18mlzy3sdhuzks5sxy32rchdxie2k9', 8);
INSERT INTO "playlist_songs" ("song_id", "playlist_id", "order") VALUES ('cueyiz3joy0pcbjo3jl669vl4ku6ed4wetjatrntv74aaudjw1', 'tcysfdcumetiq2phl7xw18mlzy3sdhuzks5sxy32rchdxie2k9', 7);
INSERT INTO "playlist_songs" ("song_id", "playlist_id", "order") VALUES ('grvn57rm81nzwyjowaqn4spz52pzmltaptf2tpgce3amyi48gr', 'tcysfdcumetiq2phl7xw18mlzy3sdhuzks5sxy32rchdxie2k9', 3);
INSERT INTO "playlist" ("id", "name", "created_at", "user_id") VALUES ('qu3wj13fea7n2zq61i8yn2ieobgn5g3irdys2i0qgo6k30aj3h', 'Playlist 1', '2023-11-17 17:00:08.000','d27m312nasvba0x');
INSERT INTO "playlist_songs" ("song_id", "playlist_id", "order") VALUES ('dln3c8mmerriaortduzr753r9vbi595b2ytvgpwml1zy5hakah', 'qu3wj13fea7n2zq61i8yn2ieobgn5g3irdys2i0qgo6k30aj3h', 0);
INSERT INTO "playlist_songs" ("song_id", "playlist_id", "order") VALUES ('xtruqnoyox0elje83gbkiwl1gklrxti6gkee79h5oq1qiyaws6', 'qu3wj13fea7n2zq61i8yn2ieobgn5g3irdys2i0qgo6k30aj3h', 4);
INSERT INTO "playlist_songs" ("song_id", "playlist_id", "order") VALUES ('qz7b1cw8pnwz67529bzdx82y4d35s5un0vk9j9srze4tz2ldna', 'qu3wj13fea7n2zq61i8yn2ieobgn5g3irdys2i0qgo6k30aj3h', 2);
INSERT INTO "playlist_songs" ("song_id", "playlist_id", "order") VALUES ('0hgirrv0y6j83yq6lnglvlll4ndyz3kz9gd62kik2lxvwe9t1b', 'qu3wj13fea7n2zq61i8yn2ieobgn5g3irdys2i0qgo6k30aj3h', 1);
INSERT INTO "playlist_songs" ("song_id", "playlist_id", "order") VALUES ('by1thi8m0pqji19kvkhhuoerq4klgsr25apnj2wgvbj2eey6jk', 'qu3wj13fea7n2zq61i8yn2ieobgn5g3irdys2i0qgo6k30aj3h', 3);
INSERT INTO "playlist_songs" ("song_id", "playlist_id", "order") VALUES ('r7aunhyxhqdjc1d318r0y08i6ib20r37u1xsk6eq2kdvk6uye1', 'qu3wj13fea7n2zq61i8yn2ieobgn5g3irdys2i0qgo6k30aj3h', 8);
INSERT INTO "playlist_songs" ("song_id", "playlist_id", "order") VALUES ('14rgbrq69h3n6bfgxy3ntwugqv1ndfuthtrpgs8o8ppis4lkj7', 'qu3wj13fea7n2zq61i8yn2ieobgn5g3irdys2i0qgo6k30aj3h', 5);
INSERT INTO "playlist_songs" ("song_id", "playlist_id", "order") VALUES ('gpzf4g8f9jseq6c0pevp86s6slb3vaav5oa70hazmsa4b6kkmo', 'qu3wj13fea7n2zq61i8yn2ieobgn5g3irdys2i0qgo6k30aj3h', 6);
INSERT INTO "playlist_songs" ("song_id", "playlist_id", "order") VALUES ('3tmu73d70iclbyqv9xb95vajz3u7ybzjdcox4ecqkbvbo6ymr7', 'qu3wj13fea7n2zq61i8yn2ieobgn5g3irdys2i0qgo6k30aj3h', 7);
INSERT INTO "playlist_songs" ("song_id", "playlist_id", "order") VALUES ('dhr6dxkh9nwouw0p7rx5gh5xwlivnzqebi288sf4hvtwo7pebc', 'qu3wj13fea7n2zq61i8yn2ieobgn5g3irdys2i0qgo6k30aj3h', 9);
INSERT INTO "playlist" ("id", "name", "created_at", "user_id") VALUES ('k8eh3sd4lzpgopnmaucro5gvrlh6o25u10qyi05zcw8uap07ed', 'Playlist 0', '2023-11-17 17:00:08.000','wz3cozcoswqffgg');
INSERT INTO "playlist_songs" ("song_id", "playlist_id", "order") VALUES ('wvv7jpjx1nrmzm6ufhvquxtpojsc1iaq1bdfssjk07v7po7zmv', 'k8eh3sd4lzpgopnmaucro5gvrlh6o25u10qyi05zcw8uap07ed', 0);
INSERT INTO "playlist_songs" ("song_id", "playlist_id", "order") VALUES ('llj5u3xw7i6jymyzorvu3ow11ckd2ishuga7s3wrmbpp5jm0wr', 'k8eh3sd4lzpgopnmaucro5gvrlh6o25u10qyi05zcw8uap07ed', 7);
INSERT INTO "playlist_songs" ("song_id", "playlist_id", "order") VALUES ('27m05z1cysbe6gqb3en13s9swlv4l8x02q7ggeku26q0yv0v2p', 'k8eh3sd4lzpgopnmaucro5gvrlh6o25u10qyi05zcw8uap07ed', 1);
INSERT INTO "playlist_songs" ("song_id", "playlist_id", "order") VALUES ('wl1gqk803nl8akblxeayuz6awofaj59lr83g5ivh43qq48h33w', 'k8eh3sd4lzpgopnmaucro5gvrlh6o25u10qyi05zcw8uap07ed', 9);
INSERT INTO "playlist_songs" ("song_id", "playlist_id", "order") VALUES ('ekzofjul099aa5u1oj7edpi3z1pdlhzs61t67vgg7mioxl6020', 'k8eh3sd4lzpgopnmaucro5gvrlh6o25u10qyi05zcw8uap07ed', 8);
INSERT INTO "playlist_songs" ("song_id", "playlist_id", "order") VALUES ('mbs10njl57sk35mswp7jt5niht9b3u7sdfs9x84glnx0sghw7u', 'k8eh3sd4lzpgopnmaucro5gvrlh6o25u10qyi05zcw8uap07ed', 5);
INSERT INTO "playlist_songs" ("song_id", "playlist_id", "order") VALUES ('wpd3wy6k2dxenvrdljtxo9afsh48m4ii6a2o2ty7p3j0w31l96', 'k8eh3sd4lzpgopnmaucro5gvrlh6o25u10qyi05zcw8uap07ed', 2);
INSERT INTO "playlist_songs" ("song_id", "playlist_id", "order") VALUES ('ooolb9585c4283qj0q8nouy6sejxa476zfcbj9j5z0t16k8z5x', 'k8eh3sd4lzpgopnmaucro5gvrlh6o25u10qyi05zcw8uap07ed', 6);
INSERT INTO "playlist_songs" ("song_id", "playlist_id", "order") VALUES ('4n5r6gt7af6hbuf61d5kouty5bmuh4xjv9g76zaep071wpqqfg', 'k8eh3sd4lzpgopnmaucro5gvrlh6o25u10qyi05zcw8uap07ed', 3);
INSERT INTO "playlist_songs" ("song_id", "playlist_id", "order") VALUES ('jl9khefzjs2lsfv186szzrpu5gwgc89c0791yk31u277vi4m7q', 'k8eh3sd4lzpgopnmaucro5gvrlh6o25u10qyi05zcw8uap07ed', 4);
INSERT INTO "playlist" ("id", "name", "created_at", "user_id") VALUES ('w9a9cexioqkuqnhy0l3wtve02w10g4hriy0g1dzs6ai6jkog58', 'Playlist 1', '2023-11-17 17:00:08.000','wz3cozcoswqffgg');
INSERT INTO "playlist_songs" ("song_id", "playlist_id", "order") VALUES ('12iqqw778uju49vdbcbyi3mfm4vih67xtv9nvwxokzpm1ykgqz', 'w9a9cexioqkuqnhy0l3wtve02w10g4hriy0g1dzs6ai6jkog58', 0);
INSERT INTO "playlist_songs" ("song_id", "playlist_id", "order") VALUES ('tei3biod3oz43yxsd8p7ldcouanyx9n2pgz4pummj98vzyakne', 'w9a9cexioqkuqnhy0l3wtve02w10g4hriy0g1dzs6ai6jkog58', 5);
INSERT INTO "playlist_songs" ("song_id", "playlist_id", "order") VALUES ('7uawvdth7x41pdztnaa2dy8rbunme94xiqv8wetypd3lw3bmlr', 'w9a9cexioqkuqnhy0l3wtve02w10g4hriy0g1dzs6ai6jkog58', 7);
INSERT INTO "playlist_songs" ("song_id", "playlist_id", "order") VALUES ('pcbd26ihu4mv0jz5p2fo124thfoxpcajarkgno3w3qj286ugfe', 'w9a9cexioqkuqnhy0l3wtve02w10g4hriy0g1dzs6ai6jkog58', 1);
INSERT INTO "playlist_songs" ("song_id", "playlist_id", "order") VALUES ('grvn57rm81nzwyjowaqn4spz52pzmltaptf2tpgce3amyi48gr', 'w9a9cexioqkuqnhy0l3wtve02w10g4hriy0g1dzs6ai6jkog58', 8);
INSERT INTO "playlist_songs" ("song_id", "playlist_id", "order") VALUES ('g2gyk843jggmdc339fbcjca8mb6co0rn1v7sqiuigjvhj23qdm', 'w9a9cexioqkuqnhy0l3wtve02w10g4hriy0g1dzs6ai6jkog58', 6);
INSERT INTO "playlist_songs" ("song_id", "playlist_id", "order") VALUES ('dyyg7bq5u8x4vxubjpn4oplu71xq95u1o1maceuxme58fa2vzl', 'w9a9cexioqkuqnhy0l3wtve02w10g4hriy0g1dzs6ai6jkog58', 4);
INSERT INTO "playlist_songs" ("song_id", "playlist_id", "order") VALUES ('1m3fw47btej14hhz5yh44a3e6fu2io3vy8fk67oejehmgc516w', 'w9a9cexioqkuqnhy0l3wtve02w10g4hriy0g1dzs6ai6jkog58', 2);
INSERT INTO "playlist_songs" ("song_id", "playlist_id", "order") VALUES ('6vnlcm9spyg7ej67mqi07566mfrff82vxe6rwbvali3x971uu6', 'w9a9cexioqkuqnhy0l3wtve02w10g4hriy0g1dzs6ai6jkog58', 9);
INSERT INTO "playlist_songs" ("song_id", "playlist_id", "order") VALUES ('0gtrdunjfbbdjcqzz0zc69cku2h4ddue7o66xvby30b8d6qp3t', 'w9a9cexioqkuqnhy0l3wtve02w10g4hriy0g1dzs6ai6jkog58', 3);
INSERT INTO "playlist" ("id", "name", "created_at", "user_id") VALUES ('dcf27keselz2i05yrn56yo92kp1y3kwqummpygncm1dgy71uor', 'Playlist 0', '2023-11-17 17:00:08.000','i030nuhilwui5lg');
INSERT INTO "playlist_songs" ("song_id", "playlist_id", "order") VALUES ('66h2antf2l90rhqf15in6cayfgw0gquauaczn87wn9fxg3zg7w', 'dcf27keselz2i05yrn56yo92kp1y3kwqummpygncm1dgy71uor', 0);
INSERT INTO "playlist_songs" ("song_id", "playlist_id", "order") VALUES ('syp03zc3itogv3huhe1i5mx24qqs3yfjdxygs6df38bkx530su', 'dcf27keselz2i05yrn56yo92kp1y3kwqummpygncm1dgy71uor', 6);
INSERT INTO "playlist_songs" ("song_id", "playlist_id", "order") VALUES ('zizwrm2qqvh9r15ie6e6nf2jb79ctqh2fuh4mpl7vsn51ebkil', 'dcf27keselz2i05yrn56yo92kp1y3kwqummpygncm1dgy71uor', 1);
INSERT INTO "playlist_songs" ("song_id", "playlist_id", "order") VALUES ('54w7t1iuyr0sh8sk2pr3klt7g8h5btf9y22dby1ppe7tgmfw3n', 'dcf27keselz2i05yrn56yo92kp1y3kwqummpygncm1dgy71uor', 3);
INSERT INTO "playlist_songs" ("song_id", "playlist_id", "order") VALUES ('syf862q5yv32l0utvpjgcru0qzhuykgttxmzx3dsvkbjwmgn28', 'dcf27keselz2i05yrn56yo92kp1y3kwqummpygncm1dgy71uor', 5);
INSERT INTO "playlist_songs" ("song_id", "playlist_id", "order") VALUES ('487gxy27846gjd94f5rivpfrs4oiwln6gsu5p439x7bkcgucbv', 'dcf27keselz2i05yrn56yo92kp1y3kwqummpygncm1dgy71uor', 2);
INSERT INTO "playlist_songs" ("song_id", "playlist_id", "order") VALUES ('j6o5iu4setw1nx79uhg33298kx5594ebg4pamzd61m4757ufoq', 'dcf27keselz2i05yrn56yo92kp1y3kwqummpygncm1dgy71uor', 9);
INSERT INTO "playlist_songs" ("song_id", "playlist_id", "order") VALUES ('639zdlxl0spjwjoihvjxz06zlr7tnphxq7gb6vm1detsgcjtk8', 'dcf27keselz2i05yrn56yo92kp1y3kwqummpygncm1dgy71uor', 4);
INSERT INTO "playlist_songs" ("song_id", "playlist_id", "order") VALUES ('4bk1ibs191da0pf40txj2cgybk44nbu7o7gn8ipomaymqww0or', 'dcf27keselz2i05yrn56yo92kp1y3kwqummpygncm1dgy71uor', 7);
INSERT INTO "playlist_songs" ("song_id", "playlist_id", "order") VALUES ('t4ierh0d8jtbjkkeabpsre1sdns0n7jb9udrtfm0zj3y0z5aqz', 'dcf27keselz2i05yrn56yo92kp1y3kwqummpygncm1dgy71uor', 8);
INSERT INTO "playlist" ("id", "name", "created_at", "user_id") VALUES ('cmhah1j8xvrop5eh53z6p8hvj4jpp0x4cwlr311jsxu6pg4i38', 'Playlist 1', '2023-11-17 17:00:08.000','i030nuhilwui5lg');
INSERT INTO "playlist_songs" ("song_id", "playlist_id", "order") VALUES ('erl03cc8vyjma8cuauf3gfslwsl5kmm3jqhzu66nul9r8wy2js', 'cmhah1j8xvrop5eh53z6p8hvj4jpp0x4cwlr311jsxu6pg4i38', 0);
INSERT INTO "playlist_songs" ("song_id", "playlist_id", "order") VALUES ('7uawvdth7x41pdztnaa2dy8rbunme94xiqv8wetypd3lw3bmlr', 'cmhah1j8xvrop5eh53z6p8hvj4jpp0x4cwlr311jsxu6pg4i38', 5);
INSERT INTO "playlist_songs" ("song_id", "playlist_id", "order") VALUES ('nojjuubfeg9c6jwnd34v7gazggg9yzguanhgg518ereij5fp6w', 'cmhah1j8xvrop5eh53z6p8hvj4jpp0x4cwlr311jsxu6pg4i38', 9);
INSERT INTO "playlist_songs" ("song_id", "playlist_id", "order") VALUES ('6qw6vg9tvkkng23lkysntndw29npblajqcv314aqbxov9jad7g', 'cmhah1j8xvrop5eh53z6p8hvj4jpp0x4cwlr311jsxu6pg4i38', 8);
INSERT INTO "playlist_songs" ("song_id", "playlist_id", "order") VALUES ('p472acvlnv1renku9rtn1jmbmoh75m89q2sm859zj4cuytcwha', 'cmhah1j8xvrop5eh53z6p8hvj4jpp0x4cwlr311jsxu6pg4i38', 6);
INSERT INTO "playlist_songs" ("song_id", "playlist_id", "order") VALUES ('1jy5tilsg618zranmtb4tld0wurdyfex491r7mpkgug2rdb3ug', 'cmhah1j8xvrop5eh53z6p8hvj4jpp0x4cwlr311jsxu6pg4i38', 7);
INSERT INTO "playlist_songs" ("song_id", "playlist_id", "order") VALUES ('vmovsslaqe3vq84xaoqi4595filj79n8yrd1xfox985qy5lc4l', 'cmhah1j8xvrop5eh53z6p8hvj4jpp0x4cwlr311jsxu6pg4i38', 1);
INSERT INTO "playlist_songs" ("song_id", "playlist_id", "order") VALUES ('csfesfvk3phyw9n8wbpnmiyz3k6d55zb46zv4k08b9qbgmu84u', 'cmhah1j8xvrop5eh53z6p8hvj4jpp0x4cwlr311jsxu6pg4i38', 2);
INSERT INTO "playlist_songs" ("song_id", "playlist_id", "order") VALUES ('1ybzqqwgccwfy7xpwd3bjpso1d0ldtvgwkxf4m9hgry2w8l91v', 'cmhah1j8xvrop5eh53z6p8hvj4jpp0x4cwlr311jsxu6pg4i38', 3);
INSERT INTO "playlist_songs" ("song_id", "playlist_id", "order") VALUES ('8f0316t8hmle8hy0jb4sakrirtu09z8pbtel47xoankb93sipi', 'cmhah1j8xvrop5eh53z6p8hvj4jpp0x4cwlr311jsxu6pg4i38', 4);
INSERT INTO "playlist" ("id", "name", "created_at", "user_id") VALUES ('bizbr1711bsdp96o2d3r2bgkzkvejqen616f2043i2wyzf9gjw', 'Playlist 0', '2023-11-17 17:00:08.000','z7yl86xj1oco37b');
INSERT INTO "playlist_songs" ("song_id", "playlist_id", "order") VALUES ('fw166l985xk0t7bk8wqtk5t96bzuv4t22hunt0dz1qlbdayuex', 'bizbr1711bsdp96o2d3r2bgkzkvejqen616f2043i2wyzf9gjw', 0);
INSERT INTO "playlist_songs" ("song_id", "playlist_id", "order") VALUES ('w1c9lkvqbukjevu25kyfvxxmny1iatn51ph1j9zxyq9j3eenbl', 'bizbr1711bsdp96o2d3r2bgkzkvejqen616f2043i2wyzf9gjw', 1);
INSERT INTO "playlist_songs" ("song_id", "playlist_id", "order") VALUES ('jr5i869sam9gndwyx373adr1cy5kk0puagif2lx0nzx5jo1h3l', 'bizbr1711bsdp96o2d3r2bgkzkvejqen616f2043i2wyzf9gjw', 3);
INSERT INTO "playlist_songs" ("song_id", "playlist_id", "order") VALUES ('76glh79bs7ek5y5whoa6gdi11isr5wuuhrndnx2r38x0ozcotm', 'bizbr1711bsdp96o2d3r2bgkzkvejqen616f2043i2wyzf9gjw', 2);
INSERT INTO "playlist_songs" ("song_id", "playlist_id", "order") VALUES ('by1thi8m0pqji19kvkhhuoerq4klgsr25apnj2wgvbj2eey6jk', 'bizbr1711bsdp96o2d3r2bgkzkvejqen616f2043i2wyzf9gjw', 8);
INSERT INTO "playlist_songs" ("song_id", "playlist_id", "order") VALUES ('4oir2ffcbd9joocpu0b0mv6qjhkc4s6k16a4fh2rmypyx7grq5', 'bizbr1711bsdp96o2d3r2bgkzkvejqen616f2043i2wyzf9gjw', 5);
INSERT INTO "playlist_songs" ("song_id", "playlist_id", "order") VALUES ('hu1j5lyp4xui1pg4mtpnmi0kbmnn91dz5nuf9fus69bbxlu0qr', 'bizbr1711bsdp96o2d3r2bgkzkvejqen616f2043i2wyzf9gjw', 7);
INSERT INTO "playlist_songs" ("song_id", "playlist_id", "order") VALUES ('d118xaucgml9bcjftu84yamqqkosjlj2n72z90kj2gct347g4v', 'bizbr1711bsdp96o2d3r2bgkzkvejqen616f2043i2wyzf9gjw', 9);
INSERT INTO "playlist_songs" ("song_id", "playlist_id", "order") VALUES ('wl1gqk803nl8akblxeayuz6awofaj59lr83g5ivh43qq48h33w', 'bizbr1711bsdp96o2d3r2bgkzkvejqen616f2043i2wyzf9gjw', 4);
INSERT INTO "playlist_songs" ("song_id", "playlist_id", "order") VALUES ('f91r8534ccwca7hsl0qzmz7ng1nxmwjhsu7unqngzqvpwmryv8', 'bizbr1711bsdp96o2d3r2bgkzkvejqen616f2043i2wyzf9gjw', 6);
INSERT INTO "playlist" ("id", "name", "created_at", "user_id") VALUES ('3sxihi7qlbdl14m0wjiwdn7cjhxp612q56b4ze1i6cev1qtlfb', 'Playlist 1', '2023-11-17 17:00:08.000','z7yl86xj1oco37b');
INSERT INTO "playlist_songs" ("song_id", "playlist_id", "order") VALUES ('v2wbbj54ifmmhze0msh3yt6bsgf57p8705psplcm18888x6zsd', '3sxihi7qlbdl14m0wjiwdn7cjhxp612q56b4ze1i6cev1qtlfb', 0);
INSERT INTO "playlist_songs" ("song_id", "playlist_id", "order") VALUES ('qenv0e4rxrjtbofpaob5tghci6jwtf6w458f26k2r2ci5cyd9b', '3sxihi7qlbdl14m0wjiwdn7cjhxp612q56b4ze1i6cev1qtlfb', 8);
INSERT INTO "playlist_songs" ("song_id", "playlist_id", "order") VALUES ('hy3tuiy70m32e4bxkw7pi5i1rqryznu6eprl9s0r2rskn9r2ul', '3sxihi7qlbdl14m0wjiwdn7cjhxp612q56b4ze1i6cev1qtlfb', 9);
INSERT INTO "playlist_songs" ("song_id", "playlist_id", "order") VALUES ('1jy5tilsg618zranmtb4tld0wurdyfex491r7mpkgug2rdb3ug', '3sxihi7qlbdl14m0wjiwdn7cjhxp612q56b4ze1i6cev1qtlfb', 4);
INSERT INTO "playlist_songs" ("song_id", "playlist_id", "order") VALUES ('uzu6ax672e33cpayqpl1a2wz5e3z59k1trqraejzlbtqs2hyni', '3sxihi7qlbdl14m0wjiwdn7cjhxp612q56b4ze1i6cev1qtlfb', 7);
INSERT INTO "playlist_songs" ("song_id", "playlist_id", "order") VALUES ('8i3y3sss2pfrh90lwgh5qa8vg1lpvnlwgdlfd2zgi031vx38wv', '3sxihi7qlbdl14m0wjiwdn7cjhxp612q56b4ze1i6cev1qtlfb', 5);
INSERT INTO "playlist_songs" ("song_id", "playlist_id", "order") VALUES ('3og5l1rst7shd89wopffsd51rnmile13eijti7r3f6hkycc2js', '3sxihi7qlbdl14m0wjiwdn7cjhxp612q56b4ze1i6cev1qtlfb', 2);
INSERT INTO "playlist_songs" ("song_id", "playlist_id", "order") VALUES ('76h09rvk2bd6eso4dsxxszi2seh25nv63mq16q64cbab8ikfez', '3sxihi7qlbdl14m0wjiwdn7cjhxp612q56b4ze1i6cev1qtlfb', 6);
INSERT INTO "playlist_songs" ("song_id", "playlist_id", "order") VALUES ('e61sfokixzhneii0ezbyeu6hfr8mwgx3sdnmsyjiv71dpqf2gu', '3sxihi7qlbdl14m0wjiwdn7cjhxp612q56b4ze1i6cev1qtlfb', 1);
INSERT INTO "playlist_songs" ("song_id", "playlist_id", "order") VALUES ('dgd907d6ccvrticnx5rcfo62r5lsyfa025cb8z56q1li3csqne', '3sxihi7qlbdl14m0wjiwdn7cjhxp612q56b4ze1i6cev1qtlfb', 3);
INSERT INTO "playlist" ("id", "name", "created_at", "user_id") VALUES ('3e2od9d1axkjrtme4ozejdau9965py6l41v4o7gs14rixrczws', 'Playlist 0', '2023-11-17 17:00:08.000','2bj3cst7q9mzemf');
INSERT INTO "playlist_songs" ("song_id", "playlist_id", "order") VALUES ('fihx7o0a6xfl3powdue7zb30dggax59q9xkoevsbjr9k8qhw1u', '3e2od9d1axkjrtme4ozejdau9965py6l41v4o7gs14rixrczws', 0);
INSERT INTO "playlist_songs" ("song_id", "playlist_id", "order") VALUES ('twabf477youf5d3wdohx943xtvfc07gwq2w7zb16hw5anyzd7r', '3e2od9d1axkjrtme4ozejdau9965py6l41v4o7gs14rixrczws', 2);
INSERT INTO "playlist_songs" ("song_id", "playlist_id", "order") VALUES ('n7wt7bvz5l73xfeumwdguxmk961xe8ym2jde9r0l414j16rqhc', '3e2od9d1axkjrtme4ozejdau9965py6l41v4o7gs14rixrczws', 8);
INSERT INTO "playlist_songs" ("song_id", "playlist_id", "order") VALUES ('h2ldqzpn5q3tbvdwp6kiemyyw965rrv4tog4ux5wfuoncxxt3j', '3e2od9d1axkjrtme4ozejdau9965py6l41v4o7gs14rixrczws', 1);
INSERT INTO "playlist_songs" ("song_id", "playlist_id", "order") VALUES ('mvbdgxgzvc4wjnbhvob8d376d4qkukvg6sv2nyjapx7e4bn7zc', '3e2od9d1axkjrtme4ozejdau9965py6l41v4o7gs14rixrczws', 5);
INSERT INTO "playlist_songs" ("song_id", "playlist_id", "order") VALUES ('up7795tdmik7emh06l9xgkpetbqfnrxhcq9sia3u83mmvnbxy4', '3e2od9d1axkjrtme4ozejdau9965py6l41v4o7gs14rixrczws', 4);
INSERT INTO "playlist_songs" ("song_id", "playlist_id", "order") VALUES ('llj5u3xw7i6jymyzorvu3ow11ckd2ishuga7s3wrmbpp5jm0wr', '3e2od9d1axkjrtme4ozejdau9965py6l41v4o7gs14rixrczws', 7);
INSERT INTO "playlist_songs" ("song_id", "playlist_id", "order") VALUES ('a21pr7h20hlsm28mjqzzss172hargrpnswdlx3xd1ayq07zv3i', '3e2od9d1axkjrtme4ozejdau9965py6l41v4o7gs14rixrczws', 6);
INSERT INTO "playlist_songs" ("song_id", "playlist_id", "order") VALUES ('4riprxgb3iyyo9k9r4dgh6occcv1ztanxf94zng82rvxzb990j', '3e2od9d1axkjrtme4ozejdau9965py6l41v4o7gs14rixrczws', 3);
INSERT INTO "playlist_songs" ("song_id", "playlist_id", "order") VALUES ('w2cjfrjiq4nn730h1d2fsuczl19djacx06pfp7w17ofchvsssv', '3e2od9d1axkjrtme4ozejdau9965py6l41v4o7gs14rixrczws', 9);
INSERT INTO "playlist" ("id", "name", "created_at", "user_id") VALUES ('qjq5td1ixqlqsdg8y17103ozn1vvo9swy018xli992un5z44q8', 'Playlist 1', '2023-11-17 17:00:08.000','2bj3cst7q9mzemf');
INSERT INTO "playlist_songs" ("song_id", "playlist_id", "order") VALUES ('9no0b6weoji6gzha3j00dhlwyrd4fdbaadr0w6aoqnnykbu98h', 'qjq5td1ixqlqsdg8y17103ozn1vvo9swy018xli992un5z44q8', 2);
INSERT INTO "playlist_songs" ("song_id", "playlist_id", "order") VALUES ('dgwtq7btu5esb6ejsik4k4clf7i6657h9ac7t1q23kfb81a5hq', 'qjq5td1ixqlqsdg8y17103ozn1vvo9swy018xli992un5z44q8', 5);
INSERT INTO "playlist_songs" ("song_id", "playlist_id", "order") VALUES ('twdm1nnfx4t4izw48srjmxvlvxd509sllnd26g7w313guxnnlb', 'qjq5td1ixqlqsdg8y17103ozn1vvo9swy018xli992un5z44q8', 7);
INSERT INTO "playlist_songs" ("song_id", "playlist_id", "order") VALUES ('bby8lazn8fyhb0pqz31mw6j9rk59atfpv3fp861g5xn20n1q4w', 'qjq5td1ixqlqsdg8y17103ozn1vvo9swy018xli992un5z44q8', 6);
INSERT INTO "playlist_songs" ("song_id", "playlist_id", "order") VALUES ('4qugwqknyv03joviqzd8k4pd64iwb6f24rkkmkyy5nnlilup9q', 'qjq5td1ixqlqsdg8y17103ozn1vvo9swy018xli992un5z44q8', 1);
INSERT INTO "playlist_songs" ("song_id", "playlist_id", "order") VALUES ('539285v5r7zon5s8g7w2jnk1pdk17u1nh7ryi1fxonnp875zj8', 'qjq5td1ixqlqsdg8y17103ozn1vvo9swy018xli992un5z44q8', 4);
INSERT INTO "playlist_songs" ("song_id", "playlist_id", "order") VALUES ('z631zkkyuufs5eibcm0orataptn125eik9qvlaz3ek599eqthu', 'qjq5td1ixqlqsdg8y17103ozn1vvo9swy018xli992un5z44q8', 9);
INSERT INTO "playlist_songs" ("song_id", "playlist_id", "order") VALUES ('3tsl1aw2ymm9qtpp7ve8dslv41dhd5yx2vdgx89pe3mavv5msi', 'qjq5td1ixqlqsdg8y17103ozn1vvo9swy018xli992un5z44q8', 3);
INSERT INTO "playlist_songs" ("song_id", "playlist_id", "order") VALUES ('f38pb4ves1wv0zi2rrei8sh3pwueeg8n0xm3kc05jl5888n2go', 'qjq5td1ixqlqsdg8y17103ozn1vvo9swy018xli992un5z44q8', 8);
INSERT INTO "playlist_songs" ("song_id", "playlist_id", "order") VALUES ('g1cjbl94l4n1lu43zu489icj1v9om6vjt7whfv5v8u6143qcbw', 'qjq5td1ixqlqsdg8y17103ozn1vvo9swy018xli992un5z44q8', 0);
INSERT INTO "playlist" ("id", "name", "created_at", "user_id") VALUES ('dvnntkdgbp4h1flkou6ditfhjphmlpd6sl1vk6rk2kk0h2ee7u', 'Playlist 0', '2023-11-17 17:00:08.000','3txkonm6fne60in');
INSERT INTO "playlist_songs" ("song_id", "playlist_id", "order") VALUES ('d0gu708e97gemrvld32padaau3rkur8kz3yxif8quxgieepnz7', 'dvnntkdgbp4h1flkou6ditfhjphmlpd6sl1vk6rk2kk0h2ee7u', 5);
INSERT INTO "playlist_songs" ("song_id", "playlist_id", "order") VALUES ('up7795tdmik7emh06l9xgkpetbqfnrxhcq9sia3u83mmvnbxy4', 'dvnntkdgbp4h1flkou6ditfhjphmlpd6sl1vk6rk2kk0h2ee7u', 4);
INSERT INTO "playlist_songs" ("song_id", "playlist_id", "order") VALUES ('udshapslhw2qzz4zad7ykbfckitjkwq36fxzlnjvojqrjit9iz', 'dvnntkdgbp4h1flkou6ditfhjphmlpd6sl1vk6rk2kk0h2ee7u', 6);
INSERT INTO "playlist_songs" ("song_id", "playlist_id", "order") VALUES ('38c0su67zz6582exkjeoqw1kgpyr2r9rde983jzphvb1x6ve8d', 'dvnntkdgbp4h1flkou6ditfhjphmlpd6sl1vk6rk2kk0h2ee7u', 2);
INSERT INTO "playlist_songs" ("song_id", "playlist_id", "order") VALUES ('vmovsslaqe3vq84xaoqi4595filj79n8yrd1xfox985qy5lc4l', 'dvnntkdgbp4h1flkou6ditfhjphmlpd6sl1vk6rk2kk0h2ee7u', 1);
INSERT INTO "playlist_songs" ("song_id", "playlist_id", "order") VALUES ('755f7miuz7r2cimix975kzzegy8fzrp2d1zlu53ebcky8v32rj', 'dvnntkdgbp4h1flkou6ditfhjphmlpd6sl1vk6rk2kk0h2ee7u', 3);
INSERT INTO "playlist_songs" ("song_id", "playlist_id", "order") VALUES ('l04rh3l8se9vhtpawptztn2uubv8csi8pvb4t26uhy3wczqvn7', 'dvnntkdgbp4h1flkou6ditfhjphmlpd6sl1vk6rk2kk0h2ee7u', 7);
INSERT INTO "playlist_songs" ("song_id", "playlist_id", "order") VALUES ('4bk1ibs191da0pf40txj2cgybk44nbu7o7gn8ipomaymqww0or', 'dvnntkdgbp4h1flkou6ditfhjphmlpd6sl1vk6rk2kk0h2ee7u', 0);
INSERT INTO "playlist_songs" ("song_id", "playlist_id", "order") VALUES ('ynixjq055vhpof1i1x4knjhqdmhbc2i1vwiiamfd32au4mvnes', 'dvnntkdgbp4h1flkou6ditfhjphmlpd6sl1vk6rk2kk0h2ee7u', 8);
INSERT INTO "playlist_songs" ("song_id", "playlist_id", "order") VALUES ('66h2antf2l90rhqf15in6cayfgw0gquauaczn87wn9fxg3zg7w', 'dvnntkdgbp4h1flkou6ditfhjphmlpd6sl1vk6rk2kk0h2ee7u', 9);
INSERT INTO "playlist" ("id", "name", "created_at", "user_id") VALUES ('h6g7a5mobsrq1uxri07a9uvhymo150p4ddhmi77hp74g1as67k', 'Playlist 1', '2023-11-17 17:00:08.000','3txkonm6fne60in');
INSERT INTO "playlist_songs" ("song_id", "playlist_id", "order") VALUES ('b4r0kf9skzq6ogkjbjwji0ikzadqmc0ifrxpdut4rc4k8je8op', 'h6g7a5mobsrq1uxri07a9uvhymo150p4ddhmi77hp74g1as67k', 0);
INSERT INTO "playlist_songs" ("song_id", "playlist_id", "order") VALUES ('if0k9rg28r4mivrx6wfpoirkiukpv2i7lp2vol77mxha5zcusu', 'h6g7a5mobsrq1uxri07a9uvhymo150p4ddhmi77hp74g1as67k', 5);
INSERT INTO "playlist_songs" ("song_id", "playlist_id", "order") VALUES ('bl6b7rbzywg1hkhice9ol0hbcxkb0b8lkop64zxog2ty4k4kvx', 'h6g7a5mobsrq1uxri07a9uvhymo150p4ddhmi77hp74g1as67k', 8);
INSERT INTO "playlist_songs" ("song_id", "playlist_id", "order") VALUES ('j02xwqyxndftfxmklp2yp486rdyorpkz8eyp9o2kok1zwx6qih', 'h6g7a5mobsrq1uxri07a9uvhymo150p4ddhmi77hp74g1as67k', 9);
INSERT INTO "playlist_songs" ("song_id", "playlist_id", "order") VALUES ('cueyiz3joy0pcbjo3jl669vl4ku6ed4wetjatrntv74aaudjw1', 'h6g7a5mobsrq1uxri07a9uvhymo150p4ddhmi77hp74g1as67k', 4);
INSERT INTO "playlist_songs" ("song_id", "playlist_id", "order") VALUES ('qrdkt6cuwwbshgnipwyvat386696vrtpuxus9k4cun6jns41r2', 'h6g7a5mobsrq1uxri07a9uvhymo150p4ddhmi77hp74g1as67k', 6);
INSERT INTO "playlist_songs" ("song_id", "playlist_id", "order") VALUES ('r4vusasi9ahhuqvxrrcd3o8ff43ij590cll6rm5angjkx8tqut', 'h6g7a5mobsrq1uxri07a9uvhymo150p4ddhmi77hp74g1as67k', 1);
INSERT INTO "playlist_songs" ("song_id", "playlist_id", "order") VALUES ('f5ayv7b9vjvjrrho5iehokp51tdjtqztdblcd1ky14n6er3kfv', 'h6g7a5mobsrq1uxri07a9uvhymo150p4ddhmi77hp74g1as67k', 2);
INSERT INTO "playlist_songs" ("song_id", "playlist_id", "order") VALUES ('f79bpclaz6e2jyjfmjs8aecbjbtgbr0ccdtce0uwxmy9aksegn', 'h6g7a5mobsrq1uxri07a9uvhymo150p4ddhmi77hp74g1as67k', 3);
INSERT INTO "playlist_songs" ("song_id", "playlist_id", "order") VALUES ('7ful4a18i9a09uaq6s477ejhgoh8ty9xlcrraedrcxbna5qbi6', 'h6g7a5mobsrq1uxri07a9uvhymo150p4ddhmi77hp74g1as67k', 7);
INSERT INTO "playlist" ("id", "name", "created_at", "user_id") VALUES ('gp8c58o8zxcjl1ah71m74w97me49lhlwc3kf4kb9g3grxujwwz', 'Playlist 0', '2023-11-17 17:00:08.000','77yfufw765qzng0');
INSERT INTO "playlist_songs" ("song_id", "playlist_id", "order") VALUES ('x1umgigue6296b2xa8v5thtevzvue529kmhvw494ylp73twnv9', 'gp8c58o8zxcjl1ah71m74w97me49lhlwc3kf4kb9g3grxujwwz', 0);
INSERT INTO "playlist_songs" ("song_id", "playlist_id", "order") VALUES ('qz7b1cw8pnwz67529bzdx82y4d35s5un0vk9j9srze4tz2ldna', 'gp8c58o8zxcjl1ah71m74w97me49lhlwc3kf4kb9g3grxujwwz', 5);
INSERT INTO "playlist_songs" ("song_id", "playlist_id", "order") VALUES ('wy7ij3b9t0toz9rjponkrdes55wex6cp6ns077cdmm2epeeb3a', 'gp8c58o8zxcjl1ah71m74w97me49lhlwc3kf4kb9g3grxujwwz', 6);
INSERT INTO "playlist_songs" ("song_id", "playlist_id", "order") VALUES ('gm5citjhz07wzh54xphcpvo4exh113a0mlobi5rzeh9tizqdof', 'gp8c58o8zxcjl1ah71m74w97me49lhlwc3kf4kb9g3grxujwwz', 8);
INSERT INTO "playlist_songs" ("song_id", "playlist_id", "order") VALUES ('bpquq4ebxg70hdk3r0gdabwychyfholj79pta74t191xffyi9w', 'gp8c58o8zxcjl1ah71m74w97me49lhlwc3kf4kb9g3grxujwwz', 3);
INSERT INTO "playlist_songs" ("song_id", "playlist_id", "order") VALUES ('sl5e9xdxb9vfd3sjfj4ev87a6ifcmgqs933ltqbbkk7oaxgl1u', 'gp8c58o8zxcjl1ah71m74w97me49lhlwc3kf4kb9g3grxujwwz', 2);
INSERT INTO "playlist_songs" ("song_id", "playlist_id", "order") VALUES ('bzfq5eqhtfrnn0gbt22aw4ju8bysvl4jhupzcixr2ef3gkf11s', 'gp8c58o8zxcjl1ah71m74w97me49lhlwc3kf4kb9g3grxujwwz', 1);
INSERT INTO "playlist_songs" ("song_id", "playlist_id", "order") VALUES ('kqmfx5kmvbbar6okbi4w62n1efnupnwoyf17757jo3chih8asx', 'gp8c58o8zxcjl1ah71m74w97me49lhlwc3kf4kb9g3grxujwwz', 4);
INSERT INTO "playlist_songs" ("song_id", "playlist_id", "order") VALUES ('6gmwqxwerx6b243y5y0pjuyixmf297g2t8lcs42kgk2k0bfriv', 'gp8c58o8zxcjl1ah71m74w97me49lhlwc3kf4kb9g3grxujwwz', 9);
INSERT INTO "playlist_songs" ("song_id", "playlist_id", "order") VALUES ('nysz493q20l138w5wuimm607ydhvuki3kn6f7t80velfl2yewz', 'gp8c58o8zxcjl1ah71m74w97me49lhlwc3kf4kb9g3grxujwwz', 7);
INSERT INTO "playlist" ("id", "name", "created_at", "user_id") VALUES ('vb58ic7xf1j7kqtmmmhutiyisas7rhi9lag4l9fwu548zxl0k2', 'Playlist 1', '2023-11-17 17:00:08.000','77yfufw765qzng0');
INSERT INTO "playlist_songs" ("song_id", "playlist_id", "order") VALUES ('d0o47esrzkizcu7d0sjpd7rf318hjooi3tlj4mmgxfihwjc0r0', 'vb58ic7xf1j7kqtmmmhutiyisas7rhi9lag4l9fwu548zxl0k2', 0);
INSERT INTO "playlist_songs" ("song_id", "playlist_id", "order") VALUES ('es5yja2unoqf2spmpghp4794rkgvxsrf5zwbq52he84plett7v', 'vb58ic7xf1j7kqtmmmhutiyisas7rhi9lag4l9fwu548zxl0k2', 2);
INSERT INTO "playlist_songs" ("song_id", "playlist_id", "order") VALUES ('gqyvjngdi6a432p7yfev0dxdyx2sldxw1mvd53tufaufvit8k5', 'vb58ic7xf1j7kqtmmmhutiyisas7rhi9lag4l9fwu548zxl0k2', 4);
INSERT INTO "playlist_songs" ("song_id", "playlist_id", "order") VALUES ('0slqhag1rksleo9rgbjouv8qa454f9q3p029jay1hnhujl7i30', 'vb58ic7xf1j7kqtmmmhutiyisas7rhi9lag4l9fwu548zxl0k2', 8);
INSERT INTO "playlist_songs" ("song_id", "playlist_id", "order") VALUES ('9d9xn7ihdcceeluhlnwba7occ69plq1l3nxsii4f7gjjgxe3fo', 'vb58ic7xf1j7kqtmmmhutiyisas7rhi9lag4l9fwu548zxl0k2', 3);
INSERT INTO "playlist_songs" ("song_id", "playlist_id", "order") VALUES ('eeqh1llglepcafk7md06dk4hi0xjx2qgdc4osxcunerpgsmla7', 'vb58ic7xf1j7kqtmmmhutiyisas7rhi9lag4l9fwu548zxl0k2', 1);
INSERT INTO "playlist_songs" ("song_id", "playlist_id", "order") VALUES ('ypcwubwpf8bz5vib4zfj8n911s1bzjvh3gjr5krwefnuuprmax', 'vb58ic7xf1j7kqtmmmhutiyisas7rhi9lag4l9fwu548zxl0k2', 9);
INSERT INTO "playlist_songs" ("song_id", "playlist_id", "order") VALUES ('nr7ef3xdb37uesc452p45jpowd610i41ere66sskk231qqiwwf', 'vb58ic7xf1j7kqtmmmhutiyisas7rhi9lag4l9fwu548zxl0k2', 6);
INSERT INTO "playlist_songs" ("song_id", "playlist_id", "order") VALUES ('8f0316t8hmle8hy0jb4sakrirtu09z8pbtel47xoankb93sipi', 'vb58ic7xf1j7kqtmmmhutiyisas7rhi9lag4l9fwu548zxl0k2', 5);
INSERT INTO "playlist_songs" ("song_id", "playlist_id", "order") VALUES ('a8uyg4z9sa8gkze9j5l1pwe4xiuv5y7ka5s0m52vjvq17us2hf', 'vb58ic7xf1j7kqtmmmhutiyisas7rhi9lag4l9fwu548zxl0k2', 7);
INSERT INTO "playlist" ("id", "name", "created_at", "user_id") VALUES ('ntrfz5m6zfvm1m98z1j2u901wvwca3nvxd1vsc3rzq2plvv095', 'Playlist 0', '2023-11-17 17:00:08.000','36sbvefc6n81dl1');
INSERT INTO "playlist_songs" ("song_id", "playlist_id", "order") VALUES ('4n5r6gt7af6hbuf61d5kouty5bmuh4xjv9g76zaep071wpqqfg', 'ntrfz5m6zfvm1m98z1j2u901wvwca3nvxd1vsc3rzq2plvv095', 0);
INSERT INTO "playlist_songs" ("song_id", "playlist_id", "order") VALUES ('ayf31oxbecg5mjorp3e98yrmda5avhcodjyq67xx92m23ox4xn', 'ntrfz5m6zfvm1m98z1j2u901wvwca3nvxd1vsc3rzq2plvv095', 5);
INSERT INTO "playlist_songs" ("song_id", "playlist_id", "order") VALUES ('c1sjyyntsiinozslcriozbwdqnwavky2iy7mjlel0npa4ifnmo', 'ntrfz5m6zfvm1m98z1j2u901wvwca3nvxd1vsc3rzq2plvv095', 8);
INSERT INTO "playlist_songs" ("song_id", "playlist_id", "order") VALUES ('5iuhr67w4bcpff2h13n0d8fflcaayvt61os58a1zcnce4nm0vr', 'ntrfz5m6zfvm1m98z1j2u901wvwca3nvxd1vsc3rzq2plvv095', 7);
INSERT INTO "playlist_songs" ("song_id", "playlist_id", "order") VALUES ('fz7p5ot49w2p33b35h1s0fp2qmholkb3y0ydadetdhnk4yzjp8', 'ntrfz5m6zfvm1m98z1j2u901wvwca3nvxd1vsc3rzq2plvv095', 6);
INSERT INTO "playlist_songs" ("song_id", "playlist_id", "order") VALUES ('gm5citjhz07wzh54xphcpvo4exh113a0mlobi5rzeh9tizqdof', 'ntrfz5m6zfvm1m98z1j2u901wvwca3nvxd1vsc3rzq2plvv095', 3);
INSERT INTO "playlist_songs" ("song_id", "playlist_id", "order") VALUES ('2y03zdjbjhc6ll58nz33jr0r5wlmtfw81ucyaoyevbzdb5698c', 'ntrfz5m6zfvm1m98z1j2u901wvwca3nvxd1vsc3rzq2plvv095', 4);
INSERT INTO "playlist_songs" ("song_id", "playlist_id", "order") VALUES ('bzfq5eqhtfrnn0gbt22aw4ju8bysvl4jhupzcixr2ef3gkf11s', 'ntrfz5m6zfvm1m98z1j2u901wvwca3nvxd1vsc3rzq2plvv095', 2);
INSERT INTO "playlist_songs" ("song_id", "playlist_id", "order") VALUES ('hadmxjdyobb8r7rjoulyirjklvttqly9rk6tr1xl3m8g6ytkrm', 'ntrfz5m6zfvm1m98z1j2u901wvwca3nvxd1vsc3rzq2plvv095', 1);
INSERT INTO "playlist_songs" ("song_id", "playlist_id", "order") VALUES ('7rppdo77rxww27y01r70tgr4m5ak54xneaffd0s0mjpjphxsn0', 'ntrfz5m6zfvm1m98z1j2u901wvwca3nvxd1vsc3rzq2plvv095', 9);
INSERT INTO "playlist" ("id", "name", "created_at", "user_id") VALUES ('vooemjbpglwhbvdziuj3eym8aejsi8ws3z6zvihoivqggkcezp', 'Playlist 1', '2023-11-17 17:00:08.000','36sbvefc6n81dl1');
INSERT INTO "playlist_songs" ("song_id", "playlist_id", "order") VALUES ('3tmu73d70iclbyqv9xb95vajz3u7ybzjdcox4ecqkbvbo6ymr7', 'vooemjbpglwhbvdziuj3eym8aejsi8ws3z6zvihoivqggkcezp', 5);
INSERT INTO "playlist_songs" ("song_id", "playlist_id", "order") VALUES ('libwb5byklupjzbujbw8oovfhmy3bd7pvxse82d9nx6pt41jlo', 'vooemjbpglwhbvdziuj3eym8aejsi8ws3z6zvihoivqggkcezp', 7);
INSERT INTO "playlist_songs" ("song_id", "playlist_id", "order") VALUES ('syp03zc3itogv3huhe1i5mx24qqs3yfjdxygs6df38bkx530su', 'vooemjbpglwhbvdziuj3eym8aejsi8ws3z6zvihoivqggkcezp', 6);
INSERT INTO "playlist_songs" ("song_id", "playlist_id", "order") VALUES ('fluvqofp6a1czc68pr2h058l930m1vo0zbskogxhx0y8y2lmow', 'vooemjbpglwhbvdziuj3eym8aejsi8ws3z6zvihoivqggkcezp', 4);
INSERT INTO "playlist_songs" ("song_id", "playlist_id", "order") VALUES ('2janrnd2318mmdcz5gtjzrcbidr40s82vsuxwgzm9ww1ux1uvv', 'vooemjbpglwhbvdziuj3eym8aejsi8ws3z6zvihoivqggkcezp', 0);
INSERT INTO "playlist_songs" ("song_id", "playlist_id", "order") VALUES ('hwp3sjqtegoln1g0xz3tzan01u6gl0zc9nykfelle1uzofox20', 'vooemjbpglwhbvdziuj3eym8aejsi8ws3z6zvihoivqggkcezp', 8);
INSERT INTO "playlist_songs" ("song_id", "playlist_id", "order") VALUES ('pgmahfs82ctzb2kdgiuqs6x0smypxsqqpgzdyc18tcmp9gnjvn', 'vooemjbpglwhbvdziuj3eym8aejsi8ws3z6zvihoivqggkcezp', 3);
INSERT INTO "playlist_songs" ("song_id", "playlist_id", "order") VALUES ('740gs437idf69jw4j5pysdm2ydugm7gwhie0zu2wfbp93w241i', 'vooemjbpglwhbvdziuj3eym8aejsi8ws3z6zvihoivqggkcezp', 9);
INSERT INTO "playlist_songs" ("song_id", "playlist_id", "order") VALUES ('wpd3wy6k2dxenvrdljtxo9afsh48m4ii6a2o2ty7p3j0w31l96', 'vooemjbpglwhbvdziuj3eym8aejsi8ws3z6zvihoivqggkcezp', 2);
INSERT INTO "playlist_songs" ("song_id", "playlist_id", "order") VALUES ('zth6iodv9uih2h9j0ln55a7k84wz4eq4lobtiofb7zzekq3b76', 'vooemjbpglwhbvdziuj3eym8aejsi8ws3z6zvihoivqggkcezp', 1);
INSERT INTO "playlist" ("id", "name", "created_at", "user_id") VALUES ('lueukul8twsvv9vp121txhtgp7mpcakn900yza1xtawrmnuvr8', 'Playlist 0', '2023-11-17 17:00:08.000','icqlt67n2fd7p34');
INSERT INTO "playlist_songs" ("song_id", "playlist_id", "order") VALUES ('hm6tv5rjdloky3ke7zb8nmzky7d9i6fa83b3m42eb2vgywbcg0', 'lueukul8twsvv9vp121txhtgp7mpcakn900yza1xtawrmnuvr8', 0);
INSERT INTO "playlist_songs" ("song_id", "playlist_id", "order") VALUES ('dcwq9lto3gs5mn2hb4wrdw2hvicvivycel92zjb5mtozke8pi8', 'lueukul8twsvv9vp121txhtgp7mpcakn900yza1xtawrmnuvr8', 5);
INSERT INTO "playlist_songs" ("song_id", "playlist_id", "order") VALUES ('n7wt7bvz5l73xfeumwdguxmk961xe8ym2jde9r0l414j16rqhc', 'lueukul8twsvv9vp121txhtgp7mpcakn900yza1xtawrmnuvr8', 8);
INSERT INTO "playlist_songs" ("song_id", "playlist_id", "order") VALUES ('3womvthi7okqagonk2yedsgigxsucuf59k6vhfxwnva352ugco', 'lueukul8twsvv9vp121txhtgp7mpcakn900yza1xtawrmnuvr8', 6);
INSERT INTO "playlist_songs" ("song_id", "playlist_id", "order") VALUES ('7rppdo77rxww27y01r70tgr4m5ak54xneaffd0s0mjpjphxsn0', 'lueukul8twsvv9vp121txhtgp7mpcakn900yza1xtawrmnuvr8', 7);
INSERT INTO "playlist_songs" ("song_id", "playlist_id", "order") VALUES ('efu5y2r5vfez8ayxwevtkwupbd87slvi0pwvbmgdepi9go4xjn', 'lueukul8twsvv9vp121txhtgp7mpcakn900yza1xtawrmnuvr8', 4);
INSERT INTO "playlist_songs" ("song_id", "playlist_id", "order") VALUES ('zqu5z2rsguqg1is65jbmpgqytcrdddej7leqvuth333kpz3kbb', 'lueukul8twsvv9vp121txhtgp7mpcakn900yza1xtawrmnuvr8', 1);
INSERT INTO "playlist_songs" ("song_id", "playlist_id", "order") VALUES ('9x46yelvymtoruby6zgiixhts9pfgeo5xgmylmgaqz6xiinwlg', 'lueukul8twsvv9vp121txhtgp7mpcakn900yza1xtawrmnuvr8', 9);
INSERT INTO "playlist_songs" ("song_id", "playlist_id", "order") VALUES ('6gmwqxwerx6b243y5y0pjuyixmf297g2t8lcs42kgk2k0bfriv', 'lueukul8twsvv9vp121txhtgp7mpcakn900yza1xtawrmnuvr8', 2);
INSERT INTO "playlist_songs" ("song_id", "playlist_id", "order") VALUES ('yw0kysq8fccsxj7h0rtao8w87ht13b254kwaar33nf2aow7f2p', 'lueukul8twsvv9vp121txhtgp7mpcakn900yza1xtawrmnuvr8', 3);
INSERT INTO "playlist" ("id", "name", "created_at", "user_id") VALUES ('r8kmal0o4qr7swepg3ne5kwiadyexcd402uk14zdxvszhw1jiv', 'Playlist 1', '2023-11-17 17:00:08.000','icqlt67n2fd7p34');
INSERT INTO "playlist_songs" ("song_id", "playlist_id", "order") VALUES ('5586cvdtr09fspjuzfeiv4i21it9nm8rznmllmz73r40s3tvgs', 'r8kmal0o4qr7swepg3ne5kwiadyexcd402uk14zdxvszhw1jiv', 0);
INSERT INTO "playlist_songs" ("song_id", "playlist_id", "order") VALUES ('22eup1sckullo35wjaaiv71b9y0mf1ubajl5m9czb26r6lz17m', 'r8kmal0o4qr7swepg3ne5kwiadyexcd402uk14zdxvszhw1jiv', 2);
INSERT INTO "playlist_songs" ("song_id", "playlist_id", "order") VALUES ('ltv2a60m7v2r8ojkjkx6k722qc64vkr9fqqcp5a5sy1fcv6wvs', 'r8kmal0o4qr7swepg3ne5kwiadyexcd402uk14zdxvszhw1jiv', 7);
INSERT INTO "playlist_songs" ("song_id", "playlist_id", "order") VALUES ('62b9k3o65hlvzf721ehdrirwnnrl5we0ekwgwst88plgvwdf8n', 'r8kmal0o4qr7swepg3ne5kwiadyexcd402uk14zdxvszhw1jiv', 4);
INSERT INTO "playlist_songs" ("song_id", "playlist_id", "order") VALUES ('4i6akyxftbhz7jqppvh1va0zmnjqcrzu4psxcmetpz6qicukwt', 'r8kmal0o4qr7swepg3ne5kwiadyexcd402uk14zdxvszhw1jiv', 1);
INSERT INTO "playlist_songs" ("song_id", "playlist_id", "order") VALUES ('2kwe4ote6c7kaqfrzl48r76jda3fsyd0ethg0kxyh05x9wxsef', 'r8kmal0o4qr7swepg3ne5kwiadyexcd402uk14zdxvszhw1jiv', 9);
INSERT INTO "playlist_songs" ("song_id", "playlist_id", "order") VALUES ('6iecmn0pa2ybb4tmuvxkyp77pwugm12vf87im4cfzeu41k2b8r', 'r8kmal0o4qr7swepg3ne5kwiadyexcd402uk14zdxvszhw1jiv', 6);
INSERT INTO "playlist_songs" ("song_id", "playlist_id", "order") VALUES ('dv2sbbj9zb9wj6atbm019dlhx70hnlpyxemu9dlz50q5zl2dn8', 'r8kmal0o4qr7swepg3ne5kwiadyexcd402uk14zdxvszhw1jiv', 3);
INSERT INTO "playlist_songs" ("song_id", "playlist_id", "order") VALUES ('5dwnu01tbig37vimaslx5mvl8blbzh4ib0yi3nfkszaytd4f6p', 'r8kmal0o4qr7swepg3ne5kwiadyexcd402uk14zdxvszhw1jiv', 5);
INSERT INTO "playlist_songs" ("song_id", "playlist_id", "order") VALUES ('xe0vf1yo67f1ulsg6agat81nh20zud6iq1fqfu7hgft991chwg', 'r8kmal0o4qr7swepg3ne5kwiadyexcd402uk14zdxvszhw1jiv', 8);
-- User Likes
INSERT INTO "user_likes" ("user_id", "song_id") VALUES ('mld5rxkd2j73m1q', '0slqhag1rksleo9rgbjouv8qa454f9q3p029jay1hnhujl7i30');
INSERT INTO "user_likes" ("user_id", "song_id") VALUES ('mld5rxkd2j73m1q', 'e1vyiyt5g9px9x9xr6za76jkof0exli95ypx6abunspqb95qmn');
INSERT INTO "user_likes" ("user_id", "song_id") VALUES ('mld5rxkd2j73m1q', 'n6tvw8cljpyo82pd1lk0yn56rubcisl5jinv6fdzfym7ex9and');
INSERT INTO "user_likes" ("user_id", "song_id") VALUES ('mld5rxkd2j73m1q', '8k7ew27s60ka1ky7mxneqef5wh1leg8xesath66zmq0gufbcms');
INSERT INTO "user_likes" ("user_id", "song_id") VALUES ('mld5rxkd2j73m1q', 'ooolb9585c4283qj0q8nouy6sejxa476zfcbj9j5z0t16k8z5x');
INSERT INTO "user_likes" ("user_id", "song_id") VALUES ('mld5rxkd2j73m1q', 'isx7dqgqv4erffxlzgdflg3jjjk5amogatdissld59dpo3avis');
INSERT INTO "user_likes" ("user_id", "song_id") VALUES ('mld5rxkd2j73m1q', 'a8uyg4z9sa8gkze9j5l1pwe4xiuv5y7ka5s0m52vjvq17us2hf');
INSERT INTO "user_likes" ("user_id", "song_id") VALUES ('mld5rxkd2j73m1q', 'udshapslhw2qzz4zad7ykbfckitjkwq36fxzlnjvojqrjit9iz');
INSERT INTO "user_likes" ("user_id", "song_id") VALUES ('mld5rxkd2j73m1q', 'rdvhv1o428thpslsn5u89g8agor98umj3qcvdr58iat0mzzty3');
INSERT INTO "user_likes" ("user_id", "song_id") VALUES ('mld5rxkd2j73m1q', 'v6r7spvs7pm37nqslue1og4sore3ko1px9vvh109ehsqok8dnb');
INSERT INTO "user_likes" ("user_id", "song_id") VALUES ('mld5rxkd2j73m1q', 'yjg7mtxidc5c07ha1s2ey7kari2xzwoudvcf5jo8dmjmw5cs17');
INSERT INTO "user_likes" ("user_id", "song_id") VALUES ('mld5rxkd2j73m1q', '38c0su67zz6582exkjeoqw1kgpyr2r9rde983jzphvb1x6ve8d');
INSERT INTO "user_likes" ("user_id", "song_id") VALUES ('mld5rxkd2j73m1q', '5586cvdtr09fspjuzfeiv4i21it9nm8rznmllmz73r40s3tvgs');
INSERT INTO "user_likes" ("user_id", "song_id") VALUES ('mld5rxkd2j73m1q', '2kwe4ote6c7kaqfrzl48r76jda3fsyd0ethg0kxyh05x9wxsef');
INSERT INTO "user_likes" ("user_id", "song_id") VALUES ('mld5rxkd2j73m1q', 'dgwtq7btu5esb6ejsik4k4clf7i6657h9ac7t1q23kfb81a5hq');
INSERT INTO "user_likes" ("user_id", "song_id") VALUES ('jqoril33u6f9uhl', 'mbs10njl57sk35mswp7jt5niht9b3u7sdfs9x84glnx0sghw7u');
INSERT INTO "user_likes" ("user_id", "song_id") VALUES ('jqoril33u6f9uhl', 'p9el6aznx0rcpq79p8pqxh26jmk1wuom7crbt9c478f8vss9rg');
INSERT INTO "user_likes" ("user_id", "song_id") VALUES ('jqoril33u6f9uhl', 'crfvvo5w0lf8qymtkigcpridv0g5p6i0w5ggl60a3z5yvkna2p');
INSERT INTO "user_likes" ("user_id", "song_id") VALUES ('jqoril33u6f9uhl', 'qz7b1cw8pnwz67529bzdx82y4d35s5un0vk9j9srze4tz2ldna');
INSERT INTO "user_likes" ("user_id", "song_id") VALUES ('jqoril33u6f9uhl', '6954zgpq2fx5pkkwrz7dv6hevst8pw66wvq5tbjht3xis7yavu');
INSERT INTO "user_likes" ("user_id", "song_id") VALUES ('jqoril33u6f9uhl', 'x1umgigue6296b2xa8v5thtevzvue529kmhvw494ylp73twnv9');
INSERT INTO "user_likes" ("user_id", "song_id") VALUES ('jqoril33u6f9uhl', 'dyyg7bq5u8x4vxubjpn4oplu71xq95u1o1maceuxme58fa2vzl');
INSERT INTO "user_likes" ("user_id", "song_id") VALUES ('jqoril33u6f9uhl', 'rnqdpxun73990bmoge9qoltmos0ck6vya8vz5h9sov9gv55waz');
INSERT INTO "user_likes" ("user_id", "song_id") VALUES ('jqoril33u6f9uhl', '6iecmn0pa2ybb4tmuvxkyp77pwugm12vf87im4cfzeu41k2b8r');
INSERT INTO "user_likes" ("user_id", "song_id") VALUES ('jqoril33u6f9uhl', '8i3y3sss2pfrh90lwgh5qa8vg1lpvnlwgdlfd2zgi031vx38wv');
INSERT INTO "user_likes" ("user_id", "song_id") VALUES ('jqoril33u6f9uhl', '7a3d2e8ul5uy5shdmvfstakw57wkycmp5ev2678ubx2hd4gyxe');
INSERT INTO "user_likes" ("user_id", "song_id") VALUES ('jqoril33u6f9uhl', 'dxwdflnftnzw79paqsgv1jqy8at07ph5s99ypb8lsz3qjzuewf');
INSERT INTO "user_likes" ("user_id", "song_id") VALUES ('jqoril33u6f9uhl', '2nt3zgwx8xpkmc7jxslta2ryfp2gyq3c4ai1lfge9n2ei0spwg');
INSERT INTO "user_likes" ("user_id", "song_id") VALUES ('jqoril33u6f9uhl', 'y25usfo81ffw2cew8l03r270tt2rgy9h6rmuq54gkx206vz8dt');
INSERT INTO "user_likes" ("user_id", "song_id") VALUES ('jqoril33u6f9uhl', '59n50oz18plx9etmzz9q9jk91m18hyx2zevnlssqtxpfptairp');
INSERT INTO "user_likes" ("user_id", "song_id") VALUES ('d27m312nasvba0x', 'b4r0kf9skzq6ogkjbjwji0ikzadqmc0ifrxpdut4rc4k8je8op');
INSERT INTO "user_likes" ("user_id", "song_id") VALUES ('d27m312nasvba0x', 'svpyl0z9d7l01miyu102upe02dlmqprenybzupaub28bq3fyng');
INSERT INTO "user_likes" ("user_id", "song_id") VALUES ('d27m312nasvba0x', 'i71ivz8kas2lmo0afx4i6mqg863zphf40v176r7gv7x9vtlehs');
INSERT INTO "user_likes" ("user_id", "song_id") VALUES ('d27m312nasvba0x', '53qnj42nwirhsrwfapqgnoioz84izyw9f4sj3r74liteb9ff8a');
INSERT INTO "user_likes" ("user_id", "song_id") VALUES ('d27m312nasvba0x', 'nysz493q20l138w5wuimm607ydhvuki3kn6f7t80velfl2yewz');
INSERT INTO "user_likes" ("user_id", "song_id") VALUES ('d27m312nasvba0x', 'j8yrdt14x2hgxqwxjaadkw5onlpy8zrr3mqtqoqnhv04jb7f0n');
INSERT INTO "user_likes" ("user_id", "song_id") VALUES ('d27m312nasvba0x', '62b9k3o65hlvzf721ehdrirwnnrl5we0ekwgwst88plgvwdf8n');
INSERT INTO "user_likes" ("user_id", "song_id") VALUES ('d27m312nasvba0x', '76glh79bs7ek5y5whoa6gdi11isr5wuuhrndnx2r38x0ozcotm');
INSERT INTO "user_likes" ("user_id", "song_id") VALUES ('d27m312nasvba0x', 'dgwtq7btu5esb6ejsik4k4clf7i6657h9ac7t1q23kfb81a5hq');
INSERT INTO "user_likes" ("user_id", "song_id") VALUES ('d27m312nasvba0x', 'thn2ddsyzxqhe4f41p5ailas7zq347mjoq4uu9i5yul68x0838');
INSERT INTO "user_likes" ("user_id", "song_id") VALUES ('d27m312nasvba0x', 'l1ubrip2bsecltz9edupmhpuh2w2vnxnr94858bbbp6s8vb2wd');
INSERT INTO "user_likes" ("user_id", "song_id") VALUES ('d27m312nasvba0x', 'llj5u3xw7i6jymyzorvu3ow11ckd2ishuga7s3wrmbpp5jm0wr');
INSERT INTO "user_likes" ("user_id", "song_id") VALUES ('d27m312nasvba0x', '58drw2imi6rtjgwugl3w2fobhn7qm71muvp58m0yhzfb3akqii');
INSERT INTO "user_likes" ("user_id", "song_id") VALUES ('d27m312nasvba0x', 'rqnii27986x5q93kh3d1vx2var0zz7uc6gda6cmtbr1qf8xzyq');
INSERT INTO "user_likes" ("user_id", "song_id") VALUES ('d27m312nasvba0x', 'm5a5pnmc24wdblfb7mf22sossxvnn5yxo87egn1e09t4ur2beb');
INSERT INTO "user_likes" ("user_id", "song_id") VALUES ('wz3cozcoswqffgg', 'e2wuzoics3zr5dvrhdgp7uklkltuldar642d2eq45fkiwxzxu0');
INSERT INTO "user_likes" ("user_id", "song_id") VALUES ('wz3cozcoswqffgg', 'dxwdflnftnzw79paqsgv1jqy8at07ph5s99ypb8lsz3qjzuewf');
INSERT INTO "user_likes" ("user_id", "song_id") VALUES ('wz3cozcoswqffgg', 'oskrc0jgol56ubgmaov97o245dy9getl8dcdjqqm149thhji5n');
INSERT INTO "user_likes" ("user_id", "song_id") VALUES ('wz3cozcoswqffgg', 'p9el6aznx0rcpq79p8pqxh26jmk1wuom7crbt9c478f8vss9rg');
INSERT INTO "user_likes" ("user_id", "song_id") VALUES ('wz3cozcoswqffgg', '51wahwtyxg74sdcic1rdhwvezlb5kwl5o0z6c1lk0ho6o933mi');
INSERT INTO "user_likes" ("user_id", "song_id") VALUES ('wz3cozcoswqffgg', 'z631zkkyuufs5eibcm0orataptn125eik9qvlaz3ek599eqthu');
INSERT INTO "user_likes" ("user_id", "song_id") VALUES ('wz3cozcoswqffgg', 'dad3nkjivlvvoytjr4oouel0ar4u16914b2vkuw8y5nb39t63z');
INSERT INTO "user_likes" ("user_id", "song_id") VALUES ('wz3cozcoswqffgg', '1rvbwyzn8sgi8mvl9volg0p9szi11twr0t9r8ssvjxbwfo4j2z');
INSERT INTO "user_likes" ("user_id", "song_id") VALUES ('wz3cozcoswqffgg', 'yw0kysq8fccsxj7h0rtao8w87ht13b254kwaar33nf2aow7f2p');
INSERT INTO "user_likes" ("user_id", "song_id") VALUES ('wz3cozcoswqffgg', 'b4r0kf9skzq6ogkjbjwji0ikzadqmc0ifrxpdut4rc4k8je8op');
INSERT INTO "user_likes" ("user_id", "song_id") VALUES ('wz3cozcoswqffgg', '916tg383filkhsfpnewdtk5jwgwmaoc4qcuz21fl0melymvi2p');
INSERT INTO "user_likes" ("user_id", "song_id") VALUES ('wz3cozcoswqffgg', '3kgwq4qf6yp9cefacegrhmsx4f7cf0rk2s3f8izxf7uyq58xou');
INSERT INTO "user_likes" ("user_id", "song_id") VALUES ('wz3cozcoswqffgg', 'n6tvw8cljpyo82pd1lk0yn56rubcisl5jinv6fdzfym7ex9and');
INSERT INTO "user_likes" ("user_id", "song_id") VALUES ('wz3cozcoswqffgg', 'oxuk02cob0ostcncdojhr5drfvu7sytdbsur83hg7yfncl2x5k');
INSERT INTO "user_likes" ("user_id", "song_id") VALUES ('wz3cozcoswqffgg', '19mqt1zlk1cekk2tznh266d6rol8dg9ona2qof6r5eoeq3yg3r');
INSERT INTO "user_likes" ("user_id", "song_id") VALUES ('i030nuhilwui5lg', '86xk68rnp1pgguedjjji6g7l965wahns7bnvdbh3j13le9z54v');
INSERT INTO "user_likes" ("user_id", "song_id") VALUES ('i030nuhilwui5lg', 'd02z4msmigr1qulxqkj1j7su3le97kzybxdh847bcsqardk923');
INSERT INTO "user_likes" ("user_id", "song_id") VALUES ('i030nuhilwui5lg', 'j8yrdt14x2hgxqwxjaadkw5onlpy8zrr3mqtqoqnhv04jb7f0n');
INSERT INTO "user_likes" ("user_id", "song_id") VALUES ('i030nuhilwui5lg', 'ua3h997qltambid4z3z7netdlr3xbmgkmjxohydv2959mr13kf');
INSERT INTO "user_likes" ("user_id", "song_id") VALUES ('i030nuhilwui5lg', 'id35t860e0bws5rl2kg18u4366v50cynbrkii1n0rucj0pzx9f');
INSERT INTO "user_likes" ("user_id", "song_id") VALUES ('i030nuhilwui5lg', '96t3zmjy8wjte0cc4du1c75neczhj5fuydbizo6ihm4mry1hot');
INSERT INTO "user_likes" ("user_id", "song_id") VALUES ('i030nuhilwui5lg', 'grvn57rm81nzwyjowaqn4spz52pzmltaptf2tpgce3amyi48gr');
INSERT INTO "user_likes" ("user_id", "song_id") VALUES ('i030nuhilwui5lg', '6hajelcle6sd5e9886dklzny2j3zr15wvk6x5pdxkx3h5wtunt');
INSERT INTO "user_likes" ("user_id", "song_id") VALUES ('i030nuhilwui5lg', 'h2ldqzpn5q3tbvdwp6kiemyyw965rrv4tog4ux5wfuoncxxt3j');
INSERT INTO "user_likes" ("user_id", "song_id") VALUES ('i030nuhilwui5lg', 'bkbvjjetwhdb9s8jfkh87gp8wr1posq96z5c8nwln556qtbqv0');
INSERT INTO "user_likes" ("user_id", "song_id") VALUES ('i030nuhilwui5lg', 'v2wbbj54ifmmhze0msh3yt6bsgf57p8705psplcm18888x6zsd');
INSERT INTO "user_likes" ("user_id", "song_id") VALUES ('i030nuhilwui5lg', '1k41vniucs57emb0rrfyzdfznp5obaeo4sj7ce1yh5ya44e7v7');
INSERT INTO "user_likes" ("user_id", "song_id") VALUES ('i030nuhilwui5lg', '4bk1ibs191da0pf40txj2cgybk44nbu7o7gn8ipomaymqww0or');
INSERT INTO "user_likes" ("user_id", "song_id") VALUES ('i030nuhilwui5lg', '99l8ez3tp9zznuhcv800zqv1tgfcbdh7bikygu90l0cfdp65p2');
INSERT INTO "user_likes" ("user_id", "song_id") VALUES ('i030nuhilwui5lg', 'wx895vdokm2ihafj4rtodiat1ezvunwlhc9rlq5ho5nf70wb2t');
INSERT INTO "user_likes" ("user_id", "song_id") VALUES ('z7yl86xj1oco37b', '6arw0mepoq5ok64ypwdv9nwhjhjy97rgyu04l8nc5szo0o6115');
INSERT INTO "user_likes" ("user_id", "song_id") VALUES ('z7yl86xj1oco37b', 'yxumcou1s36gw0hd6uvnrft41lzg4doh4f0l9qfzt8qrfda1ct');
INSERT INTO "user_likes" ("user_id", "song_id") VALUES ('z7yl86xj1oco37b', 'l5jona3b2wdm48w9un4mqz28lfzepi016b4qvhugn3681ab3wz');
INSERT INTO "user_likes" ("user_id", "song_id") VALUES ('z7yl86xj1oco37b', 'pgmp2k1mr3ekjr13w2sbanzdgv4phxii963ds53s4is8fxr887');
INSERT INTO "user_likes" ("user_id", "song_id") VALUES ('z7yl86xj1oco37b', 'flewynip4l57l65co6q52bxue3h5hs759qate6z5zw6k1ttt4w');
INSERT INTO "user_likes" ("user_id", "song_id") VALUES ('z7yl86xj1oco37b', 'inembywhegi23nb81x2xxea2vmaivuy814okfkg9xhu36y2wp2');
INSERT INTO "user_likes" ("user_id", "song_id") VALUES ('z7yl86xj1oco37b', 'k3qrzqun5vamv70i7rx5m0hgng0cjwmzpcnsgau4ga5ouno30y');
INSERT INTO "user_likes" ("user_id", "song_id") VALUES ('z7yl86xj1oco37b', '95d6gfutzpady81wvx3dh86psyjg59bvv1rudw9ootj7btixtv');
INSERT INTO "user_likes" ("user_id", "song_id") VALUES ('z7yl86xj1oco37b', 'id35t860e0bws5rl2kg18u4366v50cynbrkii1n0rucj0pzx9f');
INSERT INTO "user_likes" ("user_id", "song_id") VALUES ('z7yl86xj1oco37b', '5iuhr67w4bcpff2h13n0d8fflcaayvt61os58a1zcnce4nm0vr');
INSERT INTO "user_likes" ("user_id", "song_id") VALUES ('z7yl86xj1oco37b', 'wl1gqk803nl8akblxeayuz6awofaj59lr83g5ivh43qq48h33w');
INSERT INTO "user_likes" ("user_id", "song_id") VALUES ('z7yl86xj1oco37b', '0fgfp2adz49stj2mtp0bsfiipym954xmatzuialyrv9fz1zkr5');
INSERT INTO "user_likes" ("user_id", "song_id") VALUES ('z7yl86xj1oco37b', 'es5yja2unoqf2spmpghp4794rkgvxsrf5zwbq52he84plett7v');
INSERT INTO "user_likes" ("user_id", "song_id") VALUES ('z7yl86xj1oco37b', 'zizwrm2qqvh9r15ie6e6nf2jb79ctqh2fuh4mpl7vsn51ebkil');
INSERT INTO "user_likes" ("user_id", "song_id") VALUES ('z7yl86xj1oco37b', 'pgmahfs82ctzb2kdgiuqs6x0smypxsqqpgzdyc18tcmp9gnjvn');
INSERT INTO "user_likes" ("user_id", "song_id") VALUES ('2bj3cst7q9mzemf', '66h2antf2l90rhqf15in6cayfgw0gquauaczn87wn9fxg3zg7w');
INSERT INTO "user_likes" ("user_id", "song_id") VALUES ('2bj3cst7q9mzemf', 'alkjit6lqgk9p8zyuzrdmmfnoi1etpam2iqpawy7tpxvan8xmw');
INSERT INTO "user_likes" ("user_id", "song_id") VALUES ('2bj3cst7q9mzemf', 'qenv0e4rxrjtbofpaob5tghci6jwtf6w458f26k2r2ci5cyd9b');
INSERT INTO "user_likes" ("user_id", "song_id") VALUES ('2bj3cst7q9mzemf', '8f0316t8hmle8hy0jb4sakrirtu09z8pbtel47xoankb93sipi');
INSERT INTO "user_likes" ("user_id", "song_id") VALUES ('2bj3cst7q9mzemf', 'zizwrm2qqvh9r15ie6e6nf2jb79ctqh2fuh4mpl7vsn51ebkil');
INSERT INTO "user_likes" ("user_id", "song_id") VALUES ('2bj3cst7q9mzemf', 'lq763e0cys0o37tu1r3lnti6kme18zap4nkv250qqp00gedzzo');
INSERT INTO "user_likes" ("user_id", "song_id") VALUES ('2bj3cst7q9mzemf', '1jy5tilsg618zranmtb4tld0wurdyfex491r7mpkgug2rdb3ug');
INSERT INTO "user_likes" ("user_id", "song_id") VALUES ('2bj3cst7q9mzemf', 'gqyvjngdi6a432p7yfev0dxdyx2sldxw1mvd53tufaufvit8k5');
INSERT INTO "user_likes" ("user_id", "song_id") VALUES ('2bj3cst7q9mzemf', 'cueyiz3joy0pcbjo3jl669vl4ku6ed4wetjatrntv74aaudjw1');
INSERT INTO "user_likes" ("user_id", "song_id") VALUES ('2bj3cst7q9mzemf', 'apvdbepblgyj8woyvumsqoe01kmqs8tvoxvou78508igib3692');
INSERT INTO "user_likes" ("user_id", "song_id") VALUES ('2bj3cst7q9mzemf', 'jpzcyywzym9upouhyns8cwgcqbeefyddsfbg1uzlluzzphldzr');
INSERT INTO "user_likes" ("user_id", "song_id") VALUES ('2bj3cst7q9mzemf', '76h09rvk2bd6eso4dsxxszi2seh25nv63mq16q64cbab8ikfez');
INSERT INTO "user_likes" ("user_id", "song_id") VALUES ('2bj3cst7q9mzemf', 'yz0bacxfv71t0v5881il90u28hyic8pj49sketn5edhda7w2oi');
INSERT INTO "user_likes" ("user_id", "song_id") VALUES ('2bj3cst7q9mzemf', 'rcle0a9vsf8cpr2j6238t3i94niuwugiknt2v9gn4ah4gcea1i');
INSERT INTO "user_likes" ("user_id", "song_id") VALUES ('2bj3cst7q9mzemf', '9d9xn7ihdcceeluhlnwba7occ69plq1l3nxsii4f7gjjgxe3fo');
INSERT INTO "user_likes" ("user_id", "song_id") VALUES ('3txkonm6fne60in', '8k7ew27s60ka1ky7mxneqef5wh1leg8xesath66zmq0gufbcms');
INSERT INTO "user_likes" ("user_id", "song_id") VALUES ('3txkonm6fne60in', 'e2wuzoics3zr5dvrhdgp7uklkltuldar642d2eq45fkiwxzxu0');
INSERT INTO "user_likes" ("user_id", "song_id") VALUES ('3txkonm6fne60in', 'f91r8534ccwca7hsl0qzmz7ng1nxmwjhsu7unqngzqvpwmryv8');
INSERT INTO "user_likes" ("user_id", "song_id") VALUES ('3txkonm6fne60in', 'fluvqofp6a1czc68pr2h058l930m1vo0zbskogxhx0y8y2lmow');
INSERT INTO "user_likes" ("user_id", "song_id") VALUES ('3txkonm6fne60in', '4cs0px0pjz4lnkfjadkada77mqax5hod3v9lzg729c9iin30oq');
INSERT INTO "user_likes" ("user_id", "song_id") VALUES ('3txkonm6fne60in', 'yw0kysq8fccsxj7h0rtao8w87ht13b254kwaar33nf2aow7f2p');
INSERT INTO "user_likes" ("user_id", "song_id") VALUES ('3txkonm6fne60in', '5a98fo0h9an4pixp05rvwcaigl5nujty5em2n488smtaq5hxjp');
INSERT INTO "user_likes" ("user_id", "song_id") VALUES ('3txkonm6fne60in', 'ssrcqrv27np7vn05799bm086ovnnb4n2yz6tkvbnrpcivnhqnb');
INSERT INTO "user_likes" ("user_id", "song_id") VALUES ('3txkonm6fne60in', 'd2z26m38vtg1kwphl8r3du9z4zfv7pybpme3u5evf47e11i02x');
INSERT INTO "user_likes" ("user_id", "song_id") VALUES ('3txkonm6fne60in', 'xe0vf1yo67f1ulsg6agat81nh20zud6iq1fqfu7hgft991chwg');
INSERT INTO "user_likes" ("user_id", "song_id") VALUES ('3txkonm6fne60in', 'rdvhv1o428thpslsn5u89g8agor98umj3qcvdr58iat0mzzty3');
INSERT INTO "user_likes" ("user_id", "song_id") VALUES ('3txkonm6fne60in', 'flewynip4l57l65co6q52bxue3h5hs759qate6z5zw6k1ttt4w');
INSERT INTO "user_likes" ("user_id", "song_id") VALUES ('3txkonm6fne60in', 'dyyg7bq5u8x4vxubjpn4oplu71xq95u1o1maceuxme58fa2vzl');
INSERT INTO "user_likes" ("user_id", "song_id") VALUES ('3txkonm6fne60in', 'oxuk02cob0ostcncdojhr5drfvu7sytdbsur83hg7yfncl2x5k');
INSERT INTO "user_likes" ("user_id", "song_id") VALUES ('3txkonm6fne60in', '8fh9dc8quom2koo6z2wfp5s3sq7zxb9hq77hno6dewcaedwyu5');
INSERT INTO "user_likes" ("user_id", "song_id") VALUES ('77yfufw765qzng0', '3tsl1aw2ymm9qtpp7ve8dslv41dhd5yx2vdgx89pe3mavv5msi');
INSERT INTO "user_likes" ("user_id", "song_id") VALUES ('77yfufw765qzng0', 'amnv09qhr6ga132kkpgfwug72uai2mlcxihdgv4rnehhwvo2cy');
INSERT INTO "user_likes" ("user_id", "song_id") VALUES ('77yfufw765qzng0', 'kqrw1254ox5de66g8d78phe5wl0r6uzvflimh75vviaduexvpc');
INSERT INTO "user_likes" ("user_id", "song_id") VALUES ('77yfufw765qzng0', 'xs9bzesr6l6qg5teuhvfsu4ujjezsjnlm0vsnuhscucfogsrlu');
INSERT INTO "user_likes" ("user_id", "song_id") VALUES ('77yfufw765qzng0', '3og5l1rst7shd89wopffsd51rnmile13eijti7r3f6hkycc2js');
INSERT INTO "user_likes" ("user_id", "song_id") VALUES ('77yfufw765qzng0', 'kx7nv49hqypsdupz3ef1jq6e2ihzjiyjg50leoh70dg1ybcgsa');
INSERT INTO "user_likes" ("user_id", "song_id") VALUES ('77yfufw765qzng0', 'j6o5iu4setw1nx79uhg33298kx5594ebg4pamzd61m4757ufoq');
INSERT INTO "user_likes" ("user_id", "song_id") VALUES ('77yfufw765qzng0', '1k41vniucs57emb0rrfyzdfznp5obaeo4sj7ce1yh5ya44e7v7');
INSERT INTO "user_likes" ("user_id", "song_id") VALUES ('77yfufw765qzng0', 'ots8bxwst9a0wxh5tg7pnk51w1ev1xd80lmbnku20muxx1v3w1');
INSERT INTO "user_likes" ("user_id", "song_id") VALUES ('77yfufw765qzng0', 'j5954h3d0aaxxiqcur2ajvo2rd5oml84jps9kkf8ngr4x0a0pf');
INSERT INTO "user_likes" ("user_id", "song_id") VALUES ('77yfufw765qzng0', 'qthkidczxwljts4f031rb6u16v15wkzw8h2mm3wqiw4agrkilg');
INSERT INTO "user_likes" ("user_id", "song_id") VALUES ('77yfufw765qzng0', 'l5jona3b2wdm48w9un4mqz28lfzepi016b4qvhugn3681ab3wz');
INSERT INTO "user_likes" ("user_id", "song_id") VALUES ('77yfufw765qzng0', 'thlt7i6epckbni8cm3rv8p6ytfwbyxhryhd8imgyub599x60qf');
INSERT INTO "user_likes" ("user_id", "song_id") VALUES ('77yfufw765qzng0', 'nayxnvhsncq083416h8gyx4pvewtcp3tjc499c8it3frz5ei6s');
INSERT INTO "user_likes" ("user_id", "song_id") VALUES ('77yfufw765qzng0', '717qfeoqmfnd2xxoivsnky04t16pzanwl5qbbg0zkbp94vkqgo');
INSERT INTO "user_likes" ("user_id", "song_id") VALUES ('36sbvefc6n81dl1', '85linkqyigo0bz5i5qmxr72qkv489y960mte7mpggrna1fbb3r');
INSERT INTO "user_likes" ("user_id", "song_id") VALUES ('36sbvefc6n81dl1', 'oepfm51t0fmtbi5diswgx0inwbesyvg8nxqy9rg6m7z90ub82p');
INSERT INTO "user_likes" ("user_id", "song_id") VALUES ('36sbvefc6n81dl1', 'l5z6dz00vmnhpce52779xf9aid0lyjzunu812am749fqp4ph4u');
INSERT INTO "user_likes" ("user_id", "song_id") VALUES ('36sbvefc6n81dl1', 'bpquq4ebxg70hdk3r0gdabwychyfholj79pta74t191xffyi9w');
INSERT INTO "user_likes" ("user_id", "song_id") VALUES ('36sbvefc6n81dl1', '6gmwqxwerx6b243y5y0pjuyixmf297g2t8lcs42kgk2k0bfriv');
INSERT INTO "user_likes" ("user_id", "song_id") VALUES ('36sbvefc6n81dl1', 'tx8d5fsy2z6cv9o1f3auip3na53l0rpcrjuqpy7u8enqvtl09x');
INSERT INTO "user_likes" ("user_id", "song_id") VALUES ('36sbvefc6n81dl1', 'f91r8534ccwca7hsl0qzmz7ng1nxmwjhsu7unqngzqvpwmryv8');
INSERT INTO "user_likes" ("user_id", "song_id") VALUES ('36sbvefc6n81dl1', 'lq763e0cys0o37tu1r3lnti6kme18zap4nkv250qqp00gedzzo');
INSERT INTO "user_likes" ("user_id", "song_id") VALUES ('36sbvefc6n81dl1', '1m3fw47btej14hhz5yh44a3e6fu2io3vy8fk67oejehmgc516w');
INSERT INTO "user_likes" ("user_id", "song_id") VALUES ('36sbvefc6n81dl1', 'ayf31oxbecg5mjorp3e98yrmda5avhcodjyq67xx92m23ox4xn');
INSERT INTO "user_likes" ("user_id", "song_id") VALUES ('36sbvefc6n81dl1', 'hm6tv5rjdloky3ke7zb8nmzky7d9i6fa83b3m42eb2vgywbcg0');
INSERT INTO "user_likes" ("user_id", "song_id") VALUES ('36sbvefc6n81dl1', '5117sesq99uou96rsvjmrijqzrax9nmp7dg89zymss2vl9cmav');
INSERT INTO "user_likes" ("user_id", "song_id") VALUES ('36sbvefc6n81dl1', 'z1goowchy9k8u5hatdk7w9haycpwppogrkc7b1q3u228bbtdas');
INSERT INTO "user_likes" ("user_id", "song_id") VALUES ('36sbvefc6n81dl1', '8at3c5z51p24zum3g5jjsz50iws7fqg0f7mfwdwey54ltlmnk8');
INSERT INTO "user_likes" ("user_id", "song_id") VALUES ('36sbvefc6n81dl1', 'dcwq9lto3gs5mn2hb4wrdw2hvicvivycel92zjb5mtozke8pi8');
INSERT INTO "user_likes" ("user_id", "song_id") VALUES ('icqlt67n2fd7p34', 'yw0kysq8fccsxj7h0rtao8w87ht13b254kwaar33nf2aow7f2p');
INSERT INTO "user_likes" ("user_id", "song_id") VALUES ('icqlt67n2fd7p34', 'j5ey1x4le8iy7u7v0n1ss3zasagpofmu1k4e7to9lxn7qb83h7');
INSERT INTO "user_likes" ("user_id", "song_id") VALUES ('icqlt67n2fd7p34', 'gvhlkk65cmt686j8xmg7dgewbj22jd9laavoze2ddehou8e1om');
INSERT INTO "user_likes" ("user_id", "song_id") VALUES ('icqlt67n2fd7p34', '3tsl1aw2ymm9qtpp7ve8dslv41dhd5yx2vdgx89pe3mavv5msi');
INSERT INTO "user_likes" ("user_id", "song_id") VALUES ('icqlt67n2fd7p34', '6arw0mepoq5ok64ypwdv9nwhjhjy97rgyu04l8nc5szo0o6115');
INSERT INTO "user_likes" ("user_id", "song_id") VALUES ('icqlt67n2fd7p34', 'gtv31x53dc93i8ubt5o9ujm2ii8fedm87q0vejnjxjynoat6ui');
INSERT INTO "user_likes" ("user_id", "song_id") VALUES ('icqlt67n2fd7p34', '66h2antf2l90rhqf15in6cayfgw0gquauaczn87wn9fxg3zg7w');
INSERT INTO "user_likes" ("user_id", "song_id") VALUES ('icqlt67n2fd7p34', '600yp6t1isvg5dideszhm1mejlwzlpubmtfcwid5cnvtc3gh5f');
INSERT INTO "user_likes" ("user_id", "song_id") VALUES ('icqlt67n2fd7p34', 'eqdbuu94bzs8cllkkja83rvt66rkzhyyehy567zzol8gwehs34');
INSERT INTO "user_likes" ("user_id", "song_id") VALUES ('icqlt67n2fd7p34', 'swdxtaq5boh3uxm0dc92bafv5qu6gzgo7x0k919gek3dtn468b');
INSERT INTO "user_likes" ("user_id", "song_id") VALUES ('icqlt67n2fd7p34', '0slqhag1rksleo9rgbjouv8qa454f9q3p029jay1hnhujl7i30');
INSERT INTO "user_likes" ("user_id", "song_id") VALUES ('icqlt67n2fd7p34', 'rqnii27986x5q93kh3d1vx2var0zz7uc6gda6cmtbr1qf8xzyq');
INSERT INTO "user_likes" ("user_id", "song_id") VALUES ('icqlt67n2fd7p34', 'nmqycq32fa2c1dvjscx2jacqd1fb51in0g9q3uemb8bfi5ku1o');
INSERT INTO "user_likes" ("user_id", "song_id") VALUES ('icqlt67n2fd7p34', 'e1vyiyt5g9px9x9xr6za76jkof0exli95ypx6abunspqb95qmn');
INSERT INTO "user_likes" ("user_id", "song_id") VALUES ('icqlt67n2fd7p34', 'hu1j5lyp4xui1pg4mtpnmi0kbmnn91dz5nuf9fus69bbxlu0qr');
-- User Song Recommendations
INSERT INTO "user_song_recommendations" ("id", "user_id", "song_id", "created_at") VALUES ('1iaupkqo3hgxv5pp9amvi3wiz5zerj8q2b05g4p1axaeylr3i0', 'mld5rxkd2j73m1q', '734fldn4e4irgcosqvnbud9lxl915yhyo803ex4ib0xqpgn90e', '2023-11-17 17:00:08.000');
INSERT INTO "user_song_recommendations" ("id", "user_id", "song_id", "created_at") VALUES ('97aywb46pgg4bamxybdyfnvvakx0ml91ede0zx7soaf3ytwps6', 'mld5rxkd2j73m1q', 'fblqcp9a2c5ecc6gkwdvuyw8zs7tly47oui6m520c7srajbgxs', '2023-11-17 17:00:08.000');
INSERT INTO "user_song_recommendations" ("id", "user_id", "song_id", "created_at") VALUES ('8flshji5m8ylbbk7o2zu8tqfibnrpyfkmbdw9ib96s0xge8549', 'mld5rxkd2j73m1q', 'ypcwubwpf8bz5vib4zfj8n911s1bzjvh3gjr5krwefnuuprmax', '2023-11-17 17:00:08.000');
INSERT INTO "user_song_recommendations" ("id", "user_id", "song_id", "created_at") VALUES ('mb2ubb1js2oxwsr7s1t1kaxl4p271yo52asox9ly2we3fi15bp', 'mld5rxkd2j73m1q', '85linkqyigo0bz5i5qmxr72qkv489y960mte7mpggrna1fbb3r', '2023-11-17 17:00:08.000');
INSERT INTO "user_song_recommendations" ("id", "user_id", "song_id", "created_at") VALUES ('itjxrif90m6u2iqvlv20rzswauuyw7jqto210cahc0josig9jy', 'mld5rxkd2j73m1q', 'dotiskv9v3337avg1zttesjkq8akwsae90igprsugh1nf05ta8', '2023-11-17 17:00:08.000');
INSERT INTO "user_song_recommendations" ("id", "user_id", "song_id", "created_at") VALUES ('dwkkt6rjm9elm9iqg16rouuol6kliangai6s3iv43tpbog5rm5', 'mld5rxkd2j73m1q', 's36i4dlp8mrevpox7w4a0y3almx4r6zrdb42c0sgipze44zr26', '2023-11-17 17:00:08.000');
INSERT INTO "user_song_recommendations" ("id", "user_id", "song_id", "created_at") VALUES ('9nlqyp80uoyyu6sditzyc472kvpzs90b849980v0e0ebi0epjh', 'mld5rxkd2j73m1q', 'e61sfokixzhneii0ezbyeu6hfr8mwgx3sdnmsyjiv71dpqf2gu', '2023-11-17 17:00:08.000');
INSERT INTO "user_song_recommendations" ("id", "user_id", "song_id", "created_at") VALUES ('ms1ov3zqjvgo5uiak2mgvfmauy19ocook68veisedgj5fji7hl', 'mld5rxkd2j73m1q', '7uawvdth7x41pdztnaa2dy8rbunme94xiqv8wetypd3lw3bmlr', '2023-11-17 17:00:08.000');
INSERT INTO "user_song_recommendations" ("id", "user_id", "song_id", "created_at") VALUES ('2oggpp58jvjphye1fqde4k65tqv925xnpv24dxk3v73p5rgx01', 'jqoril33u6f9uhl', 'dgwtq7btu5esb6ejsik4k4clf7i6657h9ac7t1q23kfb81a5hq', '2023-11-17 17:00:08.000');
INSERT INTO "user_song_recommendations" ("id", "user_id", "song_id", "created_at") VALUES ('6bm4egky61poljnjkwow7ss801z7svqjoi88y434sdatgmuwit', 'jqoril33u6f9uhl', 'dv2sbbj9zb9wj6atbm019dlhx70hnlpyxemu9dlz50q5zl2dn8', '2023-11-17 17:00:08.000');
INSERT INTO "user_song_recommendations" ("id", "user_id", "song_id", "created_at") VALUES ('dsn3l0wd2sdiconfriziw6n0d67ji3uyuu8pw66mqd0c4tdhb9', 'jqoril33u6f9uhl', '96t3zmjy8wjte0cc4du1c75neczhj5fuydbizo6ihm4mry1hot', '2023-11-17 17:00:08.000');
INSERT INTO "user_song_recommendations" ("id", "user_id", "song_id", "created_at") VALUES ('5thi8agj5mlksdqhzn682i5runs4mrulsvi5yw0i0iwte0hs0u', 'jqoril33u6f9uhl', '9t5psoduy2hervpca249vkduwjbtj7yqshif7zp2cnxz1a3fxd', '2023-11-17 17:00:08.000');
INSERT INTO "user_song_recommendations" ("id", "user_id", "song_id", "created_at") VALUES ('s2840sgi6yhd8oi0i5uxv51k8wgobxipyyydx39hinzhel94lu', 'jqoril33u6f9uhl', '3womvthi7okqagonk2yedsgigxsucuf59k6vhfxwnva352ugco', '2023-11-17 17:00:08.000');
INSERT INTO "user_song_recommendations" ("id", "user_id", "song_id", "created_at") VALUES ('shlqpzrmei4p1uzzuh23z4s3zxbe2gb691m1jije2k4w89ijhs', 'jqoril33u6f9uhl', 'p472acvlnv1renku9rtn1jmbmoh75m89q2sm859zj4cuytcwha', '2023-11-17 17:00:08.000');
INSERT INTO "user_song_recommendations" ("id", "user_id", "song_id", "created_at") VALUES ('y2o5r0ksti8epnohobzzsuj1juz5nl5vrczwl865mn693h9dre', 'jqoril33u6f9uhl', '97amvayjriwzx6567fmiosnib0tsfp278c0623g6on54bkfks1', '2023-11-17 17:00:08.000');
INSERT INTO "user_song_recommendations" ("id", "user_id", "song_id", "created_at") VALUES ('meqcumz69eouyv38dnw9urjvumoqcppn9oqyzhbkmmxtuaxi7e', 'jqoril33u6f9uhl', '041n8gy4umf7kvo1hefyemaoibdyf043za5expth9heo8dn2ii', '2023-11-17 17:00:08.000');
INSERT INTO "user_song_recommendations" ("id", "user_id", "song_id", "created_at") VALUES ('ueziypr5y56pom9t6pkfj92x4qiebnbca6ukyrh2uyh9tlr909', 'd27m312nasvba0x', '38vgnjemk5m1jcvw1vipzbywbfdclb3rnra0wy8k9sywg95zie', '2023-11-17 17:00:08.000');
INSERT INTO "user_song_recommendations" ("id", "user_id", "song_id", "created_at") VALUES ('kxfgxetov46wfjjym0hmfantgxfnjta9uk1gyass6y6t0sn61p', 'd27m312nasvba0x', 'rfnovptrx8xnyi66uxk1s97gua2kcchq4icl99ma6d9b0je1jg', '2023-11-17 17:00:08.000');
INSERT INTO "user_song_recommendations" ("id", "user_id", "song_id", "created_at") VALUES ('qmu2escjikv7nojzdc3brgl4cn5r41lzq6en7ts97ho5f3phk0', 'd27m312nasvba0x', '3womvthi7okqagonk2yedsgigxsucuf59k6vhfxwnva352ugco', '2023-11-17 17:00:08.000');
INSERT INTO "user_song_recommendations" ("id", "user_id", "song_id", "created_at") VALUES ('c9hnc5avm7a9kgsth9kf7p8lcmv4nt69j7kbbqs3chgkqdhv2a', 'd27m312nasvba0x', 'gvhlkk65cmt686j8xmg7dgewbj22jd9laavoze2ddehou8e1om', '2023-11-17 17:00:08.000');
INSERT INTO "user_song_recommendations" ("id", "user_id", "song_id", "created_at") VALUES ('v0z1c64ny0ocgdvitr0v6y7xt6j60i1zpptifd9mu0nw0gftbq', 'd27m312nasvba0x', 'zi8o1lq0glyquoic5b60he0jf19mjziyso2ousf0pv60scilsq', '2023-11-17 17:00:08.000');
INSERT INTO "user_song_recommendations" ("id", "user_id", "song_id", "created_at") VALUES ('g16i3q8zds43n3jnbdt9bq9i261hkdd5ul8ckgc3uxijtfpeii', 'd27m312nasvba0x', 'n6tvw8cljpyo82pd1lk0yn56rubcisl5jinv6fdzfym7ex9and', '2023-11-17 17:00:08.000');
INSERT INTO "user_song_recommendations" ("id", "user_id", "song_id", "created_at") VALUES ('t2o1dgr9004p7nihjo6t0e4a8wxelsv2ft94fizt17fgxx7m32', 'd27m312nasvba0x', '2upd1osptayhyiqh856k477wd3tcjk5hoo57f31oqzb35easlg', '2023-11-17 17:00:08.000');
INSERT INTO "user_song_recommendations" ("id", "user_id", "song_id", "created_at") VALUES ('ukl8mgoxfdkk664b1ybsb4hw1aq8y79n9edikweyneb1jy7m5q', 'd27m312nasvba0x', '9qpfnet210bc64mt259xm8v7y68wbq60nj3s1zpl09yn6umnks', '2023-11-17 17:00:08.000');
INSERT INTO "user_song_recommendations" ("id", "user_id", "song_id", "created_at") VALUES ('s2j57q7nhavhqvqed7llmyl16jzsb89frd4bz24fbfl422k1jm', 'wz3cozcoswqffgg', 'ssrcqrv27np7vn05799bm086ovnnb4n2yz6tkvbnrpcivnhqnb', '2023-11-17 17:00:08.000');
INSERT INTO "user_song_recommendations" ("id", "user_id", "song_id", "created_at") VALUES ('hx3nmy53iksngmrpwfqdhqxcfkbccpkwstw2ykuiar9kastm8i', 'wz3cozcoswqffgg', 'wvv7jpjx1nrmzm6ufhvquxtpojsc1iaq1bdfssjk07v7po7zmv', '2023-11-17 17:00:08.000');
INSERT INTO "user_song_recommendations" ("id", "user_id", "song_id", "created_at") VALUES ('e0zr5ww4cdye0lwjvr0xb7a6136k49u7k790k2uhumj9akqtmh', 'wz3cozcoswqffgg', '17dclptz5gvfzveyo5elxbyew72jd840dp6lf64gr1wzehtl3q', '2023-11-17 17:00:08.000');
INSERT INTO "user_song_recommendations" ("id", "user_id", "song_id", "created_at") VALUES ('l6jazlp79p5jk35h8nemx66p0ksb4qmylq9mtguuzfsiickjb5', 'wz3cozcoswqffgg', 'kqrw1254ox5de66g8d78phe5wl0r6uzvflimh75vviaduexvpc', '2023-11-17 17:00:08.000');
INSERT INTO "user_song_recommendations" ("id", "user_id", "song_id", "created_at") VALUES ('b8mjtr9a72pc8uwowmr8pcqcaalwyinz13u2wvmqdt9bmk42eh', 'wz3cozcoswqffgg', 'oskrc0jgol56ubgmaov97o245dy9getl8dcdjqqm149thhji5n', '2023-11-17 17:00:08.000');
INSERT INTO "user_song_recommendations" ("id", "user_id", "song_id", "created_at") VALUES ('7ikdj3y5cfna55mxbjs93zbiuji99wltnr3cmd0ikmpbzc4x4r', 'wz3cozcoswqffgg', 'lbcfrh9s8mccwj4evs9w4oeuf6eh3t15bns1tk268r63bdxoj6', '2023-11-17 17:00:08.000');
INSERT INTO "user_song_recommendations" ("id", "user_id", "song_id", "created_at") VALUES ('6ri5h20fk7ic1n2hw2epwsst5v6b4dwr6vw429ynsozjqsya9c', 'wz3cozcoswqffgg', 'pgmp2k1mr3ekjr13w2sbanzdgv4phxii963ds53s4is8fxr887', '2023-11-17 17:00:08.000');
INSERT INTO "user_song_recommendations" ("id", "user_id", "song_id", "created_at") VALUES ('u7wamzlft00yxs4djydai24sfdrvqpu6mwuy88gdd3gx9yics7', 'wz3cozcoswqffgg', '3h6pyh655fd0nh3javtk434vctbwbaz40bek19t6csq272np44', '2023-11-17 17:00:08.000');
INSERT INTO "user_song_recommendations" ("id", "user_id", "song_id", "created_at") VALUES ('7lju5fr1krdvkrxokl27wwud8cak2rxw75gjigk6fyavrbms7w', 'i030nuhilwui5lg', 'po1ntpn1qg0myy3mtvltkdmevlnr8ieebz7ory6xfepc54a46j', '2023-11-17 17:00:08.000');
INSERT INTO "user_song_recommendations" ("id", "user_id", "song_id", "created_at") VALUES ('30wfmap3raars3g0y4r4d2yp62ksn1ssbomtdspw6ft0mirph9', 'i030nuhilwui5lg', 'e59hw4e78qw9gbh8yafza8n0dt1i16ksx4skiucmp3mqnyl8zj', '2023-11-17 17:00:08.000');
INSERT INTO "user_song_recommendations" ("id", "user_id", "song_id", "created_at") VALUES ('mqhj5dcasfc48si6rephl6d6omb2uchoyxa7z9r3ivnpsqt8sr', 'i030nuhilwui5lg', 'ltsntgm5yh29wf82hefiju4qaj4ztaxq8jiobnj83d578s2o9h', '2023-11-17 17:00:08.000');
INSERT INTO "user_song_recommendations" ("id", "user_id", "song_id", "created_at") VALUES ('qtsss25548fnolg0dsfyugj98yraphyupqz1v6ayulv59guhqh', 'i030nuhilwui5lg', 'l5z6dz00vmnhpce52779xf9aid0lyjzunu812am749fqp4ph4u', '2023-11-17 17:00:08.000');
INSERT INTO "user_song_recommendations" ("id", "user_id", "song_id", "created_at") VALUES ('swqtm6fl5cvfyl6b3pb9sd1we4uwuiiel551hxt257yalot0ot', 'i030nuhilwui5lg', '2kwe4ote6c7kaqfrzl48r76jda3fsyd0ethg0kxyh05x9wxsef', '2023-11-17 17:00:08.000');
INSERT INTO "user_song_recommendations" ("id", "user_id", "song_id", "created_at") VALUES ('l7kn0d9ycatj7dnsfewjt3cerxy4gscpaogi5xzkgi5u8a3uab', 'i030nuhilwui5lg', 'sypkfqjgyb1ssowh4zlq3vadklmlmr6e78bwfx64l9gv4khur3', '2023-11-17 17:00:08.000');
INSERT INTO "user_song_recommendations" ("id", "user_id", "song_id", "created_at") VALUES ('wy7m1ukv0lt1rv1dl9z972ql31s8jpni0ipqora4ejm41ypr93', 'i030nuhilwui5lg', 'dxwdflnftnzw79paqsgv1jqy8at07ph5s99ypb8lsz3qjzuewf', '2023-11-17 17:00:08.000');
INSERT INTO "user_song_recommendations" ("id", "user_id", "song_id", "created_at") VALUES ('ab3n9lnpy5lm4005ao5euplmhee03e33bu0uq17owirfxqbqwq', 'i030nuhilwui5lg', '916tg383filkhsfpnewdtk5jwgwmaoc4qcuz21fl0melymvi2p', '2023-11-17 17:00:08.000');
INSERT INTO "user_song_recommendations" ("id", "user_id", "song_id", "created_at") VALUES ('hx40bpchipbgmjc9u3zlwzqjz4unr5entpjuhoshkmyapnf2pm', 'z7yl86xj1oco37b', 'bkbvjjetwhdb9s8jfkh87gp8wr1posq96z5c8nwln556qtbqv0', '2023-11-17 17:00:08.000');
INSERT INTO "user_song_recommendations" ("id", "user_id", "song_id", "created_at") VALUES ('0eq133pu783jzucbjh0n11avv5g0pu4s9fvyqt7h1pvm8ufsd2', 'z7yl86xj1oco37b', 'kfqhq90zx9p7kuacwsykbfbtfekjp59f6yecqd3nrl3orubhx7', '2023-11-17 17:00:08.000');
INSERT INTO "user_song_recommendations" ("id", "user_id", "song_id", "created_at") VALUES ('dtowwlnloflhlaf7e8hra6modygbvyhausnvp4skq2go08d9r0', 'z7yl86xj1oco37b', 'j8yrdt14x2hgxqwxjaadkw5onlpy8zrr3mqtqoqnhv04jb7f0n', '2023-11-17 17:00:08.000');
INSERT INTO "user_song_recommendations" ("id", "user_id", "song_id", "created_at") VALUES ('xju326lc6s1piy9d09dd0vjjm1iz7x3r7i7cdgzi0np56t9r1e', 'z7yl86xj1oco37b', 'vmovsslaqe3vq84xaoqi4595filj79n8yrd1xfox985qy5lc4l', '2023-11-17 17:00:08.000');
INSERT INTO "user_song_recommendations" ("id", "user_id", "song_id", "created_at") VALUES ('isaiuzz6onef3x2jtvq88f6ile3bhv7g92aeklsgdyv897py72', 'z7yl86xj1oco37b', '1p9ktvi5xx2o816mimwhoqgwf34f3kefqwhblvg0407vob6tax', '2023-11-17 17:00:08.000');
INSERT INTO "user_song_recommendations" ("id", "user_id", "song_id", "created_at") VALUES ('8mgglog3di8rt7tjinhyyhub8msrw775e6arj03krovq9e5i09', 'z7yl86xj1oco37b', 'fnyth914ycvw45galfu5c7r4xmnb8tnz6xf8vt4hn4a4c0ne5n', '2023-11-17 17:00:08.000');
INSERT INTO "user_song_recommendations" ("id", "user_id", "song_id", "created_at") VALUES ('nvu7pkz73zf2nxbchfokzgq4ulmyhpae2v4u3m0z8nqqzwstqy', 'z7yl86xj1oco37b', 'b4r0kf9skzq6ogkjbjwji0ikzadqmc0ifrxpdut4rc4k8je8op', '2023-11-17 17:00:08.000');
INSERT INTO "user_song_recommendations" ("id", "user_id", "song_id", "created_at") VALUES ('t1vhjz8i41pqnm2whdgtxhiriwd7g8p82jg3d2topk3jrtxaxi', 'z7yl86xj1oco37b', 'fluvqofp6a1czc68pr2h058l930m1vo0zbskogxhx0y8y2lmow', '2023-11-17 17:00:08.000');
INSERT INTO "user_song_recommendations" ("id", "user_id", "song_id", "created_at") VALUES ('ed7bj9ty5u9qtnl9si1meyxb0de8nqnwh678t56kz3n4gwbr9o', '2bj3cst7q9mzemf', '53qnj42nwirhsrwfapqgnoioz84izyw9f4sj3r74liteb9ff8a', '2023-11-17 17:00:08.000');
INSERT INTO "user_song_recommendations" ("id", "user_id", "song_id", "created_at") VALUES ('2xhkyznjf014qaf173eljvkszf5hjf3yhgnzlcrctdrm400f5t', '2bj3cst7q9mzemf', '4i6akyxftbhz7jqppvh1va0zmnjqcrzu4psxcmetpz6qicukwt', '2023-11-17 17:00:08.000');
INSERT INTO "user_song_recommendations" ("id", "user_id", "song_id", "created_at") VALUES ('i6ydhg8ax7bdtp0j8lcoojgjcxy2n052tp1ruj6uorchlfe74v', '2bj3cst7q9mzemf', 'alkjit6lqgk9p8zyuzrdmmfnoi1etpam2iqpawy7tpxvan8xmw', '2023-11-17 17:00:08.000');
INSERT INTO "user_song_recommendations" ("id", "user_id", "song_id", "created_at") VALUES ('8t746298e5m8vkz56uvxohvw9ffblm7lj8xh24njzfceqo5d4r', '2bj3cst7q9mzemf', 'z631zkkyuufs5eibcm0orataptn125eik9qvlaz3ek599eqthu', '2023-11-17 17:00:08.000');
INSERT INTO "user_song_recommendations" ("id", "user_id", "song_id", "created_at") VALUES ('mupgxuifst9ieycjzw7r2uici12h0i4vlyc620s5lh21ug8wft', '2bj3cst7q9mzemf', '8f0316t8hmle8hy0jb4sakrirtu09z8pbtel47xoankb93sipi', '2023-11-17 17:00:08.000');
INSERT INTO "user_song_recommendations" ("id", "user_id", "song_id", "created_at") VALUES ('3i1dglshp30bb9mvohlik0l8s09jwiye5ctcda217pten5zv6k', '2bj3cst7q9mzemf', 'rqnii27986x5q93kh3d1vx2var0zz7uc6gda6cmtbr1qf8xzyq', '2023-11-17 17:00:08.000');
INSERT INTO "user_song_recommendations" ("id", "user_id", "song_id", "created_at") VALUES ('ff35g4ddwcyod3x87gt7kpwmkq86ymzces2gzwfm6bu4pi05ql', '2bj3cst7q9mzemf', 'f5ayv7b9vjvjrrho5iehokp51tdjtqztdblcd1ky14n6er3kfv', '2023-11-17 17:00:08.000');
INSERT INTO "user_song_recommendations" ("id", "user_id", "song_id", "created_at") VALUES ('xldk9aztz0y41q9ifk96o06qgfex1dn3sjxg9bc7k2mk6teqmh', '2bj3cst7q9mzemf', 'dgwtq7btu5esb6ejsik4k4clf7i6657h9ac7t1q23kfb81a5hq', '2023-11-17 17:00:08.000');
INSERT INTO "user_song_recommendations" ("id", "user_id", "song_id", "created_at") VALUES ('0gbps8kdzzwj8wal5n56g6dmr3zyc9mdonzmmft63nopa0g1ge', '3txkonm6fne60in', '4i9kdpyxjifckywvcexj8gvbursga4v7l0u1xkqopmtyrkp3og', '2023-11-17 17:00:08.000');
INSERT INTO "user_song_recommendations" ("id", "user_id", "song_id", "created_at") VALUES ('4v2eszeule95qxbenwargiutf6020qrfodf4s3m1ij01jlj18b', '3txkonm6fne60in', 'chbmrpcyqxt7qcmmk6p24m4qgun5g57nsm8551rcu2hwq91rf8', '2023-11-17 17:00:08.000');
INSERT INTO "user_song_recommendations" ("id", "user_id", "song_id", "created_at") VALUES ('98j7pqe3y1kdm4k6ijbwjyqsxtn7147c0oqb10adjajx00rclz', '3txkonm6fne60in', 'wl1gqk803nl8akblxeayuz6awofaj59lr83g5ivh43qq48h33w', '2023-11-17 17:00:08.000');
INSERT INTO "user_song_recommendations" ("id", "user_id", "song_id", "created_at") VALUES ('k39cjvn945s97dqidii851yzkmd5i7smxw98pfjdksnkbfznec', '3txkonm6fne60in', '99l8ez3tp9zznuhcv800zqv1tgfcbdh7bikygu90l0cfdp65p2', '2023-11-17 17:00:08.000');
INSERT INTO "user_song_recommendations" ("id", "user_id", "song_id", "created_at") VALUES ('0sn1cto6szgn9bid7e4vas676q307xovgupq74yr3d80bbq6dh', '3txkonm6fne60in', 'csfesfvk3phyw9n8wbpnmiyz3k6d55zb46zv4k08b9qbgmu84u', '2023-11-17 17:00:08.000');
INSERT INTO "user_song_recommendations" ("id", "user_id", "song_id", "created_at") VALUES ('sqasfywzbduratwjbynh6s5w9shyza23yhg2uty9od93qk2ic7', '3txkonm6fne60in', '7scayrujefgsjoz5j9kaiqlj7an1r6h52ehcv4edn7t4cpnog4', '2023-11-17 17:00:08.000');
INSERT INTO "user_song_recommendations" ("id", "user_id", "song_id", "created_at") VALUES ('cyy8co5ecv1336w34qfzbvabcrj8ojogutpii331uqgl2pm7i6', '3txkonm6fne60in', 'wpd3wy6k2dxenvrdljtxo9afsh48m4ii6a2o2ty7p3j0w31l96', '2023-11-17 17:00:08.000');
INSERT INTO "user_song_recommendations" ("id", "user_id", "song_id", "created_at") VALUES ('0dv9940w2zzgtn7lqf22dx9r2uyi7tno4qua8kkc72n5lfejfa', '3txkonm6fne60in', 'bkbvjjetwhdb9s8jfkh87gp8wr1posq96z5c8nwln556qtbqv0', '2023-11-17 17:00:08.000');
INSERT INTO "user_song_recommendations" ("id", "user_id", "song_id", "created_at") VALUES ('4h5boksfps7w1k6wxtu2zt0g3ona060p037z4pqktt8av8tg3g', '77yfufw765qzng0', 'ulw0dsl2sx5wwml3pqnrnq1dxrkrr7lz72r7xbhydxlxff5gtb', '2023-11-17 17:00:08.000');
INSERT INTO "user_song_recommendations" ("id", "user_id", "song_id", "created_at") VALUES ('55j7rxx1prt14qedi3k94p42wloz5asxigh8ax2tblcaimsp26', '77yfufw765qzng0', '4cs0px0pjz4lnkfjadkada77mqax5hod3v9lzg729c9iin30oq', '2023-11-17 17:00:08.000');
INSERT INTO "user_song_recommendations" ("id", "user_id", "song_id", "created_at") VALUES ('cezz6fj0mdmsux7ymyjvs70x3jv1wyo2mbndxq33im9z4wuz5i', '77yfufw765qzng0', 'rbffwqltf330ggyn9420yfglyllsnxwvz15xwft5dgzlw3i6w3', '2023-11-17 17:00:08.000');
INSERT INTO "user_song_recommendations" ("id", "user_id", "song_id", "created_at") VALUES ('oj9jpzg01ucjrbznw6nfruv99vy75ho1sytky0y4lpvr9j6nhc', '77yfufw765qzng0', 'uzu6ax672e33cpayqpl1a2wz5e3z59k1trqraejzlbtqs2hyni', '2023-11-17 17:00:08.000');
INSERT INTO "user_song_recommendations" ("id", "user_id", "song_id", "created_at") VALUES ('wc4m9ebju5bbde3z9utv9tk4929k7gi86os8ucp5lhcac2jmyf', '77yfufw765qzng0', '95d6gfutzpady81wvx3dh86psyjg59bvv1rudw9ootj7btixtv', '2023-11-17 17:00:08.000');
INSERT INTO "user_song_recommendations" ("id", "user_id", "song_id", "created_at") VALUES ('dtw9ft1p4a9njrbl20phqwdxdnxxxjv773yru0i6q4tgqhhgpp', '77yfufw765qzng0', 'twdm1nnfx4t4izw48srjmxvlvxd509sllnd26g7w313guxnnlb', '2023-11-17 17:00:08.000');
INSERT INTO "user_song_recommendations" ("id", "user_id", "song_id", "created_at") VALUES ('rfkdvumme1aoa4gsrkl8kfacmn0217di5wznhdws7p75gd8e7y', '77yfufw765qzng0', 'yutflec8rvcp2xzyubqp6t52q9v1gj7bev9q4y2jbhld6cpaow', '2023-11-17 17:00:08.000');
INSERT INTO "user_song_recommendations" ("id", "user_id", "song_id", "created_at") VALUES ('8zpyawji2v3sfw54dhw8g6s1sv0f8nm31onpzm5p2f7ll6vsjt', '77yfufw765qzng0', '22eup1sckullo35wjaaiv71b9y0mf1ubajl5m9czb26r6lz17m', '2023-11-17 17:00:08.000');
INSERT INTO "user_song_recommendations" ("id", "user_id", "song_id", "created_at") VALUES ('kh832oa5z79t2gn942yfkmbr4mrlpakhbftarljmqa4c0vh4nu', '36sbvefc6n81dl1', '8k7ew27s60ka1ky7mxneqef5wh1leg8xesath66zmq0gufbcms', '2023-11-17 17:00:08.000');
INSERT INTO "user_song_recommendations" ("id", "user_id", "song_id", "created_at") VALUES ('nsnpt18oya7pp1oamnh0qjlrh3uwlhpxzjruvwsv823satqu5r', '36sbvefc6n81dl1', 'isx7dqgqv4erffxlzgdflg3jjjk5amogatdissld59dpo3avis', '2023-11-17 17:00:08.000');
INSERT INTO "user_song_recommendations" ("id", "user_id", "song_id", "created_at") VALUES ('elqwcjd826k7qbsg8h56mymljpuowt558lz8czq6ts6cxsw9ua', '36sbvefc6n81dl1', '6arw0mepoq5ok64ypwdv9nwhjhjy97rgyu04l8nc5szo0o6115', '2023-11-17 17:00:08.000');
INSERT INTO "user_song_recommendations" ("id", "user_id", "song_id", "created_at") VALUES ('m1r774vn0ipeht8bq1g9bbj8jsn5kjsfao181ufhm5jqnx4gr5', '36sbvefc6n81dl1', 'syf862q5yv32l0utvpjgcru0qzhuykgttxmzx3dsvkbjwmgn28', '2023-11-17 17:00:08.000');
INSERT INTO "user_song_recommendations" ("id", "user_id", "song_id", "created_at") VALUES ('wl9uxgurym3znkeqtpxqu6wkql0jbuyb3ix3wkx0qikqhz5nhm', '36sbvefc6n81dl1', 'g2gyk843jggmdc339fbcjca8mb6co0rn1v7sqiuigjvhj23qdm', '2023-11-17 17:00:08.000');
INSERT INTO "user_song_recommendations" ("id", "user_id", "song_id", "created_at") VALUES ('zda1w5bxdplp1232otcja2fxedostpxxltfs2z43i77djauxrm', '36sbvefc6n81dl1', 'xl1om16agjdwfuigpdblhuri6aklxueu075i60idgwxv4bzzr6', '2023-11-17 17:00:08.000');
INSERT INTO "user_song_recommendations" ("id", "user_id", "song_id", "created_at") VALUES ('5rerqr2q3c1823c32b4f0cf58mw1wc7i6nz87y1h6j0186ri5g', '36sbvefc6n81dl1', 'z631zkkyuufs5eibcm0orataptn125eik9qvlaz3ek599eqthu', '2023-11-17 17:00:08.000');
INSERT INTO "user_song_recommendations" ("id", "user_id", "song_id", "created_at") VALUES ('g03adrjgppdqnsmp4zhd10t6vbkaevuy48rm8w0b0xifpvh1pf', '36sbvefc6n81dl1', 'tx8d5fsy2z6cv9o1f3auip3na53l0rpcrjuqpy7u8enqvtl09x', '2023-11-17 17:00:08.000');
INSERT INTO "user_song_recommendations" ("id", "user_id", "song_id", "created_at") VALUES ('lspsvgfy9bo9z812gyqo97955npomsh8fia81i960jq1jm6g1j', 'icqlt67n2fd7p34', '4w0ns2ssacekekempismudw7tzza8ra0x7iyvjssc3tyrfhfka', '2023-11-17 17:00:08.000');
INSERT INTO "user_song_recommendations" ("id", "user_id", "song_id", "created_at") VALUES ('q8i2fdlv0wbxzkl4xwjp206fyvmbh7kmyez95qg8trjb1wqahs', 'icqlt67n2fd7p34', '62b9k3o65hlvzf721ehdrirwnnrl5we0ekwgwst88plgvwdf8n', '2023-11-17 17:00:08.000');
INSERT INTO "user_song_recommendations" ("id", "user_id", "song_id", "created_at") VALUES ('jl4vasjqzyi3f28dg09wer21y5umhn2v85ucoqb9wzyez9nggu', 'icqlt67n2fd7p34', 'kpg9vggfh7kb5l7k3fq97rrfi0bcda1s92axparsrqqyg9nluq', '2023-11-17 17:00:08.000');
INSERT INTO "user_song_recommendations" ("id", "user_id", "song_id", "created_at") VALUES ('c21k9k79f7qk1uxqkiqudd86ysfxdrtznw17h1hl1xh9rirpd8', 'icqlt67n2fd7p34', 'm5a5pnmc24wdblfb7mf22sossxvnn5yxo87egn1e09t4ur2beb', '2023-11-17 17:00:08.000');
INSERT INTO "user_song_recommendations" ("id", "user_id", "song_id", "created_at") VALUES ('ecfnd5ef5wu61eoe7gfkmqydqygqbf4r1fcrhx55mv661k2fa4', 'icqlt67n2fd7p34', 'y25usfo81ffw2cew8l03r270tt2rgy9h6rmuq54gkx206vz8dt', '2023-11-17 17:00:08.000');
INSERT INTO "user_song_recommendations" ("id", "user_id", "song_id", "created_at") VALUES ('eqbm14mgeqghtshwcolt3cxjsm113xqt947nm6i79rruocdr1m', 'icqlt67n2fd7p34', 'dcwq9lto3gs5mn2hb4wrdw2hvicvivycel92zjb5mtozke8pi8', '2023-11-17 17:00:08.000');
INSERT INTO "user_song_recommendations" ("id", "user_id", "song_id", "created_at") VALUES ('9c7gtnnbuxc15ar2gl9c5g6vfnudux17ljaxuwofwmypbszgpr', 'icqlt67n2fd7p34', 'wy7ij3b9t0toz9rjponkrdes55wex6cp6ns077cdmm2epeeb3a', '2023-11-17 17:00:08.000');
INSERT INTO "user_song_recommendations" ("id", "user_id", "song_id", "created_at") VALUES ('m31tuj5v4m4llqar1q6ly6no93sgfsm42cboxxchs7op3nk8bx', 'icqlt67n2fd7p34', 'hzzq7fjsb3f4gcy0vk08xjizsbfknzl7863uqlx82wyo4v6y8e', '2023-11-17 17:00:08.000');
