-- Latto
INSERT INTO `auth_user` (`id`, `username`, `email`, `profile_image_url`, `created_at`) VALUES ('0961mqi6s81ldfd', 'Latto', '0@artist.com', 'https://i.scdn.co/image/ab6761610000e5eb40a7268dd742e5f63759b960','2023-11-17 17:00:08.000');
INSERT INTO `user_key` (`id`, `user_id`, `hashed_password`) VALUES ('email:0@artist.com', '0961mqi6s81ldfd', 's2:ypixvsa9kdptdm5e:9772b9b97a807a7f47ec6097088d2a4024dba58149f0ca73e063e373505e7d6d73558d9111681e34fee10c4b14d8ee4af03030521f41d555cc1fef79872ce189');
INSERT INTO `artist` (`id`, `bio`, `name`) VALUES ('0961mqi6s81ldfd', 'A bold and dynamic rapper, making waves with her fiery lyrics.', 'Latto');
INSERT INTO `album` (`id`, `artist_id`, `cover_image_url`, `name`, `created_at`) VALUES ('nu3cuwelx92bqvpe7m64n568r4xvvayfynu8up5krk3m0ucjv4','0961mqi6s81ldfd', NULL, 'Latto Album','2023-11-17 17:00:08.000');
INSERT INTO `song` (`id`, `name`, `artist_id`,`duration`, `genre`, `spotify_id`, `preview_url`, `created_at`) VALUES ('6349zukgtrzg539igbbwqsl57kxleg54l22v0c4ha8sr7fj6l6','Seven (feat. Latto) (Explicit Ver.)','0961mqi6s81ldfd',100,'POP',NULL,NULL,'2023-11-17 17:00:08.000');
INSERT INTO `album_songs`(`album_id`, `song_id`, `order`) VALUES ('nu3cuwelx92bqvpe7m64n568r4xvvayfynu8up5krk3m0ucjv4', '6349zukgtrzg539igbbwqsl57kxleg54l22v0c4ha8sr7fj6l6', '0');
-- Myke Towers
INSERT INTO `auth_user` (`id`, `username`, `email`, `profile_image_url`, `created_at`) VALUES ('chunb7u13gvudn5', 'Myke Towers', '1@artist.com', 'https://i.scdn.co/image/ab6761610000e5eb9e35c3c5de877f99a8f6192f','2023-11-17 17:00:08.000');
INSERT INTO `user_key` (`id`, `user_id`, `hashed_password`) VALUES ('email:1@artist.com', 'chunb7u13gvudn5', 's2:ypixvsa9kdptdm5e:9772b9b97a807a7f47ec6097088d2a4024dba58149f0ca73e063e373505e7d6d73558d9111681e34fee10c4b14d8ee4af03030521f41d555cc1fef79872ce189');
INSERT INTO `artist` (`id`, `bio`, `name`) VALUES ('chunb7u13gvudn5', 'A rising star in Latin music, known for his distinctive flow.', 'Myke Towers');
INSERT INTO `album` (`id`, `artist_id`, `cover_image_url`, `name`, `created_at`) VALUES ('5xgad6pz16ehcbfypn61pr1pufbsfm829z6pydu6pnv1q0hd9c','chunb7u13gvudn5', 'https://i.scdn.co/image/ab67616d0000b2730656d5ce813ca3cc4b677e05', 'Myke Towers Album','2023-11-17 17:00:08.000');
INSERT INTO `song` (`id`, `name`, `artist_id`,`duration`, `genre`, `spotify_id`, `preview_url`, `created_at`) VALUES ('q9qiavkqq7ai4u4ovtifipqqmu897s52rn57w0j51vnpoluhac','LALA','chunb7u13gvudn5',100,'POP','7ABLbnD53cQK00mhcaOUVG','https://p.scdn.co/mp3-preview/42772b16b4e575d1b15b0ec7f94e335539390d2d?cid=6c77115735724c94af0b7a434aef3fc3','2023-11-17 17:00:08.000');
INSERT INTO `album_songs`(`album_id`, `song_id`, `order`) VALUES ('5xgad6pz16ehcbfypn61pr1pufbsfm829z6pydu6pnv1q0hd9c', 'q9qiavkqq7ai4u4ovtifipqqmu897s52rn57w0j51vnpoluhac', '0');
-- Olivia Rodrigo
INSERT INTO `auth_user` (`id`, `username`, `email`, `profile_image_url`, `created_at`) VALUES ('27sif1wdbjsspkl', 'Olivia Rodrigo', '2@artist.com', 'https://i.scdn.co/image/ab6761610000e5ebe03a98785f3658f0b6461ec4','2023-11-17 17:00:08.000');
INSERT INTO `user_key` (`id`, `user_id`, `hashed_password`) VALUES ('email:2@artist.com', '27sif1wdbjsspkl', 's2:ypixvsa9kdptdm5e:9772b9b97a807a7f47ec6097088d2a4024dba58149f0ca73e063e373505e7d6d73558d9111681e34fee10c4b14d8ee4af03030521f41d555cc1fef79872ce189');
INSERT INTO `artist` (`id`, `bio`, `name`) VALUES ('27sif1wdbjsspkl', 'A new voice in pop, channeling raw emotions into her songs.', 'Olivia Rodrigo');
INSERT INTO `album` (`id`, `artist_id`, `cover_image_url`, `name`, `created_at`) VALUES ('5jbh594x7q8qzk5gyjf1ei88uktzc35oljue8mx0uccveo0ay9','27sif1wdbjsspkl', 'https://i.scdn.co/image/ab67616d0000b273e85259a1cae29a8d91f2093d', 'Olivia Rodrigo Album','2023-11-17 17:00:08.000');
INSERT INTO `song` (`id`, `name`, `artist_id`,`duration`, `genre`, `spotify_id`, `preview_url`, `created_at`) VALUES ('ssfcq4txdq1wyrpq9ojdtgd44ag38q81eeu6bdvfgyndsydd2l','vampire','27sif1wdbjsspkl',100,'POP','1kuGVB7EU95pJObxwvfwKS',NULL,'2023-11-17 17:00:08.000');
INSERT INTO `album_songs`(`album_id`, `song_id`, `order`) VALUES ('5jbh594x7q8qzk5gyjf1ei88uktzc35oljue8mx0uccveo0ay9', 'ssfcq4txdq1wyrpq9ojdtgd44ag38q81eeu6bdvfgyndsydd2l', '0');
-- Taylor Swift
INSERT INTO `auth_user` (`id`, `username`, `email`, `profile_image_url`, `created_at`) VALUES ('bcq4c5mh81zq9l2', 'Taylor Swift', '3@artist.com', 'https://i.scdn.co/image/ab6761610000e5eb859e4c14fa59296c8649e0e4','2023-11-17 17:00:08.000');
INSERT INTO `user_key` (`id`, `user_id`, `hashed_password`) VALUES ('email:3@artist.com', 'bcq4c5mh81zq9l2', 's2:ypixvsa9kdptdm5e:9772b9b97a807a7f47ec6097088d2a4024dba58149f0ca73e063e373505e7d6d73558d9111681e34fee10c4b14d8ee4af03030521f41d555cc1fef79872ce189');
INSERT INTO `artist` (`id`, `bio`, `name`) VALUES ('bcq4c5mh81zq9l2', 'A storytelling icon, weaving life experiences into musical masterpieces.', 'Taylor Swift');
INSERT INTO `album` (`id`, `artist_id`, `cover_image_url`, `name`, `created_at`) VALUES ('wasf5fkc6d4yecwlfbzqkc2p6ly58acjchk2pbw6s4am79ug4x','bcq4c5mh81zq9l2', 'https://i.scdn.co/image/ab67616d0000b273e787cffec20aa2a396a61647', 'Taylor Swift Album','2023-11-17 17:00:08.000');
INSERT INTO `song` (`id`, `name`, `artist_id`,`duration`, `genre`, `spotify_id`, `preview_url`, `created_at`) VALUES ('ji7wswvngmoub9uc70u00209gvb8vurila50j6biucvpcvbpzk','Cruel Summer','bcq4c5mh81zq9l2',100,'POP','1BxfuPKGuaTgP7aM0Bbdwr',NULL,'2023-11-17 17:00:08.000');
INSERT INTO `album_songs`(`album_id`, `song_id`, `order`) VALUES ('wasf5fkc6d4yecwlfbzqkc2p6ly58acjchk2pbw6s4am79ug4x', 'ji7wswvngmoub9uc70u00209gvb8vurila50j6biucvpcvbpzk', '0');
INSERT INTO `song` (`id`, `name`, `artist_id`,`duration`, `genre`, `spotify_id`, `preview_url`, `created_at`) VALUES ('xyzb0x0bclrclbtwyb3zbwnd0puigyedxtiajml29twvq3jc45','I Can See You (Taylors Version) (From The ','bcq4c5mh81zq9l2',100,'POP','5kHMfzgLZP95O9NBy0ku4v',NULL,'2023-11-17 17:00:08.000');
INSERT INTO `album_songs`(`album_id`, `song_id`, `order`) VALUES ('wasf5fkc6d4yecwlfbzqkc2p6ly58acjchk2pbw6s4am79ug4x', 'xyzb0x0bclrclbtwyb3zbwnd0puigyedxtiajml29twvq3jc45', '1');
INSERT INTO `song` (`id`, `name`, `artist_id`,`duration`, `genre`, `spotify_id`, `preview_url`, `created_at`) VALUES ('trw3t5m8ouc822wcbf1g06i2es3ueo17e9vdbyfb7b58f7f4x0','Anti-Hero','bcq4c5mh81zq9l2',100,'POP','0V3wPSX9ygBnCm8psDIegu',NULL,'2023-11-17 17:00:08.000');
INSERT INTO `album_songs`(`album_id`, `song_id`, `order`) VALUES ('wasf5fkc6d4yecwlfbzqkc2p6ly58acjchk2pbw6s4am79ug4x', 'trw3t5m8ouc822wcbf1g06i2es3ueo17e9vdbyfb7b58f7f4x0', '2');
INSERT INTO `song` (`id`, `name`, `artist_id`,`duration`, `genre`, `spotify_id`, `preview_url`, `created_at`) VALUES ('28phm0axcirqamaexwifvoz9dn05zd9l9z273v3s42kp6wq0vm','Blank Space','bcq4c5mh81zq9l2',100,'POP','1p80LdxRV74UKvL8gnD7ky',NULL,'2023-11-17 17:00:08.000');
INSERT INTO `album_songs`(`album_id`, `song_id`, `order`) VALUES ('wasf5fkc6d4yecwlfbzqkc2p6ly58acjchk2pbw6s4am79ug4x', '28phm0axcirqamaexwifvoz9dn05zd9l9z273v3s42kp6wq0vm', '3');
INSERT INTO `song` (`id`, `name`, `artist_id`,`duration`, `genre`, `spotify_id`, `preview_url`, `created_at`) VALUES ('u9asj3g25irq5ge29hkux2v9w8tvpmakzcpc964u8l06930ujz','Style','bcq4c5mh81zq9l2',100,'POP','1hjRhYpWyqDpPahmSlUTlc',NULL,'2023-11-17 17:00:08.000');
INSERT INTO `album_songs`(`album_id`, `song_id`, `order`) VALUES ('wasf5fkc6d4yecwlfbzqkc2p6ly58acjchk2pbw6s4am79ug4x', 'u9asj3g25irq5ge29hkux2v9w8tvpmakzcpc964u8l06930ujz', '4');
INSERT INTO `song` (`id`, `name`, `artist_id`,`duration`, `genre`, `spotify_id`, `preview_url`, `created_at`) VALUES ('sil7ja8xu5gjc9n1gb17nc5aeu4dl88w5x3gzr102zts3z9itv','cardigan','bcq4c5mh81zq9l2',100,'POP','4R2kfaDFhslZEMJqAFNpdd',NULL,'2023-11-17 17:00:08.000');
INSERT INTO `album_songs`(`album_id`, `song_id`, `order`) VALUES ('wasf5fkc6d4yecwlfbzqkc2p6ly58acjchk2pbw6s4am79ug4x', 'sil7ja8xu5gjc9n1gb17nc5aeu4dl88w5x3gzr102zts3z9itv', '5');
INSERT INTO `song` (`id`, `name`, `artist_id`,`duration`, `genre`, `spotify_id`, `preview_url`, `created_at`) VALUES ('hja4qz4uw5tpwedkhsk5sy64ompf47p5ip7gkim1sd7f9w7jkk','Karma','bcq4c5mh81zq9l2',100,'POP','7KokYm8cMIXCsGVmUvKtqf',NULL,'2023-11-17 17:00:08.000');
INSERT INTO `album_songs`(`album_id`, `song_id`, `order`) VALUES ('wasf5fkc6d4yecwlfbzqkc2p6ly58acjchk2pbw6s4am79ug4x', 'hja4qz4uw5tpwedkhsk5sy64ompf47p5ip7gkim1sd7f9w7jkk', '6');
INSERT INTO `song` (`id`, `name`, `artist_id`,`duration`, `genre`, `spotify_id`, `preview_url`, `created_at`) VALUES ('gd11h1p5u922op6gr1n3f1dmg3e4omk5qslbdlkvftao2jivbd','Enchanted (Taylors Version)','bcq4c5mh81zq9l2',100,'POP','3sW3oSbzsfecv9XoUdGs7h',NULL,'2023-11-17 17:00:08.000');
INSERT INTO `album_songs`(`album_id`, `song_id`, `order`) VALUES ('wasf5fkc6d4yecwlfbzqkc2p6ly58acjchk2pbw6s4am79ug4x', 'gd11h1p5u922op6gr1n3f1dmg3e4omk5qslbdlkvftao2jivbd', '7');
INSERT INTO `song` (`id`, `name`, `artist_id`,`duration`, `genre`, `spotify_id`, `preview_url`, `created_at`) VALUES ('as7r05tjksb5tcr4ea1dnbrrshp3zc1h963p03ztus3igd8f4n','Back To December (Taylors Version)','bcq4c5mh81zq9l2',100,'POP','79uDOz0zuuWS7HWxzMmTa2',NULL,'2023-11-17 17:00:08.000');
INSERT INTO `album_songs`(`album_id`, `song_id`, `order`) VALUES ('wasf5fkc6d4yecwlfbzqkc2p6ly58acjchk2pbw6s4am79ug4x', 'as7r05tjksb5tcr4ea1dnbrrshp3zc1h963p03ztus3igd8f4n', '8');
INSERT INTO `song` (`id`, `name`, `artist_id`,`duration`, `genre`, `spotify_id`, `preview_url`, `created_at`) VALUES ('8lc0jpiy6eyfu67pbwudyyr5suzfmrtx0b0cwiq7o4vqdgatce','Dont Bl','bcq4c5mh81zq9l2',100,'POP','59ZmeIz57cGU5Gp9omjlYB',NULL,'2023-11-17 17:00:08.000');
INSERT INTO `album_songs`(`album_id`, `song_id`, `order`) VALUES ('wasf5fkc6d4yecwlfbzqkc2p6ly58acjchk2pbw6s4am79ug4x', '8lc0jpiy6eyfu67pbwudyyr5suzfmrtx0b0cwiq7o4vqdgatce', '9');
-- Bad Bunny
INSERT INTO `auth_user` (`id`, `username`, `email`, `profile_image_url`, `created_at`) VALUES ('8q7i5ggp55bszbo', 'Bad Bunny', '4@artist.com', 'https://i.scdn.co/image/ab6761610000e5eb9ad50e478a469448c6f369df','2023-11-17 17:00:08.000');
INSERT INTO `user_key` (`id`, `user_id`, `hashed_password`) VALUES ('email:4@artist.com', '8q7i5ggp55bszbo', 's2:ypixvsa9kdptdm5e:9772b9b97a807a7f47ec6097088d2a4024dba58149f0ca73e063e373505e7d6d73558d9111681e34fee10c4b14d8ee4af03030521f41d555cc1fef79872ce189');
INSERT INTO `artist` (`id`, `bio`, `name`) VALUES ('8q7i5ggp55bszbo', 'A trailblazer in Latin trap and reggaeton, known for his charismatic style and innovative music.', 'Bad Bunny');
INSERT INTO `album` (`id`, `artist_id`, `cover_image_url`, `name`, `created_at`) VALUES ('12jnys23x09by552uv9qcp5a5d7onwpzb1n3gwvdknnxs8ba0s','8q7i5ggp55bszbo', 'https://i.scdn.co/image/ab67616d0000b273ab5c9cd818ad6ed3e9b79cd1', 'Bad Bunny Album','2023-11-17 17:00:08.000');
INSERT INTO `song` (`id`, `name`, `artist_id`,`duration`, `genre`, `spotify_id`, `preview_url`, `created_at`) VALUES ('ktp5u752sy4863yea544ghjd3ra2wg7c2j2pd070qgks1o7dsh','WHERE SHE GOES','8q7i5ggp55bszbo',100,'POP','7ro0hRteUMfnOioTFI5TG1','https://p.scdn.co/mp3-preview/b9b7e4c982b33ee23c4867f7a3025e3598c35760?cid=6c77115735724c94af0b7a434aef3fc3','2023-11-17 17:00:08.000');
INSERT INTO `album_songs`(`album_id`, `song_id`, `order`) VALUES ('12jnys23x09by552uv9qcp5a5d7onwpzb1n3gwvdknnxs8ba0s', 'ktp5u752sy4863yea544ghjd3ra2wg7c2j2pd070qgks1o7dsh', '0');
INSERT INTO `song` (`id`, `name`, `artist_id`,`duration`, `genre`, `spotify_id`, `preview_url`, `created_at`) VALUES ('580mwigf1v5ly6d8w4oodh03aub8bcd7aekpt4goxwofqx3jm9','un x100to','8q7i5ggp55bszbo',100,'POP',NULL,NULL,'2023-11-17 17:00:08.000');
INSERT INTO `album_songs`(`album_id`, `song_id`, `order`) VALUES ('12jnys23x09by552uv9qcp5a5d7onwpzb1n3gwvdknnxs8ba0s', '580mwigf1v5ly6d8w4oodh03aub8bcd7aekpt4goxwofqx3jm9', '1');
INSERT INTO `song` (`id`, `name`, `artist_id`,`duration`, `genre`, `spotify_id`, `preview_url`, `created_at`) VALUES ('0dr10n51o1jyd9jjx3d1m22yfcde1f2l7lvsfeo76809pmplp9','Coco Chanel','8q7i5ggp55bszbo',100,'POP',NULL,NULL,'2023-11-17 17:00:08.000');
INSERT INTO `album_songs`(`album_id`, `song_id`, `order`) VALUES ('12jnys23x09by552uv9qcp5a5d7onwpzb1n3gwvdknnxs8ba0s', '0dr10n51o1jyd9jjx3d1m22yfcde1f2l7lvsfeo76809pmplp9', '2');
-- Dave
INSERT INTO `auth_user` (`id`, `username`, `email`, `profile_image_url`, `created_at`) VALUES ('v06c9qyinqhm287', 'Dave', '5@artist.com', 'https://i.scdn.co/image/ab6761610000e5eb5fe7cabb8de1c0266cd2179c','2023-11-17 17:00:08.000');
INSERT INTO `user_key` (`id`, `user_id`, `hashed_password`) VALUES ('email:5@artist.com', 'v06c9qyinqhm287', 's2:ypixvsa9kdptdm5e:9772b9b97a807a7f47ec6097088d2a4024dba58149f0ca73e063e373505e7d6d73558d9111681e34fee10c4b14d8ee4af03030521f41d555cc1fef79872ce189');
INSERT INTO `artist` (`id`, `bio`, `name`) VALUES ('v06c9qyinqhm287', 'A master of words, blending rap with social commentary and raw emotion.', 'Dave');
INSERT INTO `album` (`id`, `artist_id`, `cover_image_url`, `name`, `created_at`) VALUES ('xv0fyrmk2khbqzsc5jct0slfx0ni9dmakipbh6xwfiv6xiisq3','v06c9qyinqhm287', 'https://i.scdn.co/image/ab67616d0000b273e3a09a9ae3f1fa102c110e60', 'Dave Album','2023-11-17 17:00:08.000');
INSERT INTO `song` (`id`, `name`, `artist_id`,`duration`, `genre`, `spotify_id`, `preview_url`, `created_at`) VALUES ('1n8pc3acpymhldp8g08jsa53zl047c4hjlbz7x0ul4j6s0kb68','Sprinter','v06c9qyinqhm287',100,'POP','2FDTHlrBguDzQkp7PVj16Q',NULL,'2023-11-17 17:00:08.000');
INSERT INTO `album_songs`(`album_id`, `song_id`, `order`) VALUES ('xv0fyrmk2khbqzsc5jct0slfx0ni9dmakipbh6xwfiv6xiisq3', '1n8pc3acpymhldp8g08jsa53zl047c4hjlbz7x0ul4j6s0kb68', '0');
-- Eslabon Armado
INSERT INTO `auth_user` (`id`, `username`, `email`, `profile_image_url`, `created_at`) VALUES ('yx8fiml0dw82zmd', 'Eslabon Armado', '6@artist.com', 'https://i.scdn.co/image/ab6761610000e5eb730e71d60e047f1061a9e697','2023-11-17 17:00:08.000');
INSERT INTO `user_key` (`id`, `user_id`, `hashed_password`) VALUES ('email:6@artist.com', 'yx8fiml0dw82zmd', 's2:ypixvsa9kdptdm5e:9772b9b97a807a7f47ec6097088d2a4024dba58149f0ca73e063e373505e7d6d73558d9111681e34fee10c4b14d8ee4af03030521f41d555cc1fef79872ce189');
INSERT INTO `artist` (`id`, `bio`, `name`) VALUES ('yx8fiml0dw82zmd', 'Bringing a fresh take to traditional music, weaving in modern influences.', 'Eslabon Armado');
INSERT INTO `album` (`id`, `artist_id`, `cover_image_url`, `name`, `created_at`) VALUES ('5jd8qkk79h0lsj13qraafgzxpaoqt5j231tkx9tlkxxlrutjdv','yx8fiml0dw82zmd', 'https://i.scdn.co/image/ab67616d0000b2732071a0c79802d9375a53bfef', 'Eslabon Armado Album','2023-11-17 17:00:08.000');
INSERT INTO `song` (`id`, `name`, `artist_id`,`duration`, `genre`, `spotify_id`, `preview_url`, `created_at`) VALUES ('ctet40n6zchu4grdzbvwtu3uqapo6oagm5sk7qesw4snsv8m0h','Ella Baila Sola','yx8fiml0dw82zmd',100,'POP','3dnP0JxCgygwQH9Gm7q7nb','https://p.scdn.co/mp3-preview/5d39f3e17f1e20e2711d033001e48b8d4249b992?cid=6c77115735724c94af0b7a434aef3fc3','2023-11-17 17:00:08.000');
INSERT INTO `album_songs`(`album_id`, `song_id`, `order`) VALUES ('5jd8qkk79h0lsj13qraafgzxpaoqt5j231tkx9tlkxxlrutjdv', 'ctet40n6zchu4grdzbvwtu3uqapo6oagm5sk7qesw4snsv8m0h', '0');
-- Quevedo
INSERT INTO `auth_user` (`id`, `username`, `email`, `profile_image_url`, `created_at`) VALUES ('38kaqn1h4sf2sp8', 'Quevedo', '7@artist.com', 'https://i.scdn.co/image/ab6761610000e5eb2394e996716534bc2c937a1a','2023-11-17 17:00:08.000');
INSERT INTO `user_key` (`id`, `user_id`, `hashed_password`) VALUES ('email:7@artist.com', '38kaqn1h4sf2sp8', 's2:ypixvsa9kdptdm5e:9772b9b97a807a7f47ec6097088d2a4024dba58149f0ca73e063e373505e7d6d73558d9111681e34fee10c4b14d8ee4af03030521f41d555cc1fef79872ce189');
INSERT INTO `artist` (`id`, `bio`, `name`) VALUES ('38kaqn1h4sf2sp8', 'Merging lyrical depth with compelling urban beats.', 'Quevedo');
INSERT INTO `album` (`id`, `artist_id`, `cover_image_url`, `name`, `created_at`) VALUES ('004p4cwse5dg2r9si8enp1rqv9zlpmlq4uz6qdtgm0k7k7qs0c','38kaqn1h4sf2sp8', 'https://i.scdn.co/image/ab67616d0000b273a00a817b017c6f6bf8460be9', 'Quevedo Album','2023-11-17 17:00:08.000');
INSERT INTO `song` (`id`, `name`, `artist_id`,`duration`, `genre`, `spotify_id`, `preview_url`, `created_at`) VALUES ('7fre1xm4df0rdj19wh1tw9xrtti5r364eruwbn8mllxdv3yzrl','Columbia','38kaqn1h4sf2sp8',100,'POP','6XbtvPmIpyCbjuT0e8cQtp','https://p.scdn.co/mp3-preview/e3d6df66fe67f618166a2cab858580ac8a96486a?cid=6c77115735724c94af0b7a434aef3fc3','2023-11-17 17:00:08.000');
INSERT INTO `album_songs`(`album_id`, `song_id`, `order`) VALUES ('004p4cwse5dg2r9si8enp1rqv9zlpmlq4uz6qdtgm0k7k7qs0c', '7fre1xm4df0rdj19wh1tw9xrtti5r364eruwbn8mllxdv3yzrl', '0');
-- Gunna
INSERT INTO `auth_user` (`id`, `username`, `email`, `profile_image_url`, `created_at`) VALUES ('6mrpbp32pjfmxwo', 'Gunna', '8@artist.com', 'https://i.scdn.co/image/ab6761610000e5eb6501f8a7d50c56e86e46f920','2023-11-17 17:00:08.000');
INSERT INTO `user_key` (`id`, `user_id`, `hashed_password`) VALUES ('email:8@artist.com', '6mrpbp32pjfmxwo', 's2:ypixvsa9kdptdm5e:9772b9b97a807a7f47ec6097088d2a4024dba58149f0ca73e063e373505e7d6d73558d9111681e34fee10c4b14d8ee4af03030521f41d555cc1fef79872ce189');
INSERT INTO `artist` (`id`, `bio`, `name`) VALUES ('6mrpbp32pjfmxwo', 'A trailblazer in trap music, known for his smooth flow and catchy beats.', 'Gunna');
INSERT INTO `album` (`id`, `artist_id`, `cover_image_url`, `name`, `created_at`) VALUES ('58ii7yv800zsyzch2fhsr2oneb3ilu17d4jes2wppgcpsnjxd4','6mrpbp32pjfmxwo', 'https://i.scdn.co/image/ab67616d0000b273017d5e26552345c4b1575b6c', 'Gunna Album','2023-11-17 17:00:08.000');
INSERT INTO `song` (`id`, `name`, `artist_id`,`duration`, `genre`, `spotify_id`, `preview_url`, `created_at`) VALUES ('gyuo6n8qr17v3c3x3h3ssemwjftkcyv2yscnd8bsib8dihchvf','fukumean','6mrpbp32pjfmxwo',100,'POP','4rXLjWdF2ZZpXCVTfWcshS','https://p.scdn.co/mp3-preview/f237ab921af697ba9b49e12fa167c2ce1a82d6b4?cid=6c77115735724c94af0b7a434aef3fc3','2023-11-17 17:00:08.000');
INSERT INTO `album_songs`(`album_id`, `song_id`, `order`) VALUES ('58ii7yv800zsyzch2fhsr2oneb3ilu17d4jes2wppgcpsnjxd4', 'gyuo6n8qr17v3c3x3h3ssemwjftkcyv2yscnd8bsib8dihchvf', '0');
-- Peso Pluma
INSERT INTO `auth_user` (`id`, `username`, `email`, `profile_image_url`, `created_at`) VALUES ('ov29dtqndklhp7q', 'Peso Pluma', '9@artist.com', 'https://i.scdn.co/image/ab6761610000e5eb3df5eb47e5d93bd2ca536a5a','2023-11-17 17:00:08.000');
INSERT INTO `user_key` (`id`, `user_id`, `hashed_password`) VALUES ('email:9@artist.com', 'ov29dtqndklhp7q', 's2:ypixvsa9kdptdm5e:9772b9b97a807a7f47ec6097088d2a4024dba58149f0ca73e063e373505e7d6d73558d9111681e34fee10c4b14d8ee4af03030521f41d555cc1fef79872ce189');
INSERT INTO `artist` (`id`, `bio`, `name`) VALUES ('ov29dtqndklhp7q', 'Infusing music with energetic beats and captivating lyrics.', 'Peso Pluma');
INSERT INTO `album` (`id`, `artist_id`, `cover_image_url`, `name`, `created_at`) VALUES ('xrrt2nelngw31e342y11x2anvt9ghqbfccbt3sp0tg5px7674n','ov29dtqndklhp7q', NULL, 'Peso Pluma Album','2023-11-17 17:00:08.000');
INSERT INTO `song` (`id`, `name`, `artist_id`,`duration`, `genre`, `spotify_id`, `preview_url`, `created_at`) VALUES ('xm2uvukkfpbq0vko8tpsg2yw9zk2przpy7hva6k0li8by2jejq','La Bebe - Remix','ov29dtqndklhp7q',100,'POP',NULL,NULL,'2023-11-17 17:00:08.000');
INSERT INTO `album_songs`(`album_id`, `song_id`, `order`) VALUES ('xrrt2nelngw31e342y11x2anvt9ghqbfccbt3sp0tg5px7674n', 'xm2uvukkfpbq0vko8tpsg2yw9zk2przpy7hva6k0li8by2jejq', '0');
INSERT INTO `song` (`id`, `name`, `artist_id`,`duration`, `genre`, `spotify_id`, `preview_url`, `created_at`) VALUES ('z9hp6paul5phdoqkiji0nt387u9llge047deer72i69rv8tkpu','TULUM','ov29dtqndklhp7q',100,'POP','7bPp2NmpmyhLJ7zWazAXMu','https://p.scdn.co/mp3-preview/164468e67b8da8053036c68533ffa473ab680c51?cid=6c77115735724c94af0b7a434aef3fc3','2023-11-17 17:00:08.000');
INSERT INTO `album_songs`(`album_id`, `song_id`, `order`) VALUES ('xrrt2nelngw31e342y11x2anvt9ghqbfccbt3sp0tg5px7674n', 'z9hp6paul5phdoqkiji0nt387u9llge047deer72i69rv8tkpu', '1');
-- NewJeans
INSERT INTO `auth_user` (`id`, `username`, `email`, `profile_image_url`, `created_at`) VALUES ('wpkmr8gf3icrsk7', 'NewJeans', '10@artist.com', 'https://i.scdn.co/image/ab6761610000e5eb5da361915b1fa48895d4f23f','2023-11-17 17:00:08.000');
INSERT INTO `user_key` (`id`, `user_id`, `hashed_password`) VALUES ('email:10@artist.com', 'wpkmr8gf3icrsk7', 's2:ypixvsa9kdptdm5e:9772b9b97a807a7f47ec6097088d2a4024dba58149f0ca73e063e373505e7d6d73558d9111681e34fee10c4b14d8ee4af03030521f41d555cc1fef79872ce189');
INSERT INTO `artist` (`id`, `bio`, `name`) VALUES ('wpkmr8gf3icrsk7', 'Redefining K-pop with their fresh style and energetic performances.', 'NewJeans');
INSERT INTO `album` (`id`, `artist_id`, `cover_image_url`, `name`, `created_at`) VALUES ('qwd8kfi3nr8ydrg0e4hutojs06rg00buo2uo9y616zm67oarl9','wpkmr8gf3icrsk7', 'https://i.scdn.co/image/ab67616d0000b2733d98a0ae7c78a3a9babaf8af', 'NewJeans Album','2023-11-17 17:00:08.000');
INSERT INTO `song` (`id`, `name`, `artist_id`,`duration`, `genre`, `spotify_id`, `preview_url`, `created_at`) VALUES ('kh4j8oilxm1t8dfhagiw59fd3qayby25edxnxzg3lfmiv3z4ar','Super Shy','wpkmr8gf3icrsk7',100,'POP','5sdQOyqq2IDhvmx2lHOpwd','https://p.scdn.co/mp3-preview/dab062e2cc708a2680ce84953a3581c5a679a230?cid=6c77115735724c94af0b7a434aef3fc3','2023-11-17 17:00:08.000');
INSERT INTO `album_songs`(`album_id`, `song_id`, `order`) VALUES ('qwd8kfi3nr8ydrg0e4hutojs06rg00buo2uo9y616zm67oarl9', 'kh4j8oilxm1t8dfhagiw59fd3qayby25edxnxzg3lfmiv3z4ar', '0');
-- Miley Cyrus
INSERT INTO `auth_user` (`id`, `username`, `email`, `profile_image_url`, `created_at`) VALUES ('3nnc38n2z0rqmj3', 'Miley Cyrus', '11@artist.com', 'https://i.scdn.co/image/ab6761610000e5ebb5af3b38f053486ab0784dee','2023-11-17 17:00:08.000');
INSERT INTO `user_key` (`id`, `user_id`, `hashed_password`) VALUES ('email:11@artist.com', '3nnc38n2z0rqmj3', 's2:ypixvsa9kdptdm5e:9772b9b97a807a7f47ec6097088d2a4024dba58149f0ca73e063e373505e7d6d73558d9111681e34fee10c4b14d8ee4af03030521f41d555cc1fef79872ce189');
INSERT INTO `artist` (`id`, `bio`, `name`) VALUES ('3nnc38n2z0rqmj3', 'Constantly evolving, from pop sensation to rock powerhouse.', 'Miley Cyrus');
INSERT INTO `album` (`id`, `artist_id`, `cover_image_url`, `name`, `created_at`) VALUES ('2az8sohv0hmyhadvdnmewfapih50vmh06k9dsuk59axqr2k651','3nnc38n2z0rqmj3', 'https://i.scdn.co/image/ab67616d0000b273cd222052a2594be29a6616b5', 'Miley Cyrus Album','2023-11-17 17:00:08.000');
INSERT INTO `song` (`id`, `name`, `artist_id`,`duration`, `genre`, `spotify_id`, `preview_url`, `created_at`) VALUES ('89y4706qyjxl9cduvz95dmha8c2udpp1i8e2fnyda3byibnjjf','Flowers','3nnc38n2z0rqmj3',100,'POP','7DSAEUvxU8FajXtRloy8M0','https://p.scdn.co/mp3-preview/5184d19d1b7fcc3e7c067e38af45a7cc80851440?cid=6c77115735724c94af0b7a434aef3fc3','2023-11-17 17:00:08.000');
INSERT INTO `album_songs`(`album_id`, `song_id`, `order`) VALUES ('2az8sohv0hmyhadvdnmewfapih50vmh06k9dsuk59axqr2k651', '89y4706qyjxl9cduvz95dmha8c2udpp1i8e2fnyda3byibnjjf', '0');
INSERT INTO `song` (`id`, `name`, `artist_id`,`duration`, `genre`, `spotify_id`, `preview_url`, `created_at`) VALUES ('tvbawwbpf9wg4wjaolit2bou7zrejhlu48lurzroj23pbecmbl','Angels Like You','3nnc38n2z0rqmj3',100,'POP','1daDRI9ahBonbWD8YcxOIB','https://p.scdn.co/mp3-preview/4db8314199c0d49e95c786792ecd06eadae9f510?cid=6c77115735724c94af0b7a434aef3fc3','2023-11-17 17:00:08.000');
INSERT INTO `album_songs`(`album_id`, `song_id`, `order`) VALUES ('2az8sohv0hmyhadvdnmewfapih50vmh06k9dsuk59axqr2k651', 'tvbawwbpf9wg4wjaolit2bou7zrejhlu48lurzroj23pbecmbl', '1');
-- David Kushner
INSERT INTO `auth_user` (`id`, `username`, `email`, `profile_image_url`, `created_at`) VALUES ('o5lag1gixqyh283', 'David Kushner', '12@artist.com', 'https://i.scdn.co/image/ab6761610000e5eb12fd1bd22516e35ef8c2e591','2023-11-17 17:00:08.000');
INSERT INTO `user_key` (`id`, `user_id`, `hashed_password`) VALUES ('email:12@artist.com', 'o5lag1gixqyh283', 's2:ypixvsa9kdptdm5e:9772b9b97a807a7f47ec6097088d2a4024dba58149f0ca73e063e373505e7d6d73558d9111681e34fee10c4b14d8ee4af03030521f41d555cc1fef79872ce189');
INSERT INTO `artist` (`id`, `bio`, `name`) VALUES ('o5lag1gixqyh283', 'A rising talent, creating music that resonates with a generation.', 'David Kushner');
INSERT INTO `album` (`id`, `artist_id`, `cover_image_url`, `name`, `created_at`) VALUES ('7q19dcmm73qz2jvkrn9w70wxws6s2h6pndmq6d56p72cmhirzk','o5lag1gixqyh283', 'https://i.scdn.co/image/ab67616d0000b27395ca6a9b4083a86c149934ae', 'David Kushner Album','2023-11-17 17:00:08.000');
INSERT INTO `song` (`id`, `name`, `artist_id`,`duration`, `genre`, `spotify_id`, `preview_url`, `created_at`) VALUES ('kdulsi0n5jrm0o3il2czk7exvoj6b2kt7mx8h7cx17cywxwnx6','Daylight','o5lag1gixqyh283',100,'POP','1odExI7RdWc4BT515LTAwj',NULL,'2023-11-17 17:00:08.000');
INSERT INTO `album_songs`(`album_id`, `song_id`, `order`) VALUES ('7q19dcmm73qz2jvkrn9w70wxws6s2h6pndmq6d56p72cmhirzk', 'kdulsi0n5jrm0o3il2czk7exvoj6b2kt7mx8h7cx17cywxwnx6', '0');
-- Harry Styles
INSERT INTO `auth_user` (`id`, `username`, `email`, `profile_image_url`, `created_at`) VALUES ('nwra05517bf5dgq', 'Harry Styles', '13@artist.com', 'https://i.scdn.co/image/ab6761610000e5ebf7db7c8ede90a019c54590bb','2023-11-17 17:00:08.000');
INSERT INTO `user_key` (`id`, `user_id`, `hashed_password`) VALUES ('email:13@artist.com', 'nwra05517bf5dgq', 's2:ypixvsa9kdptdm5e:9772b9b97a807a7f47ec6097088d2a4024dba58149f0ca73e063e373505e7d6d73558d9111681e34fee10c4b14d8ee4af03030521f41d555cc1fef79872ce189');
INSERT INTO `artist` (`id`, `bio`, `name`) VALUES ('nwra05517bf5dgq', 'Defining modern pop-rock with his charismatic presence and bold choices.', 'Harry Styles');
INSERT INTO `album` (`id`, `artist_id`, `cover_image_url`, `name`, `created_at`) VALUES ('bcv5rszxcdei5elxci32vjf1wvp35uob59iw4jf0mznnt3g7jg','nwra05517bf5dgq', 'https://i.scdn.co/image/ab67616d0000b2732e8ed79e177ff6011076f5f0', 'Harry Styles Album','2023-11-17 17:00:08.000');
INSERT INTO `song` (`id`, `name`, `artist_id`,`duration`, `genre`, `spotify_id`, `preview_url`, `created_at`) VALUES ('umbt1oz1w9j527qvea820ucn5ase5rkssiwins6sjg0e27704v','As It Was','nwra05517bf5dgq',100,'POP','4Dvkj6JhhA12EX05fT7y2e','https://p.scdn.co/mp3-preview/c43dd07043b29e800c1a65b3a0102861fa3cf418?cid=6c77115735724c94af0b7a434aef3fc3','2023-11-17 17:00:08.000');
INSERT INTO `album_songs`(`album_id`, `song_id`, `order`) VALUES ('bcv5rszxcdei5elxci32vjf1wvp35uob59iw4jf0mznnt3g7jg', 'umbt1oz1w9j527qvea820ucn5ase5rkssiwins6sjg0e27704v', '0');
-- SZA
INSERT INTO `auth_user` (`id`, `username`, `email`, `profile_image_url`, `created_at`) VALUES ('ddarenjgw8jf9u5', 'SZA', '14@artist.com', 'https://i.scdn.co/image/ab6761610000e5eb7eb7f6371aad8e67e01f0a03','2023-11-17 17:00:08.000');
INSERT INTO `user_key` (`id`, `user_id`, `hashed_password`) VALUES ('email:14@artist.com', 'ddarenjgw8jf9u5', 's2:ypixvsa9kdptdm5e:9772b9b97a807a7f47ec6097088d2a4024dba58149f0ca73e063e373505e7d6d73558d9111681e34fee10c4b14d8ee4af03030521f41d555cc1fef79872ce189');
INSERT INTO `artist` (`id`, `bio`, `name`) VALUES ('ddarenjgw8jf9u5', 'An avant-garde R&B artist painting vivid stories through her music.', 'SZA');
INSERT INTO `album` (`id`, `artist_id`, `cover_image_url`, `name`, `created_at`) VALUES ('tf9cx7535tlkgeqqj7hr9o3n9u358zh55acrzk93ztss5m4ef5','ddarenjgw8jf9u5', 'https://i.scdn.co/image/ab67616d0000b2730c471c36970b9406233842a5', 'SZA Album','2023-11-17 17:00:08.000');
INSERT INTO `song` (`id`, `name`, `artist_id`,`duration`, `genre`, `spotify_id`, `preview_url`, `created_at`) VALUES ('09e9s13vwjsx7hiqnqgw76dzsou2hhs5vof5abqrpvsai1zbaq','Kill Bill','ddarenjgw8jf9u5',100,'POP','1Qrg8KqiBpW07V7PNxwwwL','https://p.scdn.co/mp3-preview/4bd2dc84016f3743add7eea8b988407b1b900672?cid=6c77115735724c94af0b7a434aef3fc3','2023-11-17 17:00:08.000');
INSERT INTO `album_songs`(`album_id`, `song_id`, `order`) VALUES ('tf9cx7535tlkgeqqj7hr9o3n9u358zh55acrzk93ztss5m4ef5', '09e9s13vwjsx7hiqnqgw76dzsou2hhs5vof5abqrpvsai1zbaq', '0');
INSERT INTO `song` (`id`, `name`, `artist_id`,`duration`, `genre`, `spotify_id`, `preview_url`, `created_at`) VALUES ('u3o385lq97x187od5wruubthf0j8cd9vq6f7r6c273l2yepei2','Snooze','ddarenjgw8jf9u5',100,'POP','4iZ4pt7kvcaH6Yo8UoZ4s2','https://p.scdn.co/mp3-preview/8c53920b5fd2c3178afa36cac9eec68b5ee9204a?cid=6c77115735724c94af0b7a434aef3fc3','2023-11-17 17:00:08.000');
INSERT INTO `album_songs`(`album_id`, `song_id`, `order`) VALUES ('tf9cx7535tlkgeqqj7hr9o3n9u358zh55acrzk93ztss5m4ef5', 'u3o385lq97x187od5wruubthf0j8cd9vq6f7r6c273l2yepei2', '1');
-- Fifty Fifty
INSERT INTO `auth_user` (`id`, `username`, `email`, `profile_image_url`, `created_at`) VALUES ('3vy04fml62a25ou', 'Fifty Fifty', '15@artist.com', 'https://i.scdn.co/image/ab6761610000e5eb5a60b0f886b5deb8518e4a41','2023-11-17 17:00:08.000');
INSERT INTO `user_key` (`id`, `user_id`, `hashed_password`) VALUES ('email:15@artist.com', '3vy04fml62a25ou', 's2:ypixvsa9kdptdm5e:9772b9b97a807a7f47ec6097088d2a4024dba58149f0ca73e063e373505e7d6d73558d9111681e34fee10c4b14d8ee4af03030521f41d555cc1fef79872ce189');
INSERT INTO `artist` (`id`, `bio`, `name`) VALUES ('3vy04fml62a25ou', 'Blending a rich array of genres to create a unique musical experience.', 'Fifty Fifty');
INSERT INTO `album` (`id`, `artist_id`, `cover_image_url`, `name`, `created_at`) VALUES ('zjyethxbzgn1gfrjnx6ovnefkku3df2onluth02wkp942rjtmq','3vy04fml62a25ou', 'https://i.scdn.co/image/ab67616d0000b27337c0b3670236c067c8e8bbcb', 'Fifty Fifty Album','2023-11-17 17:00:08.000');
INSERT INTO `song` (`id`, `name`, `artist_id`,`duration`, `genre`, `spotify_id`, `preview_url`, `created_at`) VALUES ('h8g03mtyq0n7vx33fqtz559sg40vp3eaflnmdvlnyag2nn50di','Cupid - Twin Ver.','3vy04fml62a25ou',100,'POP','7FbrGaHYVDmfr7KoLIZnQ7','https://p.scdn.co/mp3-preview/af5c16d4c69be9b3278e7079d5aab14aa425127b?cid=6c77115735724c94af0b7a434aef3fc3','2023-11-17 17:00:08.000');
INSERT INTO `album_songs`(`album_id`, `song_id`, `order`) VALUES ('zjyethxbzgn1gfrjnx6ovnefkku3df2onluth02wkp942rjtmq', 'h8g03mtyq0n7vx33fqtz559sg40vp3eaflnmdvlnyag2nn50di', '0');
-- Billie Eilish
INSERT INTO `auth_user` (`id`, `username`, `email`, `profile_image_url`, `created_at`) VALUES ('mqxor0hcr9yi0ul', 'Billie Eilish', '16@artist.com', 'https://i.scdn.co/image/ab6761610000e5ebd8b9980db67272cb4d2c3daf','2023-11-17 17:00:08.000');
INSERT INTO `user_key` (`id`, `user_id`, `hashed_password`) VALUES ('email:16@artist.com', 'mqxor0hcr9yi0ul', 's2:ypixvsa9kdptdm5e:9772b9b97a807a7f47ec6097088d2a4024dba58149f0ca73e063e373505e7d6d73558d9111681e34fee10c4b14d8ee4af03030521f41d555cc1fef79872ce189');
INSERT INTO `artist` (`id`, `bio`, `name`) VALUES ('mqxor0hcr9yi0ul', 'An icon in modern pop, known for her haunting vocals and introspective lyrics.', 'Billie Eilish');
INSERT INTO `album` (`id`, `artist_id`, `cover_image_url`, `name`, `created_at`) VALUES ('01c81f3kr2sao13o3e910afpckk391jilpoe05gwl0j6p1alfn','mqxor0hcr9yi0ul', NULL, 'Billie Eilish Album','2023-11-17 17:00:08.000');
INSERT INTO `song` (`id`, `name`, `artist_id`,`duration`, `genre`, `spotify_id`, `preview_url`, `created_at`) VALUES ('kqjiom1ixmlrwda5rii50ldkxhrk2i87gc7676n95tybeg6xh8','What Was I Made For? [From The Motion Picture "Barbie"]','mqxor0hcr9yi0ul',100,'POP',NULL,NULL,'2023-11-17 17:00:08.000');
INSERT INTO `album_songs`(`album_id`, `song_id`, `order`) VALUES ('01c81f3kr2sao13o3e910afpckk391jilpoe05gwl0j6p1alfn', 'kqjiom1ixmlrwda5rii50ldkxhrk2i87gc7676n95tybeg6xh8', '0');
-- Feid
INSERT INTO `auth_user` (`id`, `username`, `email`, `profile_image_url`, `created_at`) VALUES ('7w5wpli6za9el6b', 'Feid', '17@artist.com', 'https://i.scdn.co/image/ab6761610000e5eb0a248d29f8faa91f971e5cae','2023-11-17 17:00:08.000');
INSERT INTO `user_key` (`id`, `user_id`, `hashed_password`) VALUES ('email:17@artist.com', '7w5wpli6za9el6b', 's2:ypixvsa9kdptdm5e:9772b9b97a807a7f47ec6097088d2a4024dba58149f0ca73e063e373505e7d6d73558d9111681e34fee10c4b14d8ee4af03030521f41d555cc1fef79872ce189');
INSERT INTO `artist` (`id`, `bio`, `name`) VALUES ('7w5wpli6za9el6b', 'A standout artist in urban Latin music, known for his catchy melodies and smooth vocals.', 'Feid');
INSERT INTO `album` (`id`, `artist_id`, `cover_image_url`, `name`, `created_at`) VALUES ('mub4oloxwgbl2irqn73qw5mu95eq7ht4hc0z6nmrcxmzjy3hw2','7w5wpli6za9el6b', 'https://i.scdn.co/image/ab67616d0000b27329ebee2b5fb008871fcd201a', 'Feid Album','2023-11-17 17:00:08.000');
INSERT INTO `song` (`id`, `name`, `artist_id`,`duration`, `genre`, `spotify_id`, `preview_url`, `created_at`) VALUES ('jb5gagxztjsydn3dske4fayzwy33f60uuc8umig4zrv059v0nc','Classy 101','7w5wpli6za9el6b',100,'POP','6XSqqQIy7Lm7SnwxS4NrGx',NULL,'2023-11-17 17:00:08.000');
INSERT INTO `album_songs`(`album_id`, `song_id`, `order`) VALUES ('mub4oloxwgbl2irqn73qw5mu95eq7ht4hc0z6nmrcxmzjy3hw2', 'jb5gagxztjsydn3dske4fayzwy33f60uuc8umig4zrv059v0nc', '0');
INSERT INTO `song` (`id`, `name`, `artist_id`,`duration`, `genre`, `spotify_id`, `preview_url`, `created_at`) VALUES ('5a5ymf0u7u1ukwklmi5irjoasnw1xuzvjr566wa4f5qprx388s','El Cielo','7w5wpli6za9el6b',100,'POP',NULL,NULL,'2023-11-17 17:00:08.000');
INSERT INTO `album_songs`(`album_id`, `song_id`, `order`) VALUES ('mub4oloxwgbl2irqn73qw5mu95eq7ht4hc0z6nmrcxmzjy3hw2', '5a5ymf0u7u1ukwklmi5irjoasnw1xuzvjr566wa4f5qprx388s', '1');
-- Jimin
INSERT INTO `auth_user` (`id`, `username`, `email`, `profile_image_url`, `created_at`) VALUES ('lqealuda2f6uhle', 'Jimin', '18@artist.com', 'https://i.scdn.co/image/ab6761610000e5eb59f8cfc8e71dcaf8c6ec4bde','2023-11-17 17:00:08.000');
INSERT INTO `user_key` (`id`, `user_id`, `hashed_password`) VALUES ('email:18@artist.com', 'lqealuda2f6uhle', 's2:ypixvsa9kdptdm5e:9772b9b97a807a7f47ec6097088d2a4024dba58149f0ca73e063e373505e7d6d73558d9111681e34fee10c4b14d8ee4af03030521f41d555cc1fef79872ce189');
INSERT INTO `artist` (`id`, `bio`, `name`) VALUES ('lqealuda2f6uhle', 'Known for his expressive voice and mesmerizing dance moves in BTS.', 'Jimin');
INSERT INTO `album` (`id`, `artist_id`, `cover_image_url`, `name`, `created_at`) VALUES ('vz365f0sbp9upi0a13e9y2obas5i3tid9e6th7rccnwsyx3d2z','lqealuda2f6uhle', 'https://i.scdn.co/image/ab67616d0000b2732b46078245d0120690eb560d', 'Jimin Album','2023-11-17 17:00:08.000');
INSERT INTO `song` (`id`, `name`, `artist_id`,`duration`, `genre`, `spotify_id`, `preview_url`, `created_at`) VALUES ('i0rimjvy4pwd3ihh87rvfc2yugtiaxn3yts59kpaxulqwrpadz','Like Crazy','lqealuda2f6uhle',100,'POP','3Ua0m0YmEjrMi9XErKcNiR','https://p.scdn.co/mp3-preview/2db5f36096963d97afc870c50990d62d27858a43?cid=6c77115735724c94af0b7a434aef3fc3','2023-11-17 17:00:08.000');
INSERT INTO `album_songs`(`album_id`, `song_id`, `order`) VALUES ('vz365f0sbp9upi0a13e9y2obas5i3tid9e6th7rccnwsyx3d2z', 'i0rimjvy4pwd3ihh87rvfc2yugtiaxn3yts59kpaxulqwrpadz', '0');
-- Gabito Ballesteros
INSERT INTO `auth_user` (`id`, `username`, `email`, `profile_image_url`, `created_at`) VALUES ('9fki3iv32ibm1bt', 'Gabito Ballesteros', '19@artist.com', 'https://i.scdn.co/image/ab6761610000e5eb730e71d60e047f1061a9e697','2023-11-17 17:00:08.000');
INSERT INTO `user_key` (`id`, `user_id`, `hashed_password`) VALUES ('email:19@artist.com', '9fki3iv32ibm1bt', 's2:ypixvsa9kdptdm5e:9772b9b97a807a7f47ec6097088d2a4024dba58149f0ca73e063e373505e7d6d73558d9111681e34fee10c4b14d8ee4af03030521f41d555cc1fef79872ce189');
INSERT INTO `artist` (`id`, `bio`, `name`) VALUES ('9fki3iv32ibm1bt', 'A vibrant force in the music scene, infusing every performance with passion.', 'Gabito Ballesteros');
INSERT INTO `album` (`id`, `artist_id`, `cover_image_url`, `name`, `created_at`) VALUES ('ldye04qu16q10yo0r28t7d1vjf3kfjg6lni8voegmc3shlzoi7','9fki3iv32ibm1bt', NULL, 'Gabito Ballesteros Album','2023-11-17 17:00:08.000');
INSERT INTO `song` (`id`, `name`, `artist_id`,`duration`, `genre`, `spotify_id`, `preview_url`, `created_at`) VALUES ('2h1rivy1yqdpo8lbenko8nslivaxjyv91gkg9m60e8lycm4kho','LADY GAGA','9fki3iv32ibm1bt',100,'POP',NULL,NULL,'2023-11-17 17:00:08.000');
INSERT INTO `album_songs`(`album_id`, `song_id`, `order`) VALUES ('ldye04qu16q10yo0r28t7d1vjf3kfjg6lni8voegmc3shlzoi7', '2h1rivy1yqdpo8lbenko8nslivaxjyv91gkg9m60e8lycm4kho', '0');
-- Arctic Monkeys
INSERT INTO `auth_user` (`id`, `username`, `email`, `profile_image_url`, `created_at`) VALUES ('7jylgnvar2j5o0a', 'Arctic Monkeys', '20@artist.com', 'https://i.scdn.co/image/ab6761610000e5eb7da39dea0a72f581535fb11f','2023-11-17 17:00:08.000');
INSERT INTO `user_key` (`id`, `user_id`, `hashed_password`) VALUES ('email:20@artist.com', '7jylgnvar2j5o0a', 's2:ypixvsa9kdptdm5e:9772b9b97a807a7f47ec6097088d2a4024dba58149f0ca73e063e373505e7d6d73558d9111681e34fee10c4b14d8ee4af03030521f41d555cc1fef79872ce189');
INSERT INTO `artist` (`id`, `bio`, `name`) VALUES ('7jylgnvar2j5o0a', 'Rock innovators, known for their sharp lyrics and compelling sound.', 'Arctic Monkeys');
INSERT INTO `album` (`id`, `artist_id`, `cover_image_url`, `name`, `created_at`) VALUES ('epnls9bqy14tgkc7wix85nm4ec0xgvdp7vfwi5bqbtaskpo4tp','7jylgnvar2j5o0a', 'https://i.scdn.co/image/ab67616d0000b2734ae1c4c5c45aabe565499163', 'Arctic Monkeys Album','2023-11-17 17:00:08.000');
INSERT INTO `song` (`id`, `name`, `artist_id`,`duration`, `genre`, `spotify_id`, `preview_url`, `created_at`) VALUES ('tcwenzxr94hv4yi163nifeo5wx8fc4ybk6e8cktm1is5wqb7eb','I Wanna Be Yours','7jylgnvar2j5o0a',100,'POP','5XeFesFbtLpXzIVDNQP22n','https://p.scdn.co/mp3-preview/07de30bde8363d9ff78b72339245c151f67af451?cid=6c77115735724c94af0b7a434aef3fc3','2023-11-17 17:00:08.000');
INSERT INTO `album_songs`(`album_id`, `song_id`, `order`) VALUES ('epnls9bqy14tgkc7wix85nm4ec0xgvdp7vfwi5bqbtaskpo4tp', 'tcwenzxr94hv4yi163nifeo5wx8fc4ybk6e8cktm1is5wqb7eb', '0');
-- Bizarrap
INSERT INTO `auth_user` (`id`, `username`, `email`, `profile_image_url`, `created_at`) VALUES ('n6n30r7tv206wyl', 'Bizarrap', '21@artist.com', 'https://i.scdn.co/image/ab6761610000e5eb730e71d60e047f1061a9e697','2023-11-17 17:00:08.000');
INSERT INTO `user_key` (`id`, `user_id`, `hashed_password`) VALUES ('email:21@artist.com', 'n6n30r7tv206wyl', 's2:ypixvsa9kdptdm5e:9772b9b97a807a7f47ec6097088d2a4024dba58149f0ca73e063e373505e7d6d73558d9111681e34fee10c4b14d8ee4af03030521f41d555cc1fef79872ce189');
INSERT INTO `artist` (`id`, `bio`, `name`) VALUES ('n6n30r7tv206wyl', 'Revolutionizing the music scene with his unique production style and collaborations.', 'Bizarrap');
INSERT INTO `album` (`id`, `artist_id`, `cover_image_url`, `name`, `created_at`) VALUES ('mnswbcq8xwb8dcl1bm7e1udlrim4t8y17q1odvzflnhglrzvrm','n6n30r7tv206wyl', 'https://i.scdn.co/image/ab67616d0000b27315583045b2fdb7d7bab10e81', 'Bizarrap Album','2023-11-17 17:00:08.000');
INSERT INTO `song` (`id`, `name`, `artist_id`,`duration`, `genre`, `spotify_id`, `preview_url`, `created_at`) VALUES ('iix1ellxpcmo94to1ot70mjkfnh4w48g8bylcttfhset31f2un','Peso Pluma: Bzrp Music Sessions, Vol. 55','n6n30r7tv206wyl',100,'POP','5AqiaZwhmC6dIbgWrD5SzV','https://p.scdn.co/mp3-preview/9d61998a29c2e8b52a7d46885352f5507eb219e2?cid=6c77115735724c94af0b7a434aef3fc3','2023-11-17 17:00:08.000');
INSERT INTO `album_songs`(`album_id`, `song_id`, `order`) VALUES ('mnswbcq8xwb8dcl1bm7e1udlrim4t8y17q1odvzflnhglrzvrm', 'iix1ellxpcmo94to1ot70mjkfnh4w48g8bylcttfhset31f2un', '0');
INSERT INTO `song` (`id`, `name`, `artist_id`,`duration`, `genre`, `spotify_id`, `preview_url`, `created_at`) VALUES ('coawkbg8p1rbwqtu8oyhhy6ni05je5mblyqvvwqf2hw7j839nf','Quevedo: Bzrp Music Sessions, Vol. 52','n6n30r7tv206wyl',100,'POP','2tTmW7RDtMQtBk7m2rYeSw','https://p.scdn.co/mp3-preview/e9c0ed735e611f6af45bc946bd4c31590df09ed6?cid=6c77115735724c94af0b7a434aef3fc3','2023-11-17 17:00:08.000');
INSERT INTO `album_songs`(`album_id`, `song_id`, `order`) VALUES ('mnswbcq8xwb8dcl1bm7e1udlrim4t8y17q1odvzflnhglrzvrm', 'coawkbg8p1rbwqtu8oyhhy6ni05je5mblyqvvwqf2hw7j839nf', '1');
-- The Weeknd
INSERT INTO `auth_user` (`id`, `username`, `email`, `profile_image_url`, `created_at`) VALUES ('kxrhvt3jvtkojb0', 'The Weeknd', '22@artist.com', NULL,'2023-11-17 17:00:08.000');
INSERT INTO `user_key` (`id`, `user_id`, `hashed_password`) VALUES ('email:22@artist.com', 'kxrhvt3jvtkojb0', 's2:ypixvsa9kdptdm5e:9772b9b97a807a7f47ec6097088d2a4024dba58149f0ca73e063e373505e7d6d73558d9111681e34fee10c4b14d8ee4af03030521f41d555cc1fef79872ce189');
INSERT INTO `artist` (`id`, `bio`, `name`) VALUES ('kxrhvt3jvtkojb0', 'A trailblazer in the world of R&B, constantly redefining the genre.', 'The Weeknd');
INSERT INTO `album` (`id`, `artist_id`, `cover_image_url`, `name`, `created_at`) VALUES ('5iatuygxv82hp0dhv58ebocqe4z98dkpwm2eondmhquta61nqq','kxrhvt3jvtkojb0', NULL, 'The Weeknd Album','2023-11-17 17:00:08.000');
INSERT INTO `song` (`id`, `name`, `artist_id`,`duration`, `genre`, `spotify_id`, `preview_url`, `created_at`) VALUES ('lqns4yl80h7j6snv1ajjgrd3mh5pw696d2tc4n8dut4ngjjbt9','Popular (with Playboi Carti & Madonna) - The Idol Vol. 1 (Music from the HBO Original Series)','kxrhvt3jvtkojb0',100,'POP',NULL,NULL,'2023-11-17 17:00:08.000');
INSERT INTO `album_songs`(`album_id`, `song_id`, `order`) VALUES ('5iatuygxv82hp0dhv58ebocqe4z98dkpwm2eondmhquta61nqq', 'lqns4yl80h7j6snv1ajjgrd3mh5pw696d2tc4n8dut4ngjjbt9', '0');
INSERT INTO `song` (`id`, `name`, `artist_id`,`duration`, `genre`, `spotify_id`, `preview_url`, `created_at`) VALUES ('4lnmhdtt1vrod3dmxvw7dgrt187xq7c1y27p5gn32ss7ig534q','Creepin','kxrhvt3jvtkojb0',100,'POP','0GVaOXDGwtnH8gCURYyEaK','https://p.scdn.co/mp3-preview/a2b11e2f0cb8ef4a0316a686e73da9ec2b203e6e?cid=6c77115735724c94af0b7a434aef3fc3','2023-11-17 17:00:08.000');
INSERT INTO `album_songs`(`album_id`, `song_id`, `order`) VALUES ('5iatuygxv82hp0dhv58ebocqe4z98dkpwm2eondmhquta61nqq', '4lnmhdtt1vrod3dmxvw7dgrt187xq7c1y27p5gn32ss7ig534q', '1');
INSERT INTO `song` (`id`, `name`, `artist_id`,`duration`, `genre`, `spotify_id`, `preview_url`, `created_at`) VALUES ('rx9zsfhz3pv0g1h3ivxfh29vshel1m69buxrkvjd772anhg897','Die For You','kxrhvt3jvtkojb0',100,'POP','2LBqCSwhJGcFQeTHMVGwy3',NULL,'2023-11-17 17:00:08.000');
INSERT INTO `album_songs`(`album_id`, `song_id`, `order`) VALUES ('5iatuygxv82hp0dhv58ebocqe4z98dkpwm2eondmhquta61nqq', 'rx9zsfhz3pv0g1h3ivxfh29vshel1m69buxrkvjd772anhg897', '2');
INSERT INTO `song` (`id`, `name`, `artist_id`,`duration`, `genre`, `spotify_id`, `preview_url`, `created_at`) VALUES ('93z5nw8osgaihltnt77mdd4f78r8qcahmqa1yl38omxd2iq9tw','Starboy','kxrhvt3jvtkojb0',100,'POP','7MXVkk9YMctZqd1Srtv4MB',NULL,'2023-11-17 17:00:08.000');
INSERT INTO `album_songs`(`album_id`, `song_id`, `order`) VALUES ('5iatuygxv82hp0dhv58ebocqe4z98dkpwm2eondmhquta61nqq', '93z5nw8osgaihltnt77mdd4f78r8qcahmqa1yl38omxd2iq9tw', '3');
INSERT INTO `song` (`id`, `name`, `artist_id`,`duration`, `genre`, `spotify_id`, `preview_url`, `created_at`) VALUES ('4kmw0a64h9tn4k8uleclqms39ffx1uup6zf8bb044ywq8c37fj','Blinding Lights','kxrhvt3jvtkojb0',100,'POP','0VjIjW4GlUZAMYd2vXMi3b',NULL,'2023-11-17 17:00:08.000');
INSERT INTO `album_songs`(`album_id`, `song_id`, `order`) VALUES ('5iatuygxv82hp0dhv58ebocqe4z98dkpwm2eondmhquta61nqq', '4kmw0a64h9tn4k8uleclqms39ffx1uup6zf8bb044ywq8c37fj', '4');
-- Fuerza Regida
INSERT INTO `auth_user` (`id`, `username`, `email`, `profile_image_url`, `created_at`) VALUES ('blbmc02vapys4c1', 'Fuerza Regida', '23@artist.com', 'https://i.scdn.co/image/ab6761610000e5eb1b85fbf9507041aab224336d','2023-11-17 17:00:08.000');
INSERT INTO `user_key` (`id`, `user_id`, `hashed_password`) VALUES ('email:23@artist.com', 'blbmc02vapys4c1', 's2:ypixvsa9kdptdm5e:9772b9b97a807a7f47ec6097088d2a4024dba58149f0ca73e063e373505e7d6d73558d9111681e34fee10c4b14d8ee4af03030521f41d555cc1fef79872ce189');
INSERT INTO `artist` (`id`, `bio`, `name`) VALUES ('blbmc02vapys4c1', 'Revitalizing the regional music scene with their unique sound and powerful lyrics.', 'Fuerza Regida');
INSERT INTO `album` (`id`, `artist_id`, `cover_image_url`, `name`, `created_at`) VALUES ('3gbh69c2lwjix742cao7i33hrtjmg6ewjwx4nzzoe7xxdgdr3t','blbmc02vapys4c1', 'https://i.scdn.co/image/ab67616d0000b273cfe3eb72c48b93971e53efd9', 'Fuerza Regida Album','2023-11-17 17:00:08.000');
INSERT INTO `song` (`id`, `name`, `artist_id`,`duration`, `genre`, `spotify_id`, `preview_url`, `created_at`) VALUES ('hpcor8rgwh2xpnno5hl606lgs282f4tvprytjyyli5xjcwee1k','SABOR FRESA','blbmc02vapys4c1',100,'POP','1UMm1Qs3u59Wvk53zBUE8r','https://p.scdn.co/mp3-preview/590ae0b69465339d97ef5db9f7e36fe0c452fbb4?cid=6c77115735724c94af0b7a434aef3fc3','2023-11-17 17:00:08.000');
INSERT INTO `album_songs`(`album_id`, `song_id`, `order`) VALUES ('3gbh69c2lwjix742cao7i33hrtjmg6ewjwx4nzzoe7xxdgdr3t', 'hpcor8rgwh2xpnno5hl606lgs282f4tvprytjyyli5xjcwee1k', '0');
INSERT INTO `song` (`id`, `name`, `artist_id`,`duration`, `genre`, `spotify_id`, `preview_url`, `created_at`) VALUES ('tpfmd01x0rc3blvu8r0gaqqi9kkqe25ywdgvvrue24a0yjgieb','TQM','blbmc02vapys4c1',100,'POP','368eeEO3Y2uZUQ6S5oIjcu','https://p.scdn.co/mp3-preview/63f6b66cfcc3d7bd396dcbe18d6e3dee05fdb956?cid=6c77115735724c94af0b7a434aef3fc3','2023-11-17 17:00:08.000');
INSERT INTO `album_songs`(`album_id`, `song_id`, `order`) VALUES ('3gbh69c2lwjix742cao7i33hrtjmg6ewjwx4nzzoe7xxdgdr3t', 'tpfmd01x0rc3blvu8r0gaqqi9kkqe25ywdgvvrue24a0yjgieb', '1');
-- Rma
INSERT INTO `auth_user` (`id`, `username`, `email`, `profile_image_url`, `created_at`) VALUES ('by0mdfka0lfyuxe', 'Rma', '24@artist.com', 'https://i.scdn.co/image/ab6761610000e5eb0c8eb928813cd06614c0710d','2023-11-17 17:00:08.000');
INSERT INTO `user_key` (`id`, `user_id`, `hashed_password`) VALUES ('email:24@artist.com', 'by0mdfka0lfyuxe', 's2:ypixvsa9kdptdm5e:9772b9b97a807a7f47ec6097088d2a4024dba58149f0ca73e063e373505e7d6d73558d9111681e34fee10c4b14d8ee4af03030521f41d555cc1fef79872ce189');
INSERT INTO `artist` (`id`, `bio`, `name`) VALUES ('by0mdfka0lfyuxe', 'Pioneering new sounds and delivering electrifying performances.', 'Rma');
INSERT INTO `album` (`id`, `artist_id`, `cover_image_url`, `name`, `created_at`) VALUES ('eu7ahrhqsvgrgyl22lnfs5hwj33ukw6jih4ryav22lz77s5sht','by0mdfka0lfyuxe', NULL, 'Rma Album','2023-11-17 17:00:08.000');
INSERT INTO `song` (`id`, `name`, `artist_id`,`duration`, `genre`, `spotify_id`, `preview_url`, `created_at`) VALUES ('5mepsxtec39ttaoe8exfo6rl053k96t8bj6chzohwjlvbj9dk7','Calm Down (with Selena Gomez)','by0mdfka0lfyuxe',100,'POP',NULL,NULL,'2023-11-17 17:00:08.000');
INSERT INTO `album_songs`(`album_id`, `song_id`, `order`) VALUES ('eu7ahrhqsvgrgyl22lnfs5hwj33ukw6jih4ryav22lz77s5sht', '5mepsxtec39ttaoe8exfo6rl053k96t8bj6chzohwjlvbj9dk7', '0');
-- Tainy
INSERT INTO `auth_user` (`id`, `username`, `email`, `profile_image_url`, `created_at`) VALUES ('j4zz21339ls067c', 'Tainy', '25@artist.com', 'https://i.scdn.co/image/ab6761610000e5ebb50d43598b9074f0d6146127','2023-11-17 17:00:08.000');
INSERT INTO `user_key` (`id`, `user_id`, `hashed_password`) VALUES ('email:25@artist.com', 'j4zz21339ls067c', 's2:ypixvsa9kdptdm5e:9772b9b97a807a7f47ec6097088d2a4024dba58149f0ca73e063e373505e7d6d73558d9111681e34fee10c4b14d8ee4af03030521f41d555cc1fef79872ce189');
INSERT INTO `artist` (`id`, `bio`, `name`) VALUES ('j4zz21339ls067c', 'Revolutionizing reggaeton and Latin music with groundbreaking production.', 'Tainy');
INSERT INTO `album` (`id`, `artist_id`, `cover_image_url`, `name`, `created_at`) VALUES ('l1vdmxo4agoveh6grz6409m3mmuhcyfgbj7x5tnzycwrev1y19','j4zz21339ls067c', 'https://i.scdn.co/image/ab67616d0000b273de7b9af78fbdda96c5a0635b', 'Tainy Album','2023-11-17 17:00:08.000');
INSERT INTO `song` (`id`, `name`, `artist_id`,`duration`, `genre`, `spotify_id`, `preview_url`, `created_at`) VALUES ('a0zht5e96uft2myeqnhfqwjm8srfo0xa751cjshdjvpcmw10ld','MOJABI GHOST','j4zz21339ls067c',100,'POP','4eMKD8MRroxCqugpsxCCNb','https://p.scdn.co/mp3-preview/a6d8180d52b759c3e3db9aa78e841ffc06e26c17?cid=6c77115735724c94af0b7a434aef3fc3','2023-11-17 17:00:08.000');
INSERT INTO `album_songs`(`album_id`, `song_id`, `order`) VALUES ('l1vdmxo4agoveh6grz6409m3mmuhcyfgbj7x5tnzycwrev1y19', 'a0zht5e96uft2myeqnhfqwjm8srfo0xa751cjshdjvpcmw10ld', '0');
-- Morgan Wallen
INSERT INTO `auth_user` (`id`, `username`, `email`, `profile_image_url`, `created_at`) VALUES ('5zoin45hjd5iwiw', 'Morgan Wallen', '26@artist.com', 'https://i.scdn.co/image/ab6761610000e5eb21ed0100a3a4e5aa3c57f6dd','2023-11-17 17:00:08.000');
INSERT INTO `user_key` (`id`, `user_id`, `hashed_password`) VALUES ('email:26@artist.com', '5zoin45hjd5iwiw', 's2:ypixvsa9kdptdm5e:9772b9b97a807a7f47ec6097088d2a4024dba58149f0ca73e063e373505e7d6d73558d9111681e34fee10c4b14d8ee4af03030521f41d555cc1fef79872ce189');
INSERT INTO `artist` (`id`, `bio`, `name`) VALUES ('5zoin45hjd5iwiw', 'Blending country charm with rock energy to create memorable tunes.', 'Morgan Wallen');
INSERT INTO `album` (`id`, `artist_id`, `cover_image_url`, `name`, `created_at`) VALUES ('fipcxvudz7tfoc5xj8dzv7ikjdpta8u8hqi938kgq0qduq6z31','5zoin45hjd5iwiw', 'https://i.scdn.co/image/ab67616d0000b273705079df9a25a28b452c1fc9', 'Morgan Wallen Album','2023-11-17 17:00:08.000');
INSERT INTO `song` (`id`, `name`, `artist_id`,`duration`, `genre`, `spotify_id`, `preview_url`, `created_at`) VALUES ('3kbynnc6d060yul3ximpyj1j0q3m9lcwj2flwxk4rdb98blk89','Last Night','5zoin45hjd5iwiw',100,'POP','7K3BhSpAxZBznislvUMVtn',NULL,'2023-11-17 17:00:08.000');
INSERT INTO `album_songs`(`album_id`, `song_id`, `order`) VALUES ('fipcxvudz7tfoc5xj8dzv7ikjdpta8u8hqi938kgq0qduq6z31', '3kbynnc6d060yul3ximpyj1j0q3m9lcwj2flwxk4rdb98blk89', '0');
-- Dua Lipa
INSERT INTO `auth_user` (`id`, `username`, `email`, `profile_image_url`, `created_at`) VALUES ('tl8d7bawi6ph9x1', 'Dua Lipa', '27@artist.com', 'https://i.scdn.co/image/ab6761610000e5eb1bbee4a02f85ecc58d385c3e','2023-11-17 17:00:08.000');
INSERT INTO `user_key` (`id`, `user_id`, `hashed_password`) VALUES ('email:27@artist.com', 'tl8d7bawi6ph9x1', 's2:ypixvsa9kdptdm5e:9772b9b97a807a7f47ec6097088d2a4024dba58149f0ca73e063e373505e7d6d73558d9111681e34fee10c4b14d8ee4af03030521f41d555cc1fef79872ce189');
INSERT INTO `artist` (`id`, `bio`, `name`) VALUES ('tl8d7bawi6ph9x1', 'A pop phenomenon, known for her empowering anthems and dynamic presence.', 'Dua Lipa');
INSERT INTO `album` (`id`, `artist_id`, `cover_image_url`, `name`, `created_at`) VALUES ('vupf4vu6ro4ave6b8ydhsypxq05dl3wio6i94we5zmlgmykl15','tl8d7bawi6ph9x1', 'https://i.scdn.co/image/ab67616d0000b2737dd3ba455ee3390cb55b0192', 'Dua Lipa Album','2023-11-17 17:00:08.000');
INSERT INTO `song` (`id`, `name`, `artist_id`,`duration`, `genre`, `spotify_id`, `preview_url`, `created_at`) VALUES ('hlens38k6q98bdmgai4nywgiq12abs9fb7zdwk3b73pgbjkm9q','Dance The Night (From Barbie The Album)','tl8d7bawi6ph9x1',100,'POP','1vYXt7VSjH9JIM5oRRo7vA','https://p.scdn.co/mp3-preview/acaea048f50a3b30ca24b348c84a6047373baabb?cid=6c77115735724c94af0b7a434aef3fc3','2023-11-17 17:00:08.000');
INSERT INTO `album_songs`(`album_id`, `song_id`, `order`) VALUES ('vupf4vu6ro4ave6b8ydhsypxq05dl3wio6i94we5zmlgmykl15', 'hlens38k6q98bdmgai4nywgiq12abs9fb7zdwk3b73pgbjkm9q', '0');
-- Troye Sivan
INSERT INTO `auth_user` (`id`, `username`, `email`, `profile_image_url`, `created_at`) VALUES ('e0f6aqwcglezsnl', 'Troye Sivan', '28@artist.com', 'https://i.scdn.co/image/ab6761610000e5eb26e8cb3ff6fc7744b312811b','2023-11-17 17:00:08.000');
INSERT INTO `user_key` (`id`, `user_id`, `hashed_password`) VALUES ('email:28@artist.com', 'e0f6aqwcglezsnl', 's2:ypixvsa9kdptdm5e:9772b9b97a807a7f47ec6097088d2a4024dba58149f0ca73e063e373505e7d6d73558d9111681e34fee10c4b14d8ee4af03030521f41d555cc1fef79872ce189');
INSERT INTO `artist` (`id`, `bio`, `name`) VALUES ('e0f6aqwcglezsnl', 'A voice that encapsulates the spirit of modern pop.', 'Troye Sivan');
INSERT INTO `album` (`id`, `artist_id`, `cover_image_url`, `name`, `created_at`) VALUES ('gjaxelwnzsvv5dld5uquh38g0qeb1qebuqxc1nke52l6b41bwh','e0f6aqwcglezsnl', 'https://i.scdn.co/image/ab67616d0000b27367103283a4eb57578a428252', 'Troye Sivan Album','2023-11-17 17:00:08.000');
INSERT INTO `song` (`id`, `name`, `artist_id`,`duration`, `genre`, `spotify_id`, `preview_url`, `created_at`) VALUES ('6stiidp3h57fmqy89iu80db4glfhvpx79puiy4kr1tgksvgcio','Rush','e0f6aqwcglezsnl',100,'POP','4ZnkygoWLzcGbQYCm3lkae',NULL,'2023-11-17 17:00:08.000');
INSERT INTO `album_songs`(`album_id`, `song_id`, `order`) VALUES ('gjaxelwnzsvv5dld5uquh38g0qeb1qebuqxc1nke52l6b41bwh', '6stiidp3h57fmqy89iu80db4glfhvpx79puiy4kr1tgksvgcio', '0');
-- Karol G
INSERT INTO `auth_user` (`id`, `username`, `email`, `profile_image_url`, `created_at`) VALUES ('k59x2yzjcmsbk0x', 'Karol G', '29@artist.com', 'https://i.scdn.co/image/ab6761610000e5ebeb97a2403d7b9a631ce0f59c','2023-11-17 17:00:08.000');
INSERT INTO `user_key` (`id`, `user_id`, `hashed_password`) VALUES ('email:29@artist.com', 'k59x2yzjcmsbk0x', 's2:ypixvsa9kdptdm5e:9772b9b97a807a7f47ec6097088d2a4024dba58149f0ca73e063e373505e7d6d73558d9111681e34fee10c4b14d8ee4af03030521f41d555cc1fef79872ce189');
INSERT INTO `artist` (`id`, `bio`, `name`) VALUES ('k59x2yzjcmsbk0x', 'A queen of reggaeton, known for her empowering anthems and vibrant performances.', 'Karol G');
INSERT INTO `album` (`id`, `artist_id`, `cover_image_url`, `name`, `created_at`) VALUES ('7yvnt8hsw6p60ryrbamqf1i7xfaf8746ezf2zj30z7xhft4tte','k59x2yzjcmsbk0x', 'https://i.scdn.co/image/ab67616d0000b27382de1ca074ae63cb18fce335', 'Karol G Album','2023-11-17 17:00:08.000');
INSERT INTO `song` (`id`, `name`, `artist_id`,`duration`, `genre`, `spotify_id`, `preview_url`, `created_at`) VALUES ('zug4xzlxsjet12foq2g5hidd38r6pskp5126uiox7oo6sb0org','TQG','k59x2yzjcmsbk0x',100,'POP','0DWdj2oZMBFSzRsi2Cvfzf',NULL,'2023-11-17 17:00:08.000');
INSERT INTO `album_songs`(`album_id`, `song_id`, `order`) VALUES ('7yvnt8hsw6p60ryrbamqf1i7xfaf8746ezf2zj30z7xhft4tte', 'zug4xzlxsjet12foq2g5hidd38r6pskp5126uiox7oo6sb0org', '0');
INSERT INTO `song` (`id`, `name`, `artist_id`,`duration`, `genre`, `spotify_id`, `preview_url`, `created_at`) VALUES ('vfiyhyliiyehs4orr0cs0qv0diimi28oq290922nzk4m5ui7bs','AMARGURA','k59x2yzjcmsbk0x',100,'POP','505v13epFXodT9fVAJ6h8k',NULL,'2023-11-17 17:00:08.000');
INSERT INTO `album_songs`(`album_id`, `song_id`, `order`) VALUES ('7yvnt8hsw6p60ryrbamqf1i7xfaf8746ezf2zj30z7xhft4tte', 'vfiyhyliiyehs4orr0cs0qv0diimi28oq290922nzk4m5ui7bs', '1');
INSERT INTO `song` (`id`, `name`, `artist_id`,`duration`, `genre`, `spotify_id`, `preview_url`, `created_at`) VALUES ('xdc3utnkitmsql303qof5btaqo4pjzgkp0f5t4j811yonvvnhs','S91','k59x2yzjcmsbk0x',100,'POP','7EpOXgSRgnglRWr86pZfGU',NULL,'2023-11-17 17:00:08.000');
INSERT INTO `album_songs`(`album_id`, `song_id`, `order`) VALUES ('7yvnt8hsw6p60ryrbamqf1i7xfaf8746ezf2zj30z7xhft4tte', 'xdc3utnkitmsql303qof5btaqo4pjzgkp0f5t4j811yonvvnhs', '2');
-- Big One
INSERT INTO `auth_user` (`id`, `username`, `email`, `profile_image_url`, `created_at`) VALUES ('a817lugj8bu8s3d', 'Big One', '30@artist.com', 'https://i.scdn.co/image/ab67616d0000b273ba9f82cc282b2de6cf7c0246','2023-11-17 17:00:08.000');
INSERT INTO `user_key` (`id`, `user_id`, `hashed_password`) VALUES ('email:30@artist.com', 'a817lugj8bu8s3d', 's2:ypixvsa9kdptdm5e:9772b9b97a807a7f47ec6097088d2a4024dba58149f0ca73e063e373505e7d6d73558d9111681e34fee10c4b14d8ee4af03030521f41d555cc1fef79872ce189');
INSERT INTO `artist` (`id`, `bio`, `name`) VALUES ('a817lugj8bu8s3d', 'Bringing a unique energy to every track, fusing various styles into a cohesive sound.', 'Big One');
INSERT INTO `album` (`id`, `artist_id`, `cover_image_url`, `name`, `created_at`) VALUES ('nj9x1tkmawd8amp7gk0sai405rrfcd4veqmna3ojv8uoufsh9b','a817lugj8bu8s3d', NULL, 'Big One Album','2023-11-17 17:00:08.000');
INSERT INTO `song` (`id`, `name`, `artist_id`,`duration`, `genre`, `spotify_id`, `preview_url`, `created_at`) VALUES ('mj0hghsc02j6rke05w3ujgcv8s9021hhc0467d6kr57rn8s6zc','Los del Espacio','a817lugj8bu8s3d',100,'POP',NULL,NULL,'2023-11-17 17:00:08.000');
INSERT INTO `album_songs`(`album_id`, `song_id`, `order`) VALUES ('nj9x1tkmawd8amp7gk0sai405rrfcd4veqmna3ojv8uoufsh9b', 'mj0hghsc02j6rke05w3ujgcv8s9021hhc0467d6kr57rn8s6zc', '0');
-- Yahritza Y Su Esencia
INSERT INTO `auth_user` (`id`, `username`, `email`, `profile_image_url`, `created_at`) VALUES ('n6taiizr8wayj7y', 'Yahritza Y Su Esencia', '31@artist.com', 'https://i.scdn.co/image/ab6761610000e5eb68d4ccdc175f594122f1eee1','2023-11-17 17:00:08.000');
INSERT INTO `user_key` (`id`, `user_id`, `hashed_password`) VALUES ('email:31@artist.com', 'n6taiizr8wayj7y', 's2:ypixvsa9kdptdm5e:9772b9b97a807a7f47ec6097088d2a4024dba58149f0ca73e063e373505e7d6d73558d9111681e34fee10c4b14d8ee4af03030521f41d555cc1fef79872ce189');
INSERT INTO `artist` (`id`, `bio`, `name`) VALUES ('n6taiizr8wayj7y', 'Infusing traditional melodies with youthful vigor.', 'Yahritza Y Su Esencia');
INSERT INTO `album` (`id`, `artist_id`, `cover_image_url`, `name`, `created_at`) VALUES ('jd0kdd25asdgrrasje7ebs7y8ch0e06tfdnyri0emac7k3hsy3','n6taiizr8wayj7y', NULL, 'Yahritza Y Su Esencia Album','2023-11-17 17:00:08.000');
INSERT INTO `song` (`id`, `name`, `artist_id`,`duration`, `genre`, `spotify_id`, `preview_url`, `created_at`) VALUES ('o5m5t7va2sz8fvtorh0bzn8os9lc3u0ljkcaew78zlb8u5gpyh','Frgil (feat. Grupo Front','n6taiizr8wayj7y',100,'POP',NULL,NULL,'2023-11-17 17:00:08.000');
INSERT INTO `album_songs`(`album_id`, `song_id`, `order`) VALUES ('jd0kdd25asdgrrasje7ebs7y8ch0e06tfdnyri0emac7k3hsy3', 'o5m5t7va2sz8fvtorh0bzn8os9lc3u0ljkcaew78zlb8u5gpyh', '0');
-- Junior H
INSERT INTO `auth_user` (`id`, `username`, `email`, `profile_image_url`, `created_at`) VALUES ('tgrm0y8x4i5bxot', 'Junior H', '32@artist.com', 'https://i.scdn.co/image/ab6761610000e5ebb5ccab5d3dc10a08d89cbd76','2023-11-17 17:00:08.000');
INSERT INTO `user_key` (`id`, `user_id`, `hashed_password`) VALUES ('email:32@artist.com', 'tgrm0y8x4i5bxot', 's2:ypixvsa9kdptdm5e:9772b9b97a807a7f47ec6097088d2a4024dba58149f0ca73e063e373505e7d6d73558d9111681e34fee10c4b14d8ee4af03030521f41d555cc1fef79872ce189');
INSERT INTO `artist` (`id`, `bio`, `name`) VALUES ('tgrm0y8x4i5bxot', 'A fresh voice in regional Mexican music, blending tradition with modernity.', 'Junior H');
INSERT INTO `album` (`id`, `artist_id`, `cover_image_url`, `name`, `created_at`) VALUES ('g296tkl2u559lyi3aaqnixw7cuo58mmzld33s9z52kp6qj54v2','tgrm0y8x4i5bxot', 'https://i.scdn.co/image/ab67616d0000b27333ed356efed99b158c4267c6', 'Junior H Album','2023-11-17 17:00:08.000');
INSERT INTO `song` (`id`, `name`, `artist_id`,`duration`, `genre`, `spotify_id`, `preview_url`, `created_at`) VALUES ('bs0zaziv8xzv65l0yk88109ar9bir6821zohk8cm4r6g0h15kt','El Azul','tgrm0y8x4i5bxot',100,'POP','1haJsMtoBhHfvuM7XWuT3W','https://p.scdn.co/mp3-preview/f9df136c3a2d3c0c5424e2c4b75a303f35c08af5?cid=6c77115735724c94af0b7a434aef3fc3','2023-11-17 17:00:08.000');
INSERT INTO `album_songs`(`album_id`, `song_id`, `order`) VALUES ('g296tkl2u559lyi3aaqnixw7cuo58mmzld33s9z52kp6qj54v2', 'bs0zaziv8xzv65l0yk88109ar9bir6821zohk8cm4r6g0h15kt', '0');
-- Post Malone
INSERT INTO `auth_user` (`id`, `username`, `email`, `profile_image_url`, `created_at`) VALUES ('hosey9m48ldvkz1', 'Post Malone', '33@artist.com', 'https://i.scdn.co/image/ab6761610000e5ebf1be22786da29b0a1284c0a5','2023-11-17 17:00:08.000');
INSERT INTO `user_key` (`id`, `user_id`, `hashed_password`) VALUES ('email:33@artist.com', 'hosey9m48ldvkz1', 's2:ypixvsa9kdptdm5e:9772b9b97a807a7f47ec6097088d2a4024dba58149f0ca73e063e373505e7d6d73558d9111681e34fee10c4b14d8ee4af03030521f41d555cc1fef79872ce189');
INSERT INTO `artist` (`id`, `bio`, `name`) VALUES ('hosey9m48ldvkz1', 'Blurring genre lines with his unique blend of hip-hop and pop.', 'Post Malone');
INSERT INTO `album` (`id`, `artist_id`, `cover_image_url`, `name`, `created_at`) VALUES ('gw7uh2e2a0nehqa3yyt08ukixbxho7vejbul8qubsk1of4ejhg','hosey9m48ldvkz1', 'https://i.scdn.co/image/ab67616d0000b2739478c87599550dd73bfa7e02', 'Post Malone Album','2023-11-17 17:00:08.000');
INSERT INTO `song` (`id`, `name`, `artist_id`,`duration`, `genre`, `spotify_id`, `preview_url`, `created_at`) VALUES ('xdi59yzw5yburm99ijmbs2681m85mv0reykrnzk4u3mkjb7mn2','Sunflower - Spider-Man: Into the Spider-Verse','hosey9m48ldvkz1',100,'POP','0RiRZpuVRbi7oqRdSMwhQY',NULL,'2023-11-17 17:00:08.000');
INSERT INTO `album_songs`(`album_id`, `song_id`, `order`) VALUES ('gw7uh2e2a0nehqa3yyt08ukixbxho7vejbul8qubsk1of4ejhg', 'xdi59yzw5yburm99ijmbs2681m85mv0reykrnzk4u3mkjb7mn2', '0');
INSERT INTO `song` (`id`, `name`, `artist_id`,`duration`, `genre`, `spotify_id`, `preview_url`, `created_at`) VALUES ('0mmudgq2rz9wn0wn2mhkd6u1j7bv7dwzylvf43xj2xzhf1i1w4','Overdrive','hosey9m48ldvkz1',100,'POP','3t0ic4mkhvhamrKDkulB8v',NULL,'2023-11-17 17:00:08.000');
INSERT INTO `album_songs`(`album_id`, `song_id`, `order`) VALUES ('gw7uh2e2a0nehqa3yyt08ukixbxho7vejbul8qubsk1of4ejhg', '0mmudgq2rz9wn0wn2mhkd6u1j7bv7dwzylvf43xj2xzhf1i1w4', '1');
-- Bebe Rexha
INSERT INTO `auth_user` (`id`, `username`, `email`, `profile_image_url`, `created_at`) VALUES ('a5m7q1lvtbg0qj2', 'Bebe Rexha', '34@artist.com', 'https://i.scdn.co/image/ab6761610000e5ebc692afc666512dc946a7358f','2023-11-17 17:00:08.000');
INSERT INTO `user_key` (`id`, `user_id`, `hashed_password`) VALUES ('email:34@artist.com', 'a5m7q1lvtbg0qj2', 's2:ypixvsa9kdptdm5e:9772b9b97a807a7f47ec6097088d2a4024dba58149f0ca73e063e373505e7d6d73558d9111681e34fee10c4b14d8ee4af03030521f41d555cc1fef79872ce189');
INSERT INTO `artist` (`id`, `bio`, `name`) VALUES ('a5m7q1lvtbg0qj2', 'A dynamic voice in pop music, known for her powerful vocals and catchy tunes.', 'Bebe Rexha');
INSERT INTO `album` (`id`, `artist_id`, `cover_image_url`, `name`, `created_at`) VALUES ('5vna5rjnobntrztjokhnloam68c4zfjw5j10yxlyh6grjd77sf','a5m7q1lvtbg0qj2', NULL, 'Bebe Rexha Album','2023-11-17 17:00:08.000');
INSERT INTO `song` (`id`, `name`, `artist_id`,`duration`, `genre`, `spotify_id`, `preview_url`, `created_at`) VALUES ('veppoue0upmouf9b23nw1vfkoy1r77uqosudce8sd9zs6mvf9a','Im Good (Blue)','a5m7q1lvtbg0qj2',100,'POP',NULL,NULL,'2023-11-17 17:00:08.000');
INSERT INTO `album_songs`(`album_id`, `song_id`, `order`) VALUES ('5vna5rjnobntrztjokhnloam68c4zfjw5j10yxlyh6grjd77sf', 'veppoue0upmouf9b23nw1vfkoy1r77uqosudce8sd9zs6mvf9a', '0');
-- Tyler The Creator
INSERT INTO `auth_user` (`id`, `username`, `email`, `profile_image_url`, `created_at`) VALUES ('gos75y4ayuqy5n6', 'Tyler The Creator', '35@artist.com', 'https://i.scdn.co/image/ab6761610000e5eb51dfdac248da65a860963b68','2023-11-17 17:00:08.000');
INSERT INTO `user_key` (`id`, `user_id`, `hashed_password`) VALUES ('email:35@artist.com', 'gos75y4ayuqy5n6', 's2:ypixvsa9kdptdm5e:9772b9b97a807a7f47ec6097088d2a4024dba58149f0ca73e063e373505e7d6d73558d9111681e34fee10c4b14d8ee4af03030521f41d555cc1fef79872ce189');
INSERT INTO `artist` (`id`, `bio`, `name`) VALUES ('gos75y4ayuqy5n6', 'Pushing the boundaries of music with unique style and bold lyrics.', 'Tyler The Creator');
INSERT INTO `album` (`id`, `artist_id`, `cover_image_url`, `name`, `created_at`) VALUES ('nubqbi0ofpavsa41vqd582gijlmvxwe1t0c90kshrcjvqwsflz','gos75y4ayuqy5n6', 'https://i.scdn.co/image/ab67616d0000b2738940ac99f49e44f59e6f7fb3', 'Tyler The Creator Album','2023-11-17 17:00:08.000');
INSERT INTO `song` (`id`, `name`, `artist_id`,`duration`, `genre`, `spotify_id`, `preview_url`, `created_at`) VALUES ('1o7z8s61aov3xto8hpdw7uux01myv2hc6zfat1h143li4t0rd1','See You Again','gos75y4ayuqy5n6',100,'POP','7KA4W4McWYRpgf0fWsJZWB','https://p.scdn.co/mp3-preview/c703198293891e3b276800ea6b187cf7951d3d7d?cid=6c77115735724c94af0b7a434aef3fc3','2023-11-17 17:00:08.000');
INSERT INTO `album_songs`(`album_id`, `song_id`, `order`) VALUES ('nubqbi0ofpavsa41vqd582gijlmvxwe1t0c90kshrcjvqwsflz', '1o7z8s61aov3xto8hpdw7uux01myv2hc6zfat1h143li4t0rd1', '0');
-- Nicki Minaj
INSERT INTO `auth_user` (`id`, `username`, `email`, `profile_image_url`, `created_at`) VALUES ('hhsnsrgiogfdgb5', 'Nicki Minaj', '36@artist.com', 'https://i.scdn.co/image/ab6761610000e5eb03578c92e15089c645b794f5','2023-11-17 17:00:08.000');
INSERT INTO `user_key` (`id`, `user_id`, `hashed_password`) VALUES ('email:36@artist.com', 'hhsnsrgiogfdgb5', 's2:ypixvsa9kdptdm5e:9772b9b97a807a7f47ec6097088d2a4024dba58149f0ca73e063e373505e7d6d73558d9111681e34fee10c4b14d8ee4af03030521f41d555cc1fef79872ce189');
INSERT INTO `artist` (`id`, `bio`, `name`) VALUES ('hhsnsrgiogfdgb5', 'A rap icon known for her versatile flow and bold personality.', 'Nicki Minaj');
INSERT INTO `album` (`id`, `artist_id`, `cover_image_url`, `name`, `created_at`) VALUES ('v8yv2xmykgxf5oh1hivlr05dj16dbwej1tp2ddf1qrdnl32vx9','hhsnsrgiogfdgb5', 'https://i.scdn.co/image/ab67616d0000b2737e8f938c02fac3b564931116', 'Nicki Minaj Album','2023-11-17 17:00:08.000');
INSERT INTO `song` (`id`, `name`, `artist_id`,`duration`, `genre`, `spotify_id`, `preview_url`, `created_at`) VALUES ('avi7wvpdmeyfh9q12je9kv9fh3smcc7zf77a723d5mfpybgb76','Barbie World (with Aqua) [From Barbie The Album]','hhsnsrgiogfdgb5',100,'POP','741UUVE2kuITl0c6zuqqbO','https://p.scdn.co/mp3-preview/f654928ccaa4e6a9fb09a6eb3f208383eccc12a9?cid=6c77115735724c94af0b7a434aef3fc3','2023-11-17 17:00:08.000');
INSERT INTO `album_songs`(`album_id`, `song_id`, `order`) VALUES ('v8yv2xmykgxf5oh1hivlr05dj16dbwej1tp2ddf1qrdnl32vx9', 'avi7wvpdmeyfh9q12je9kv9fh3smcc7zf77a723d5mfpybgb76', '0');
-- OneRepublic
INSERT INTO `auth_user` (`id`, `username`, `email`, `profile_image_url`, `created_at`) VALUES ('c1xvpejm39o7l50', 'OneRepublic', '37@artist.com', 'https://i.scdn.co/image/ab6761610000e5eb57138b98e7ddd5a86ee97a9b','2023-11-17 17:00:08.000');
INSERT INTO `user_key` (`id`, `user_id`, `hashed_password`) VALUES ('email:37@artist.com', 'c1xvpejm39o7l50', 's2:ypixvsa9kdptdm5e:9772b9b97a807a7f47ec6097088d2a4024dba58149f0ca73e063e373505e7d6d73558d9111681e34fee10c4b14d8ee4af03030521f41d555cc1fef79872ce189');
INSERT INTO `artist` (`id`, `bio`, `name`) VALUES ('c1xvpejm39o7l50', 'Delivering anthemic pop-rock tracks that resonate globally.', 'OneRepublic');
INSERT INTO `album` (`id`, `artist_id`, `cover_image_url`, `name`, `created_at`) VALUES ('wfndl65q9d8ptzlfkv3420kj0odh8ut0no4k086frz0pl0y4ro','c1xvpejm39o7l50', 'https://i.scdn.co/image/ab67616d0000b273ec96e006b8bdfc582610ec13', 'OneRepublic Album','2023-11-17 17:00:08.000');
INSERT INTO `song` (`id`, `name`, `artist_id`,`duration`, `genre`, `spotify_id`, `preview_url`, `created_at`) VALUES ('l9t8rkpmn5rktdiuxr9zv3dc9w00xraibub5ayhv32pqlcmmtl','I Aint Worried','c1xvpejm39o7l50',100,'POP','4h9wh7iOZ0GGn8QVp4RAOB',NULL,'2023-11-17 17:00:08.000');
INSERT INTO `album_songs`(`album_id`, `song_id`, `order`) VALUES ('wfndl65q9d8ptzlfkv3420kj0odh8ut0no4k086frz0pl0y4ro', 'l9t8rkpmn5rktdiuxr9zv3dc9w00xraibub5ayhv32pqlcmmtl', '0');
-- Ariana Grande
INSERT INTO `auth_user` (`id`, `username`, `email`, `profile_image_url`, `created_at`) VALUES ('s16kwzwqnpehnti', 'Ariana Grande', '38@artist.com', 'https://i.scdn.co/image/ab6761610000e5eb456c82553e0efcb7e13365b1','2023-11-17 17:00:08.000');
INSERT INTO `user_key` (`id`, `user_id`, `hashed_password`) VALUES ('email:38@artist.com', 's16kwzwqnpehnti', 's2:ypixvsa9kdptdm5e:9772b9b97a807a7f47ec6097088d2a4024dba58149f0ca73e063e373505e7d6d73558d9111681e34fee10c4b14d8ee4af03030521f41d555cc1fef79872ce189');
INSERT INTO `artist` (`id`, `bio`, `name`) VALUES ('s16kwzwqnpehnti', 'A powerhouse vocalist, dominating pop with her range and iconic style.', 'Ariana Grande');
INSERT INTO `album` (`id`, `artist_id`, `cover_image_url`, `name`, `created_at`) VALUES ('ph77yhh099soouo18inw7h0038d03n6km439tjtuwrfcdjq8z1','s16kwzwqnpehnti', NULL, 'Ariana Grande Album','2023-11-17 17:00:08.000');
INSERT INTO `song` (`id`, `name`, `artist_id`,`duration`, `genre`, `spotify_id`, `preview_url`, `created_at`) VALUES ('x40hb9jc1e0n8o0kkp90mfzn2m6qzrf5tmb2c9whqbzqh2im6z','Die For You - Remix','s16kwzwqnpehnti',100,'POP',NULL,NULL,'2023-11-17 17:00:08.000');
INSERT INTO `album_songs`(`album_id`, `song_id`, `order`) VALUES ('ph77yhh099soouo18inw7h0038d03n6km439tjtuwrfcdjq8z1', 'x40hb9jc1e0n8o0kkp90mfzn2m6qzrf5tmb2c9whqbzqh2im6z', '0');
-- David Guetta
INSERT INTO `auth_user` (`id`, `username`, `email`, `profile_image_url`, `created_at`) VALUES ('f5bft825o17rrcu', 'David Guetta', '39@artist.com', 'https://i.scdn.co/image/ab6761610000e5ebd0448096d85094a6ec5e8fab','2023-11-17 17:00:08.000');
INSERT INTO `user_key` (`id`, `user_id`, `hashed_password`) VALUES ('email:39@artist.com', 'f5bft825o17rrcu', 's2:ypixvsa9kdptdm5e:9772b9b97a807a7f47ec6097088d2a4024dba58149f0ca73e063e373505e7d6d73558d9111681e34fee10c4b14d8ee4af03030521f41d555cc1fef79872ce189');
INSERT INTO `artist` (`id`, `bio`, `name`) VALUES ('f5bft825o17rrcu', 'A legend in the electronic music world, constantly innovating and entertaining.', 'David Guetta');
INSERT INTO `album` (`id`, `artist_id`, `cover_image_url`, `name`, `created_at`) VALUES ('1w3s354em502f9mwjlajtya1023e8ykxfjhhc5uiwos90mxx6s','f5bft825o17rrcu', 'https://i.scdn.co/image/ab67616d0000b2730b4ef75c3728599aa4104f7a', 'David Guetta Album','2023-11-17 17:00:08.000');
INSERT INTO `song` (`id`, `name`, `artist_id`,`duration`, `genre`, `spotify_id`, `preview_url`, `created_at`) VALUES ('fdjegrohgspmq9xqhqm7vheyj7b52f8unkw5szqpra8kk3hbba','Baby Dont Hurt Me','f5bft825o17rrcu',100,'POP','3BKD1PwArikchz2Zrlp1qi','https://p.scdn.co/mp3-preview/a8f2e176e17e0f6298b42ef8e96118318fdd2b89?cid=6c77115735724c94af0b7a434aef3fc3','2023-11-17 17:00:08.000');
INSERT INTO `album_songs`(`album_id`, `song_id`, `order`) VALUES ('1w3s354em502f9mwjlajtya1023e8ykxfjhhc5uiwos90mxx6s', 'fdjegrohgspmq9xqhqm7vheyj7b52f8unkw5szqpra8kk3hbba', '0');
-- Peggy Gou
INSERT INTO `auth_user` (`id`, `username`, `email`, `profile_image_url`, `created_at`) VALUES ('89ey45sr93k1m4s', 'Peggy Gou', '40@artist.com', 'https://i.scdn.co/image/ab6761610000e5ebdf5c17aa075c03c5c4d2c693','2023-11-17 17:00:08.000');
INSERT INTO `user_key` (`id`, `user_id`, `hashed_password`) VALUES ('email:40@artist.com', '89ey45sr93k1m4s', 's2:ypixvsa9kdptdm5e:9772b9b97a807a7f47ec6097088d2a4024dba58149f0ca73e063e373505e7d6d73558d9111681e34fee10c4b14d8ee4af03030521f41d555cc1fef79872ce189');
INSERT INTO `artist` (`id`, `bio`, `name`) VALUES ('89ey45sr93k1m4s', 'A dynamic force in the electronic music scene, known for her eclectic mixes.', 'Peggy Gou');
INSERT INTO `album` (`id`, `artist_id`, `cover_image_url`, `name`, `created_at`) VALUES ('wq8wgl8x62drhkt8z11fdfscslo6shkthwnlm59lnwccr0lncl','89ey45sr93k1m4s', 'https://i.scdn.co/image/ab67616d0000b27388d71aadd009fe1a83df88f2', 'Peggy Gou Album','2023-11-17 17:00:08.000');
INSERT INTO `song` (`id`, `name`, `artist_id`,`duration`, `genre`, `spotify_id`, `preview_url`, `created_at`) VALUES ('z81smty1tzhofg6m10ffwhnb0ykpnpz350f7pxgx89vequb6m3','(It Goes Like) Nanana - Edit','89ey45sr93k1m4s',100,'POP','23RoR84KodL5HWvUTneQ1w','https://p.scdn.co/mp3-preview/e36e0bd4714844f1f9d992398b41a3e333f15cc9?cid=6c77115735724c94af0b7a434aef3fc3','2023-11-17 17:00:08.000');
INSERT INTO `album_songs`(`album_id`, `song_id`, `order`) VALUES ('wq8wgl8x62drhkt8z11fdfscslo6shkthwnlm59lnwccr0lncl', 'z81smty1tzhofg6m10ffwhnb0ykpnpz350f7pxgx89vequb6m3', '0');
-- Tom Odell
INSERT INTO `auth_user` (`id`, `username`, `email`, `profile_image_url`, `created_at`) VALUES ('ulrsg1bpuq2pksa', 'Tom Odell', '41@artist.com', 'https://i.scdn.co/image/ab6761610000e5eb532e8dd8ba9fbd5e78105a78','2023-11-17 17:00:08.000');
INSERT INTO `user_key` (`id`, `user_id`, `hashed_password`) VALUES ('email:41@artist.com', 'ulrsg1bpuq2pksa', 's2:ypixvsa9kdptdm5e:9772b9b97a807a7f47ec6097088d2a4024dba58149f0ca73e063e373505e7d6d73558d9111681e34fee10c4b14d8ee4af03030521f41d555cc1fef79872ce189');
INSERT INTO `artist` (`id`, `bio`, `name`) VALUES ('ulrsg1bpuq2pksa', 'Stirring emotions with piano-driven melodies and poetic lyrics.', 'Tom Odell');
INSERT INTO `album` (`id`, `artist_id`, `cover_image_url`, `name`, `created_at`) VALUES ('rrybx1v2ocrtnda93ubjo7p1cayywt3a8tn0xlt9z7wqadw9xd','ulrsg1bpuq2pksa', 'https://i.scdn.co/image/ab67616d0000b2731917a0f3f4152622a040913f', 'Tom Odell Album','2023-11-17 17:00:08.000');
INSERT INTO `song` (`id`, `name`, `artist_id`,`duration`, `genre`, `spotify_id`, `preview_url`, `created_at`) VALUES ('iryb5j221asnjqnfs8ry2uzi5lo9vy4rjqd0m5ia7r5qrdmyyy','Another Love','ulrsg1bpuq2pksa',100,'POP','3JvKfv6T31zO0ini8iNItO','https://p.scdn.co/mp3-preview/0369cb748bc968ffd34fb4ac60f5403f2aad032f?cid=6c77115735724c94af0b7a434aef3fc3','2023-11-17 17:00:08.000');
INSERT INTO `album_songs`(`album_id`, `song_id`, `order`) VALUES ('rrybx1v2ocrtnda93ubjo7p1cayywt3a8tn0xlt9z7wqadw9xd', 'iryb5j221asnjqnfs8ry2uzi5lo9vy4rjqd0m5ia7r5qrdmyyy', '0');
-- Kali Uchis
INSERT INTO `auth_user` (`id`, `username`, `email`, `profile_image_url`, `created_at`) VALUES ('6vxxq2fwdz483vb', 'Kali Uchis', '42@artist.com', 'https://i.scdn.co/image/ab6761610000e5eb51dfdac248da65a860963b68','2023-11-17 17:00:08.000');
INSERT INTO `user_key` (`id`, `user_id`, `hashed_password`) VALUES ('email:42@artist.com', '6vxxq2fwdz483vb', 's2:ypixvsa9kdptdm5e:9772b9b97a807a7f47ec6097088d2a4024dba58149f0ca73e063e373505e7d6d73558d9111681e34fee10c4b14d8ee4af03030521f41d555cc1fef79872ce189');
INSERT INTO `artist` (`id`, `bio`, `name`) VALUES ('6vxxq2fwdz483vb', 'A fusion of soul, R&B, and Latin beats, creating a unique sound experience.', 'Kali Uchis');
INSERT INTO `album` (`id`, `artist_id`, `cover_image_url`, `name`, `created_at`) VALUES ('8exkcfub68dyedslhn1opa1ucgx9smjd8w80pepwihmcru8bd1','6vxxq2fwdz483vb', 'https://i.scdn.co/image/ab67616d0000b27381fccd758776d16b87721b17', 'Kali Uchis Album','2023-11-17 17:00:08.000');
INSERT INTO `song` (`id`, `name`, `artist_id`,`duration`, `genre`, `spotify_id`, `preview_url`, `created_at`) VALUES ('wlxqnkh26t3ocea2g9dhjkuntsdijkxk7y0f1pyiopw7cseigk','Moonlight','6vxxq2fwdz483vb',100,'POP','0JmnkIqdlnUzPaf8sqBRs3',NULL,'2023-11-17 17:00:08.000');
INSERT INTO `album_songs`(`album_id`, `song_id`, `order`) VALUES ('8exkcfub68dyedslhn1opa1ucgx9smjd8w80pepwihmcru8bd1', 'wlxqnkh26t3ocea2g9dhjkuntsdijkxk7y0f1pyiopw7cseigk', '0');
-- Manuel Turizo
INSERT INTO `auth_user` (`id`, `username`, `email`, `profile_image_url`, `created_at`) VALUES ('x9if36zod6d3maq', 'Manuel Turizo', '43@artist.com', 'https://i.scdn.co/image/ab6761610000e5ebabd3e69b432d6187cf4e28c3','2023-11-17 17:00:08.000');
INSERT INTO `user_key` (`id`, `user_id`, `hashed_password`) VALUES ('email:43@artist.com', 'x9if36zod6d3maq', 's2:ypixvsa9kdptdm5e:9772b9b97a807a7f47ec6097088d2a4024dba58149f0ca73e063e373505e7d6d73558d9111681e34fee10c4b14d8ee4af03030521f41d555cc1fef79872ce189');
INSERT INTO `artist` (`id`, `bio`, `name`) VALUES ('x9if36zod6d3maq', 'A standout in reggaeton, known for his smooth voice and romantic lyrics.', 'Manuel Turizo');
INSERT INTO `album` (`id`, `artist_id`, `cover_image_url`, `name`, `created_at`) VALUES ('x3v853o6nx72jqn09aa8r9eoapz3x7ilndcstbukaf3v8ywcd0','x9if36zod6d3maq', 'https://i.scdn.co/image/ab67616d0000b273c9f744b0d62da795bc21d04a', 'Manuel Turizo Album','2023-11-17 17:00:08.000');
INSERT INTO `song` (`id`, `name`, `artist_id`,`duration`, `genre`, `spotify_id`, `preview_url`, `created_at`) VALUES ('5xbepoaba1c5d9ls2qvyjakqnux9ccs6s04izdeapffm2c1xz0','La Bachata','x9if36zod6d3maq',100,'POP','5ww2BF9slyYgNOk37BlC4u','https://p.scdn.co/mp3-preview/0232b53fd7849e6696e1ab3099dd01dd00823f17?cid=6c77115735724c94af0b7a434aef3fc3','2023-11-17 17:00:08.000');
INSERT INTO `album_songs`(`album_id`, `song_id`, `order`) VALUES ('x3v853o6nx72jqn09aa8r9eoapz3x7ilndcstbukaf3v8ywcd0', '5xbepoaba1c5d9ls2qvyjakqnux9ccs6s04izdeapffm2c1xz0', '0');
-- dennis
INSERT INTO `auth_user` (`id`, `username`, `email`, `profile_image_url`, `created_at`) VALUES ('25dtlwd6wtthqmb', 'dennis', '44@artist.com', 'https://i.scdn.co/image/ab6761610000e5eb8a1ec9781a1542458b3b961b','2023-11-17 17:00:08.000');
INSERT INTO `user_key` (`id`, `user_id`, `hashed_password`) VALUES ('email:44@artist.com', '25dtlwd6wtthqmb', 's2:ypixvsa9kdptdm5e:9772b9b97a807a7f47ec6097088d2a4024dba58149f0ca73e063e373505e7d6d73558d9111681e34fee10c4b14d8ee4af03030521f41d555cc1fef79872ce189');
INSERT INTO `artist` (`id`, `bio`, `name`) VALUES ('25dtlwd6wtthqmb', 'Exploring the depths of sound and rhythm.', 'dennis');
INSERT INTO `album` (`id`, `artist_id`, `cover_image_url`, `name`, `created_at`) VALUES ('rj5w7y3idhcqu3apc10gea58lm9rukaxgdjlhftff9euu9y22d','25dtlwd6wtthqmb', 'https://i.scdn.co/image/ab67616d0000b273ddfc406de0d7dbc2e339f016', 'dennis Album','2023-11-17 17:00:08.000');
INSERT INTO `song` (`id`, `name`, `artist_id`,`duration`, `genre`, `spotify_id`, `preview_url`, `created_at`) VALUES ('qzfkhh6cfskytc7dq74b3zsnz4roctxymohzos7d6g8z1k45kf','T','25dtlwd6wtthqmb',100,'POP','35FW5OEe4p38LdjK1KqT2X','https://p.scdn.co/mp3-preview/eaa522f48564e43e33e00c011aef0489526d1072?cid=6c77115735724c94af0b7a434aef3fc3','2023-11-17 17:00:08.000');
INSERT INTO `album_songs`(`album_id`, `song_id`, `order`) VALUES ('rj5w7y3idhcqu3apc10gea58lm9rukaxgdjlhftff9euu9y22d', 'qzfkhh6cfskytc7dq74b3zsnz4roctxymohzos7d6g8z1k45kf', '0');
-- PinkPantheress
INSERT INTO `auth_user` (`id`, `username`, `email`, `profile_image_url`, `created_at`) VALUES ('m4r1ap0rdwognjc', 'PinkPantheress', '45@artist.com', 'https://i.scdn.co/image/ab6761610000e5eb5168e912bd9bd91607cd07dd','2023-11-17 17:00:08.000');
INSERT INTO `user_key` (`id`, `user_id`, `hashed_password`) VALUES ('email:45@artist.com', 'm4r1ap0rdwognjc', 's2:ypixvsa9kdptdm5e:9772b9b97a807a7f47ec6097088d2a4024dba58149f0ca73e063e373505e7d6d73558d9111681e34fee10c4b14d8ee4af03030521f41d555cc1fef79872ce189');
INSERT INTO `artist` (`id`, `bio`, `name`) VALUES ('m4r1ap0rdwognjc', 'Redefining pop music with her distinct sound and style.', 'PinkPantheress');
INSERT INTO `album` (`id`, `artist_id`, `cover_image_url`, `name`, `created_at`) VALUES ('3hkitvugglwkpt87af1o3acgs5yf2aivwgtz1jmywrs9qa0l4y','m4r1ap0rdwognjc', 'https://i.scdn.co/image/ab67616d0000b2739567e1aa41657425d046733b', 'PinkPantheress Album','2023-11-17 17:00:08.000');
INSERT INTO `song` (`id`, `name`, `artist_id`,`duration`, `genre`, `spotify_id`, `preview_url`, `created_at`) VALUES ('decgt361wktcbe8vj0jvr65cgiuj9prs36igyr6ax8lodjr7rs','Boys a liar Pt. 2','m4r1ap0rdwognjc',100,'POP','6AQbmUe0Qwf5PZnt4HmTXv','https://p.scdn.co/mp3-preview/543d8d09a5530a1ab94dd0c6f83fc4ee3e0d7f96?cid=6c77115735724c94af0b7a434aef3fc3','2023-11-17 17:00:08.000');
INSERT INTO `album_songs`(`album_id`, `song_id`, `order`) VALUES ('3hkitvugglwkpt87af1o3acgs5yf2aivwgtz1jmywrs9qa0l4y', 'decgt361wktcbe8vj0jvr65cgiuj9prs36igyr6ax8lodjr7rs', '0');
-- Charlie Puth
INSERT INTO `auth_user` (`id`, `username`, `email`, `profile_image_url`, `created_at`) VALUES ('29digdiis9rng2r', 'Charlie Puth', '46@artist.com', NULL,'2023-11-17 17:00:08.000');
INSERT INTO `user_key` (`id`, `user_id`, `hashed_password`) VALUES ('email:46@artist.com', '29digdiis9rng2r', 's2:ypixvsa9kdptdm5e:9772b9b97a807a7f47ec6097088d2a4024dba58149f0ca73e063e373505e7d6d73558d9111681e34fee10c4b14d8ee4af03030521f41d555cc1fef79872ce189');
INSERT INTO `artist` (`id`, `bio`, `name`) VALUES ('29digdiis9rng2r', 'A pop maestro, combining catchy melodies with his exceptional musical talent.', 'Charlie Puth');
INSERT INTO `album` (`id`, `artist_id`, `cover_image_url`, `name`, `created_at`) VALUES ('wmsoqf3a4tlgtme0jee89w6fj7qw6ctxhin2xh4w7zibnv70jv','29digdiis9rng2r', 'https://i.scdn.co/image/ab67616d0000b27335d2e0ed94a934f2cc46fa49', 'Charlie Puth Album','2023-11-17 17:00:08.000');
INSERT INTO `song` (`id`, `name`, `artist_id`,`duration`, `genre`, `spotify_id`, `preview_url`, `created_at`) VALUES ('yczlfzigq17nqkggq8t1p8qprnywvbvkr3b7s7j8emzqz9mgak','Left and Right (Feat. Jung Kook of BTS)','29digdiis9rng2r',100,'POP','5Odq8ohlgIbQKMZivbWkEo','https://p.scdn.co/mp3-preview/9e4342eefa4f33df4e9b199e60dbce0f59e46eff?cid=6c77115735724c94af0b7a434aef3fc3','2023-11-17 17:00:08.000');
INSERT INTO `album_songs`(`album_id`, `song_id`, `order`) VALUES ('wmsoqf3a4tlgtme0jee89w6fj7qw6ctxhin2xh4w7zibnv70jv', 'yczlfzigq17nqkggq8t1p8qprnywvbvkr3b7s7j8emzqz9mgak', '0');
-- Rauw Alejandro
INSERT INTO `auth_user` (`id`, `username`, `email`, `profile_image_url`, `created_at`) VALUES ('i24dygr2soloqbe', 'Rauw Alejandro', '47@artist.com', 'https://i.scdn.co/image/ab6761610000e5eb9047f938310ea16b68a5bdeb','2023-11-17 17:00:08.000');
INSERT INTO `user_key` (`id`, `user_id`, `hashed_password`) VALUES ('email:47@artist.com', 'i24dygr2soloqbe', 's2:ypixvsa9kdptdm5e:9772b9b97a807a7f47ec6097088d2a4024dba58149f0ca73e063e373505e7d6d73558d9111681e34fee10c4b14d8ee4af03030521f41d555cc1fef79872ce189');
INSERT INTO `artist` (`id`, `bio`, `name`) VALUES ('i24dygr2soloqbe', 'A fusion of Latin trap and reggaeton, setting the stage on fire.', 'Rauw Alejandro');
INSERT INTO `album` (`id`, `artist_id`, `cover_image_url`, `name`, `created_at`) VALUES ('87k60tc3f431okt9xr26wdtlqb8cv3tsg36hk9nwk9hwro9h7o','i24dygr2soloqbe', NULL, 'Rauw Alejandro Album','2023-11-17 17:00:08.000');
INSERT INTO `song` (`id`, `name`, `artist_id`,`duration`, `genre`, `spotify_id`, `preview_url`, `created_at`) VALUES ('aydyu3jc8jiqpxgmx89mmwcc2ean2nzodixzh9op33f1m6n0bt','BESO','i24dygr2soloqbe',100,'POP',NULL,NULL,'2023-11-17 17:00:08.000');
INSERT INTO `album_songs`(`album_id`, `song_id`, `order`) VALUES ('87k60tc3f431okt9xr26wdtlqb8cv3tsg36hk9nwk9hwro9h7o', 'aydyu3jc8jiqpxgmx89mmwcc2ean2nzodixzh9op33f1m6n0bt', '0');
INSERT INTO `song` (`id`, `name`, `artist_id`,`duration`, `genre`, `spotify_id`, `preview_url`, `created_at`) VALUES ('5zvpnr24qkukwmpelmctl933tnvp8tgstceauvlmxsjla76nqc','BABY HELLO','i24dygr2soloqbe',100,'POP','2SOvWt6igzXViIjIiWNWEP','https://p.scdn.co/mp3-preview/8a9ca6c81e6e6ad48758f02017456405fd7a476d?cid=6c77115735724c94af0b7a434aef3fc3','2023-11-17 17:00:08.000');
INSERT INTO `album_songs`(`album_id`, `song_id`, `order`) VALUES ('87k60tc3f431okt9xr26wdtlqb8cv3tsg36hk9nwk9hwro9h7o', '5zvpnr24qkukwmpelmctl933tnvp8tgstceauvlmxsjla76nqc', '1');
-- Ozuna
INSERT INTO `auth_user` (`id`, `username`, `email`, `profile_image_url`, `created_at`) VALUES ('4nnmda2dn19881v', 'Ozuna', '48@artist.com', 'https://i.scdn.co/image/ab6761610000e5ebd45efec1d439cfd8bd936421','2023-11-17 17:00:08.000');
INSERT INTO `user_key` (`id`, `user_id`, `hashed_password`) VALUES ('email:48@artist.com', '4nnmda2dn19881v', 's2:ypixvsa9kdptdm5e:9772b9b97a807a7f47ec6097088d2a4024dba58149f0ca73e063e373505e7d6d73558d9111681e34fee10c4b14d8ee4af03030521f41d555cc1fef79872ce189');
INSERT INTO `artist` (`id`, `bio`, `name`) VALUES ('4nnmda2dn19881v', 'Dominating reggaeton and Latin trap with catchy tunes and charismatic energy.', 'Ozuna');
INSERT INTO `album` (`id`, `artist_id`, `cover_image_url`, `name`, `created_at`) VALUES ('qmd53jvs0u8gwdmhg7kumear8apthqluf6n70djix9h48k7fcz','4nnmda2dn19881v', 'https://i.scdn.co/image/ab67616d0000b273125624f2e04f5a1ccb0dfb45', 'Ozuna Album','2023-11-17 17:00:08.000');
INSERT INTO `song` (`id`, `name`, `artist_id`,`duration`, `genre`, `spotify_id`, `preview_url`, `created_at`) VALUES ('q0krpuwc2faij2b5c0wyk73y247ysd01zdaa6p274dp2nb2bei','Hey Mor','4nnmda2dn19881v',100,'POP','1zsPaEkglFvxjAhrM8yhpr','https://p.scdn.co/mp3-preview/cd2d2242b748408da15c2b66f47d54b3f0793ae0?cid=6c77115735724c94af0b7a434aef3fc3','2023-11-17 17:00:08.000');
INSERT INTO `album_songs`(`album_id`, `song_id`, `order`) VALUES ('qmd53jvs0u8gwdmhg7kumear8apthqluf6n70djix9h48k7fcz', 'q0krpuwc2faij2b5c0wyk73y247ysd01zdaa6p274dp2nb2bei', '0');
-- Chris Molitor
INSERT INTO `auth_user` (`id`, `username`, `email`, `profile_image_url`, `created_at`) VALUES ('akv3nu49iw1icl7', 'Chris Molitor', '49@artist.com', 'https://i.scdn.co/image/ab6761610000e5eb03851b1c2471a8c0b57371c4','2023-11-17 17:00:08.000');
INSERT INTO `user_key` (`id`, `user_id`, `hashed_password`) VALUES ('email:49@artist.com', 'akv3nu49iw1icl7', 's2:ypixvsa9kdptdm5e:9772b9b97a807a7f47ec6097088d2a4024dba58149f0ca73e063e373505e7d6d73558d9111681e34fee10c4b14d8ee4af03030521f41d555cc1fef79872ce189');
INSERT INTO `artist` (`id`, `bio`, `name`) VALUES ('akv3nu49iw1icl7', 'Delivering heartfelt music that speaks to the soul, blending folk and indie vibes.', 'Chris Molitor');
INSERT INTO `album` (`id`, `artist_id`, `cover_image_url`, `name`, `created_at`) VALUES ('3l5ce2vy4nuqsgjg6pc1j35r31cvo1d1ar9p9tlhogiwhs9dub','akv3nu49iw1icl7', 'https://i.scdn.co/image/ab67616d0000b273be011d16b9360a7dee109774', 'Chris Molitor Album','2023-11-17 17:00:08.000');
INSERT INTO `song` (`id`, `name`, `artist_id`,`duration`, `genre`, `spotify_id`, `preview_url`, `created_at`) VALUES ('902ehctyjkrddzh4mrcmvv59gmt5y1cn8til6avdghlzqseiza','Yellow','akv3nu49iw1icl7',100,'POP','6tvs7zEP8d1SBgSqZQ84OT','https://p.scdn.co/mp3-preview/ea93f9b43fc638111ad661719037bfb88cd9c05d?cid=6c77115735724c94af0b7a434aef3fc3','2023-11-17 17:00:08.000');
INSERT INTO `album_songs`(`album_id`, `song_id`, `order`) VALUES ('3l5ce2vy4nuqsgjg6pc1j35r31cvo1d1ar9p9tlhogiwhs9dub', '902ehctyjkrddzh4mrcmvv59gmt5y1cn8til6avdghlzqseiza', '0');
-- Libianca
INSERT INTO `auth_user` (`id`, `username`, `email`, `profile_image_url`, `created_at`) VALUES ('a50dz8cjvma4vp5', 'Libianca', '50@artist.com', 'https://i.scdn.co/image/ab6761610000e5eb6a42e7c32ead029c0285c12f','2023-11-17 17:00:08.000');
INSERT INTO `user_key` (`id`, `user_id`, `hashed_password`) VALUES ('email:50@artist.com', 'a50dz8cjvma4vp5', 's2:ypixvsa9kdptdm5e:9772b9b97a807a7f47ec6097088d2a4024dba58149f0ca73e063e373505e7d6d73558d9111681e34fee10c4b14d8ee4af03030521f41d555cc1fef79872ce189');
INSERT INTO `artist` (`id`, `bio`, `name`) VALUES ('a50dz8cjvma4vp5', 'A fresh talent, blending Afrobeat rhythms with soulful melodies.', 'Libianca');
INSERT INTO `album` (`id`, `artist_id`, `cover_image_url`, `name`, `created_at`) VALUES ('e50v8p2q1me76u16wmf8hh6u8t3z2roqza3k7ppwzskxalkon1','a50dz8cjvma4vp5', 'https://i.scdn.co/image/ab67616d0000b273fc342f95f117d48dbdde9735', 'Libianca Album','2023-11-17 17:00:08.000');
INSERT INTO `song` (`id`, `name`, `artist_id`,`duration`, `genre`, `spotify_id`, `preview_url`, `created_at`) VALUES ('ji92w35cqj0h8hlrkd01ejeyly9mssmvt4057ymnl06gmfw8up','People','a50dz8cjvma4vp5',100,'POP','26b3oVLrRUaaybJulow9kz','https://p.scdn.co/mp3-preview/abcbc9adf10ae4901b40b80a30dc194d589c2d62?cid=6c77115735724c94af0b7a434aef3fc3','2023-11-17 17:00:08.000');
INSERT INTO `album_songs`(`album_id`, `song_id`, `order`) VALUES ('e50v8p2q1me76u16wmf8hh6u8t3z2roqza3k7ppwzskxalkon1', 'ji92w35cqj0h8hlrkd01ejeyly9mssmvt4057ymnl06gmfw8up', '0');
-- Glass Animals
INSERT INTO `auth_user` (`id`, `username`, `email`, `profile_image_url`, `created_at`) VALUES ('zxwzlpqax5etpip', 'Glass Animals', '51@artist.com', 'https://i.scdn.co/image/ab6761610000e5eb66b27eccb69756f8eceabc23','2023-11-17 17:00:08.000');
INSERT INTO `user_key` (`id`, `user_id`, `hashed_password`) VALUES ('email:51@artist.com', 'zxwzlpqax5etpip', 's2:ypixvsa9kdptdm5e:9772b9b97a807a7f47ec6097088d2a4024dba58149f0ca73e063e373505e7d6d73558d9111681e34fee10c4b14d8ee4af03030521f41d555cc1fef79872ce189');
INSERT INTO `artist` (`id`, `bio`, `name`) VALUES ('zxwzlpqax5etpip', 'Crafting psychedelic pop with intricate melodies and immersive soundscapes.', 'Glass Animals');
INSERT INTO `album` (`id`, `artist_id`, `cover_image_url`, `name`, `created_at`) VALUES ('2c9pmt5697gbnayjjml543em43qv892vzy0ekm3j2aeykxtu09','zxwzlpqax5etpip', 'https://i.scdn.co/image/ab67616d0000b273712701c5e263efc8726b1464', 'Glass Animals Album','2023-11-17 17:00:08.000');
INSERT INTO `song` (`id`, `name`, `artist_id`,`duration`, `genre`, `spotify_id`, `preview_url`, `created_at`) VALUES ('n8mgd7d4880pzz6bafsyv50kf2288umr5nwjlkiqxf7hefo0i9','Heat Waves','zxwzlpqax5etpip',100,'POP','3USxtqRwSYz57Ewm6wWRMp',NULL,'2023-11-17 17:00:08.000');
INSERT INTO `album_songs`(`album_id`, `song_id`, `order`) VALUES ('2c9pmt5697gbnayjjml543em43qv892vzy0ekm3j2aeykxtu09', 'n8mgd7d4880pzz6bafsyv50kf2288umr5nwjlkiqxf7hefo0i9', '0');
-- JVKE
INSERT INTO `auth_user` (`id`, `username`, `email`, `profile_image_url`, `created_at`) VALUES ('7m3hsvxft9clxzd', 'JVKE', '52@artist.com', 'https://i.scdn.co/image/ab6761610000e5ebce33386a81a202e149934ec1','2023-11-17 17:00:08.000');
INSERT INTO `user_key` (`id`, `user_id`, `hashed_password`) VALUES ('email:52@artist.com', '7m3hsvxft9clxzd', 's2:ypixvsa9kdptdm5e:9772b9b97a807a7f47ec6097088d2a4024dba58149f0ca73e063e373505e7d6d73558d9111681e34fee10c4b14d8ee4af03030521f41d555cc1fef79872ce189');
INSERT INTO `artist` (`id`, `bio`, `name`) VALUES ('7m3hsvxft9clxzd', 'A rising star, blending heartfelt lyrics with catchy pop melodies.', 'JVKE');
INSERT INTO `album` (`id`, `artist_id`, `cover_image_url`, `name`, `created_at`) VALUES ('dwoym01nob6j7z7phynjxktup35vbczru0d4qu33uenocbw6ux','7m3hsvxft9clxzd', 'https://i.scdn.co/image/ab67616d0000b273c2504e80ba2f258697ab2954', 'JVKE Album','2023-11-17 17:00:08.000');
INSERT INTO `song` (`id`, `name`, `artist_id`,`duration`, `genre`, `spotify_id`, `preview_url`, `created_at`) VALUES ('rc5wwapdmxp02k71cletxsbzvlxj335fcm8zxbh7itowvou3hs','golden hour','7m3hsvxft9clxzd',100,'POP','5odlY52u43F5BjByhxg7wg','https://p.scdn.co/mp3-preview/bcc17f30841d6fbf3cd7954c3e3cf669f11b6a21?cid=6c77115735724c94af0b7a434aef3fc3','2023-11-17 17:00:08.000');
INSERT INTO `album_songs`(`album_id`, `song_id`, `order`) VALUES ('dwoym01nob6j7z7phynjxktup35vbczru0d4qu33uenocbw6ux', 'rc5wwapdmxp02k71cletxsbzvlxj335fcm8zxbh7itowvou3hs', '0');
-- The Neighbourhood
INSERT INTO `auth_user` (`id`, `username`, `email`, `profile_image_url`, `created_at`) VALUES ('6pse29k7ct7bmc1', 'The Neighbourhood', '53@artist.com', 'https://i.scdn.co/image/ab6761610000e5ebdf0b5ac84376a0a4b2166816','2023-11-17 17:00:08.000');
INSERT INTO `user_key` (`id`, `user_id`, `hashed_password`) VALUES ('email:53@artist.com', '6pse29k7ct7bmc1', 's2:ypixvsa9kdptdm5e:9772b9b97a807a7f47ec6097088d2a4024dba58149f0ca73e063e373505e7d6d73558d9111681e34fee10c4b14d8ee4af03030521f41d555cc1fef79872ce189');
INSERT INTO `artist` (`id`, `bio`, `name`) VALUES ('6pse29k7ct7bmc1', 'Melding alternative rock with introspective lyrics.', 'The Neighbourhood');
INSERT INTO `album` (`id`, `artist_id`, `cover_image_url`, `name`, `created_at`) VALUES ('w4x702zjrwx0h5tmvvcxwv5xvfx1d9ear8e82dvrd1yctx8l2h','6pse29k7ct7bmc1', 'https://i.scdn.co/image/ab67616d0000b2738265a736a1eb838ad5a0b921', 'The Neighbourhood Album','2023-11-17 17:00:08.000');
INSERT INTO `song` (`id`, `name`, `artist_id`,`duration`, `genre`, `spotify_id`, `preview_url`, `created_at`) VALUES ('rkargqjsn50t5v8ipjhiijet58hmrdzlshcf9h77h0t9p6k7fh','Sweater Weather','6pse29k7ct7bmc1',100,'POP','2QjOHCTQ1Jl3zawyYOpxh6','https://p.scdn.co/mp3-preview/877602f424a9dea277b13301ffc516f9fd1fbe7e?cid=6c77115735724c94af0b7a434aef3fc3','2023-11-17 17:00:08.000');
INSERT INTO `album_songs`(`album_id`, `song_id`, `order`) VALUES ('w4x702zjrwx0h5tmvvcxwv5xvfx1d9ear8e82dvrd1yctx8l2h', 'rkargqjsn50t5v8ipjhiijet58hmrdzlshcf9h77h0t9p6k7fh', '0');
-- Coldplay
INSERT INTO `auth_user` (`id`, `username`, `email`, `profile_image_url`, `created_at`) VALUES ('fwnymqk4w32vdtx', 'Coldplay', '54@artist.com', 'https://i.scdn.co/image/ab6761610000e5eb989ed05e1f0570cc4726c2d3','2023-11-17 17:00:08.000');
INSERT INTO `user_key` (`id`, `user_id`, `hashed_password`) VALUES ('email:54@artist.com', 'fwnymqk4w32vdtx', 's2:ypixvsa9kdptdm5e:9772b9b97a807a7f47ec6097088d2a4024dba58149f0ca73e063e373505e7d6d73558d9111681e34fee10c4b14d8ee4af03030521f41d555cc1fef79872ce189');
INSERT INTO `artist` (`id`, `bio`, `name`) VALUES ('fwnymqk4w32vdtx', 'Global icons in rock, known for their anthemic songs and impactful lyrics.', 'Coldplay');
INSERT INTO `album` (`id`, `artist_id`, `cover_image_url`, `name`, `created_at`) VALUES ('cki22xk62tnv573rrz1e1oac40rq3is45sazxzkfxoqywfbkdx','fwnymqk4w32vdtx', 'https://i.scdn.co/image/ab67616d0000b273e21cc1db05580b6f2d2a3b6e', 'Coldplay Album','2023-11-17 17:00:08.000');
INSERT INTO `song` (`id`, `name`, `artist_id`,`duration`, `genre`, `spotify_id`, `preview_url`, `created_at`) VALUES ('cc7wf1fj9uh355nf9760t7pnnmssytv36hrc7yr8837y3mo8s9','Viva La Vida','fwnymqk4w32vdtx',100,'POP','1mea3bSkSGXuIRvnydlB5b','https://p.scdn.co/mp3-preview/fb9f4a9b0887326776b4fb7c6d331acd167a7778?cid=6c77115735724c94af0b7a434aef3fc3','2023-11-17 17:00:08.000');
INSERT INTO `album_songs`(`album_id`, `song_id`, `order`) VALUES ('cki22xk62tnv573rrz1e1oac40rq3is45sazxzkfxoqywfbkdx', 'cc7wf1fj9uh355nf9760t7pnnmssytv36hrc7yr8837y3mo8s9', '0');
-- d4vd
INSERT INTO `auth_user` (`id`, `username`, `email`, `profile_image_url`, `created_at`) VALUES ('xxo3drh757gg5g4', 'd4vd', '55@artist.com', 'https://i.scdn.co/image/ab6761610000e5ebad447187a35f422307e88ad3','2023-11-17 17:00:08.000');
INSERT INTO `user_key` (`id`, `user_id`, `hashed_password`) VALUES ('email:55@artist.com', 'xxo3drh757gg5g4', 's2:ypixvsa9kdptdm5e:9772b9b97a807a7f47ec6097088d2a4024dba58149f0ca73e063e373505e7d6d73558d9111681e34fee10c4b14d8ee4af03030521f41d555cc1fef79872ce189');
INSERT INTO `artist` (`id`, `bio`, `name`) VALUES ('xxo3drh757gg5g4', 'Harnessing the power of melody to tell compelling stories.', 'd4vd');
INSERT INTO `album` (`id`, `artist_id`, `cover_image_url`, `name`, `created_at`) VALUES ('ysj1lggkk6jn05cx26byoou5h1ofw4tlchbisx9xqmddes66ne','xxo3drh757gg5g4', 'https://i.scdn.co/image/ab67616d0000b27364fa1bda999f4fbd2b7c4bb7', 'd4vd Album','2023-11-17 17:00:08.000');
INSERT INTO `song` (`id`, `name`, `artist_id`,`duration`, `genre`, `spotify_id`, `preview_url`, `created_at`) VALUES ('5dutmndbyn8q0dmucstrz53ptq1jkhx5sv5r7lw1qz7urup13d','Here With Me','xxo3drh757gg5g4',100,'POP','5LrN7yUQAzvthd4QujgPFr',NULL,'2023-11-17 17:00:08.000');
INSERT INTO `album_songs`(`album_id`, `song_id`, `order`) VALUES ('ysj1lggkk6jn05cx26byoou5h1ofw4tlchbisx9xqmddes66ne', '5dutmndbyn8q0dmucstrz53ptq1jkhx5sv5r7lw1qz7urup13d', '0');
-- Sam Smith
INSERT INTO `auth_user` (`id`, `username`, `email`, `profile_image_url`, `created_at`) VALUES ('lca80r9wdoso4s2', 'Sam Smith', '56@artist.com', 'https://i.scdn.co/image/c589b50021995a40811097e48a9c65f9c4b423ea','2023-11-17 17:00:08.000');
INSERT INTO `user_key` (`id`, `user_id`, `hashed_password`) VALUES ('email:56@artist.com', 'lca80r9wdoso4s2', 's2:ypixvsa9kdptdm5e:9772b9b97a807a7f47ec6097088d2a4024dba58149f0ca73e063e373505e7d6d73558d9111681e34fee10c4b14d8ee4af03030521f41d555cc1fef79872ce189');
INSERT INTO `artist` (`id`, `bio`, `name`) VALUES ('lca80r9wdoso4s2', 'A soulful voice delivering deep emotional resonance.', 'Sam Smith');
INSERT INTO `album` (`id`, `artist_id`, `cover_image_url`, `name`, `created_at`) VALUES ('qg6kjnm31v0x7ljmd6hjiwgdni1m946421bw77ub29w52cwilm','lca80r9wdoso4s2', 'https://i.scdn.co/image/ab67616d0000b273a935e4689f15953311772cc4', 'Sam Smith Album','2023-11-17 17:00:08.000');
INSERT INTO `song` (`id`, `name`, `artist_id`,`duration`, `genre`, `spotify_id`, `preview_url`, `created_at`) VALUES ('dsv040jgvfq3lzpn74ixbhpkc0ozpp53lu7tmprnlpxnwol9t8','Unholy (feat. Kim Petras)','lca80r9wdoso4s2',100,'POP','3nqQXoyQOWXiESFLlDF1hG',NULL,'2023-11-17 17:00:08.000');
INSERT INTO `album_songs`(`album_id`, `song_id`, `order`) VALUES ('qg6kjnm31v0x7ljmd6hjiwgdni1m946421bw77ub29w52cwilm', 'dsv040jgvfq3lzpn74ixbhpkc0ozpp53lu7tmprnlpxnwol9t8', '0');
-- Yandel
INSERT INTO `auth_user` (`id`, `username`, `email`, `profile_image_url`, `created_at`) VALUES ('poebfbysi7c7rys', 'Yandel', '57@artist.com', 'https://i.scdn.co/image/ab6761610000e5eb7dbaf2fabcbd4b37168397fd','2023-11-17 17:00:08.000');
INSERT INTO `user_key` (`id`, `user_id`, `hashed_password`) VALUES ('email:57@artist.com', 'poebfbysi7c7rys', 's2:ypixvsa9kdptdm5e:9772b9b97a807a7f47ec6097088d2a4024dba58149f0ca73e063e373505e7d6d73558d9111681e34fee10c4b14d8ee4af03030521f41d555cc1fef79872ce189');
INSERT INTO `artist` (`id`, `bio`, `name`) VALUES ('poebfbysi7c7rys', 'A powerhouse of reggaeton, blending rhythms that move the soul.', 'Yandel');
INSERT INTO `album` (`id`, `artist_id`, `cover_image_url`, `name`, `created_at`) VALUES ('a00n794efrtqs5r2p4ths21o7qacspenow2n1q18bmvlklozc2','poebfbysi7c7rys', 'https://i.scdn.co/image/ab67616d0000b273b2aec01b56eeb74610532700', 'Yandel Album','2023-11-17 17:00:08.000');
INSERT INTO `song` (`id`, `name`, `artist_id`,`duration`, `genre`, `spotify_id`, `preview_url`, `created_at`) VALUES ('bogyvta4mor1x2xuvble3brfrccpojlcj2fi1k8af3zj6wnkf6','Yandel 150','poebfbysi7c7rys',100,'POP','4FAKtPVycI4DxoOHC01YqD','https://p.scdn.co/mp3-preview/338ed053ce26ccc3313b00b5e6153e60ffd2eb19?cid=6c77115735724c94af0b7a434aef3fc3','2023-11-17 17:00:08.000');
INSERT INTO `album_songs`(`album_id`, `song_id`, `order`) VALUES ('a00n794efrtqs5r2p4ths21o7qacspenow2n1q18bmvlklozc2', 'bogyvta4mor1x2xuvble3brfrccpojlcj2fi1k8af3zj6wnkf6', '0');
-- Maria Becerra
INSERT INTO `auth_user` (`id`, `username`, `email`, `profile_image_url`, `created_at`) VALUES ('6jjmblt4kbdugla', 'Maria Becerra', '58@artist.com', 'https://i.scdn.co/image/ab6761610000e5ebb6cfa517b8f5a152d63c4ffb','2023-11-17 17:00:08.000');
INSERT INTO `user_key` (`id`, `user_id`, `hashed_password`) VALUES ('email:58@artist.com', '6jjmblt4kbdugla', 's2:ypixvsa9kdptdm5e:9772b9b97a807a7f47ec6097088d2a4024dba58149f0ca73e063e373505e7d6d73558d9111681e34fee10c4b14d8ee4af03030521f41d555cc1fef79872ce189');
INSERT INTO `artist` (`id`, `bio`, `name`) VALUES ('6jjmblt4kbdugla', 'A vibrant new voice in Latin pop, fusing catchy melodies with urban sounds.', 'Maria Becerra');
INSERT INTO `album` (`id`, `artist_id`, `cover_image_url`, `name`, `created_at`) VALUES ('l1kb2153i1s3szqnlr47nwarxuybqdisy84tku4b6qrtap3zvf','6jjmblt4kbdugla', NULL, 'Maria Becerra Album','2023-11-17 17:00:08.000');
INSERT INTO `song` (`id`, `name`, `artist_id`,`duration`, `genre`, `spotify_id`, `preview_url`, `created_at`) VALUES ('usup81wxrkuaiue33amuvsd36x8ysnopornchidshsjgbysd7e','CORAZN VA','6jjmblt4kbdugla',100,'POP',NULL,NULL,'2023-11-17 17:00:08.000');
INSERT INTO `album_songs`(`album_id`, `song_id`, `order`) VALUES ('l1kb2153i1s3szqnlr47nwarxuybqdisy84tku4b6qrtap3zvf', 'usup81wxrkuaiue33amuvsd36x8ysnopornchidshsjgbysd7e', '0');
-- Vance Joy
INSERT INTO `auth_user` (`id`, `username`, `email`, `profile_image_url`, `created_at`) VALUES ('mha53oy9tig8tis', 'Vance Joy', '59@artist.com', 'https://i.scdn.co/image/ab6761610000e5eb8f074ec8c25406680bf26422','2023-11-17 17:00:08.000');
INSERT INTO `user_key` (`id`, `user_id`, `hashed_password`) VALUES ('email:59@artist.com', 'mha53oy9tig8tis', 's2:ypixvsa9kdptdm5e:9772b9b97a807a7f47ec6097088d2a4024dba58149f0ca73e063e373505e7d6d73558d9111681e34fee10c4b14d8ee4af03030521f41d555cc1fef79872ce189');
INSERT INTO `artist` (`id`, `bio`, `name`) VALUES ('mha53oy9tig8tis', 'Crafting folk-pop anthems that resonate with heartfelt sincerity.', 'Vance Joy');
INSERT INTO `album` (`id`, `artist_id`, `cover_image_url`, `name`, `created_at`) VALUES ('r9u7q46q0oaybtfje0eulcd535tle92nhqd09bu9j3smems8yi','mha53oy9tig8tis', 'https://i.scdn.co/image/ab67616d0000b273a9929deb093a6617d2493b03', 'Vance Joy Album','2023-11-17 17:00:08.000');
INSERT INTO `song` (`id`, `name`, `artist_id`,`duration`, `genre`, `spotify_id`, `preview_url`, `created_at`) VALUES ('e0pg3l18fu35eh63c4fyk1n7p43k8iwn9r1xej1vvdcyfhgr7c','Riptide','mha53oy9tig8tis',100,'POP','3JvrhDOgAt6p7K8mDyZwRd','https://p.scdn.co/mp3-preview/74698d907d114f4ba0b2c129bbf260724be80b64?cid=6c77115735724c94af0b7a434aef3fc3','2023-11-17 17:00:08.000');
INSERT INTO `album_songs`(`album_id`, `song_id`, `order`) VALUES ('r9u7q46q0oaybtfje0eulcd535tle92nhqd09bu9j3smems8yi', 'e0pg3l18fu35eh63c4fyk1n7p43k8iwn9r1xej1vvdcyfhgr7c', '0');
-- Em Beihold
INSERT INTO `auth_user` (`id`, `username`, `email`, `profile_image_url`, `created_at`) VALUES ('5li93u4it6kok11', 'Em Beihold', '60@artist.com', 'https://i.scdn.co/image/ab6761610000e5eb1e97fce6fa6fc4ebc3ebda25','2023-11-17 17:00:08.000');
INSERT INTO `user_key` (`id`, `user_id`, `hashed_password`) VALUES ('email:60@artist.com', '5li93u4it6kok11', 's2:ypixvsa9kdptdm5e:9772b9b97a807a7f47ec6097088d2a4024dba58149f0ca73e063e373505e7d6d73558d9111681e34fee10c4b14d8ee4af03030521f41d555cc1fef79872ce189');
INSERT INTO `artist` (`id`, `bio`, `name`) VALUES ('5li93u4it6kok11', 'A voice that captivates, combining depth of lyrics with a melodic finesse.', 'Em Beihold');
INSERT INTO `album` (`id`, `artist_id`, `cover_image_url`, `name`, `created_at`) VALUES ('ml21wphitiuz1gktuzl330ajpwrehrag7e7taap7kk3lhd27vs','5li93u4it6kok11', NULL, 'Em Beihold Album','2023-11-17 17:00:08.000');
INSERT INTO `song` (`id`, `name`, `artist_id`,`duration`, `genre`, `spotify_id`, `preview_url`, `created_at`) VALUES ('yf13oco1nga8if03ohp4rsyp2n3tiuuxuecz6xsjtlmrzyg0mk','Until I Found You (with Em Beihold) - Em Beihold Version','5li93u4it6kok11',100,'POP',NULL,NULL,'2023-11-17 17:00:08.000');
INSERT INTO `album_songs`(`album_id`, `song_id`, `order`) VALUES ('ml21wphitiuz1gktuzl330ajpwrehrag7e7taap7kk3lhd27vs', 'yf13oco1nga8if03ohp4rsyp2n3tiuuxuecz6xsjtlmrzyg0mk', '0');
-- Mc Livinho
INSERT INTO `auth_user` (`id`, `username`, `email`, `profile_image_url`, `created_at`) VALUES ('wu262ld5ews2046', 'Mc Livinho', '61@artist.com', 'https://i.scdn.co/image/ab6761610000e5ebd353ef9564cfbb5f2b3bffb2','2023-11-17 17:00:08.000');
INSERT INTO `user_key` (`id`, `user_id`, `hashed_password`) VALUES ('email:61@artist.com', 'wu262ld5ews2046', 's2:ypixvsa9kdptdm5e:9772b9b97a807a7f47ec6097088d2a4024dba58149f0ca73e063e373505e7d6d73558d9111681e34fee10c4b14d8ee4af03030521f41d555cc1fef79872ce189');
INSERT INTO `artist` (`id`, `bio`, `name`) VALUES ('wu262ld5ews2046', 'Bringing Brazilian funk rhythms to the global music stage.', 'Mc Livinho');
INSERT INTO `album` (`id`, `artist_id`, `cover_image_url`, `name`, `created_at`) VALUES ('zmvdg4a5dracmt7pbu6vu035ns52xoccj17dkpqe01sygmhv1s','wu262ld5ews2046', 'https://i.scdn.co/image/ab67616d0000b273369c960fed23353176da1218', 'Mc Livinho Album','2023-11-17 17:00:08.000');
INSERT INTO `song` (`id`, `name`, `artist_id`,`duration`, `genre`, `spotify_id`, `preview_url`, `created_at`) VALUES ('ukfu741tz0tu3i73kyepvg16bea624ulw6bi4nxsrbokk9wj3e','Novidade na ','wu262ld5ews2046',100,'POP','2uhw2oYbugGJbn10wipNX5','https://p.scdn.co/mp3-preview/6bff8c1079d87a672d6b9ee5c3c6ca5e7d9ff45b?cid=6c77115735724c94af0b7a434aef3fc3','2023-11-17 17:00:08.000');
INSERT INTO `album_songs`(`album_id`, `song_id`, `order`) VALUES ('zmvdg4a5dracmt7pbu6vu035ns52xoccj17dkpqe01sygmhv1s', 'ukfu741tz0tu3i73kyepvg16bea624ulw6bi4nxsrbokk9wj3e', '0');
-- Justin Bieber
INSERT INTO `auth_user` (`id`, `username`, `email`, `profile_image_url`, `created_at`) VALUES ('b14774bwe9sgcv1', 'Justin Bieber', '62@artist.com', NULL,'2023-11-17 17:00:08.000');
INSERT INTO `user_key` (`id`, `user_id`, `hashed_password`) VALUES ('email:62@artist.com', 'b14774bwe9sgcv1', 's2:ypixvsa9kdptdm5e:9772b9b97a807a7f47ec6097088d2a4024dba58149f0ca73e063e373505e7d6d73558d9111681e34fee10c4b14d8ee4af03030521f41d555cc1fef79872ce189');
INSERT INTO `artist` (`id`, `bio`, `name`) VALUES ('b14774bwe9sgcv1', 'From teen idol to global pop star, constantly evolving his sound.', 'Justin Bieber');
INSERT INTO `album` (`id`, `artist_id`, `cover_image_url`, `name`, `created_at`) VALUES ('kmmy47c8u78re5kfajlknam01sewof1z1ekvnncj7l4pzrty01','b14774bwe9sgcv1', NULL, 'Justin Bieber Album','2023-11-17 17:00:08.000');
INSERT INTO `song` (`id`, `name`, `artist_id`,`duration`, `genre`, `spotify_id`, `preview_url`, `created_at`) VALUES ('8u50t0xpo05lkoqskid0ia4h29xo0us0rr0awcwlc3668umjhm','STAY (with Justin Bieber)','b14774bwe9sgcv1',100,'POP',NULL,NULL,'2023-11-17 17:00:08.000');
INSERT INTO `album_songs`(`album_id`, `song_id`, `order`) VALUES ('kmmy47c8u78re5kfajlknam01sewof1z1ekvnncj7l4pzrty01', '8u50t0xpo05lkoqskid0ia4h29xo0us0rr0awcwlc3668umjhm', '0');
-- Marshmello
INSERT INTO `auth_user` (`id`, `username`, `email`, `profile_image_url`, `created_at`) VALUES ('j4hnl564ge8uphl', 'Marshmello', '63@artist.com', 'https://i.scdn.co/image/ab6761610000e5eb41e4a3b8c1d45a9e49b6de21','2023-11-17 17:00:08.000');
INSERT INTO `user_key` (`id`, `user_id`, `hashed_password`) VALUES ('email:63@artist.com', 'j4hnl564ge8uphl', 's2:ypixvsa9kdptdm5e:9772b9b97a807a7f47ec6097088d2a4024dba58149f0ca73e063e373505e7d6d73558d9111681e34fee10c4b14d8ee4af03030521f41d555cc1fef79872ce189');
INSERT INTO `artist` (`id`, `bio`, `name`) VALUES ('j4hnl564ge8uphl', 'An electronic music maestro known for his infectious beats.', 'Marshmello');
INSERT INTO `album` (`id`, `artist_id`, `cover_image_url`, `name`, `created_at`) VALUES ('ier7nykklbvh41fl5s2rffbh6xvboe77j8c734fz88cptkyekk','j4hnl564ge8uphl', 'https://i.scdn.co/image/ab67616d0000b273f404676577626a87d92cf33f', 'Marshmello Album','2023-11-17 17:00:08.000');
INSERT INTO `song` (`id`, `name`, `artist_id`,`duration`, `genre`, `spotify_id`, `preview_url`, `created_at`) VALUES ('koemn5fmfqjqpabkazs27h05j7birdu0avujt1axb290vkgodg','El Merengue','j4hnl564ge8uphl',100,'POP','51FvjPEGKq2zByeeEQ43V9','https://p.scdn.co/mp3-preview/a933b6e1d6a47e591c13192f2b5e58739d3d5a06?cid=6c77115735724c94af0b7a434aef3fc3','2023-11-17 17:00:08.000');
INSERT INTO `album_songs`(`album_id`, `song_id`, `order`) VALUES ('ier7nykklbvh41fl5s2rffbh6xvboe77j8c734fz88cptkyekk', 'koemn5fmfqjqpabkazs27h05j7birdu0avujt1axb290vkgodg', '0');
-- Lewis Capaldi
INSERT INTO `auth_user` (`id`, `username`, `email`, `profile_image_url`, `created_at`) VALUES ('f0f89u3rtk6t1as', 'Lewis Capaldi', '64@artist.com', 'https://i.scdn.co/image/ab6761610000e5ebea7538654040e553a7b0fc28','2023-11-17 17:00:08.000');
INSERT INTO `user_key` (`id`, `user_id`, `hashed_password`) VALUES ('email:64@artist.com', 'f0f89u3rtk6t1as', 's2:ypixvsa9kdptdm5e:9772b9b97a807a7f47ec6097088d2a4024dba58149f0ca73e063e373505e7d6d73558d9111681e34fee10c4b14d8ee4af03030521f41d555cc1fef79872ce189');
INSERT INTO `artist` (`id`, `bio`, `name`) VALUES ('f0f89u3rtk6t1as', 'Delivering emotional ballads with his powerful, soul-stirring voice.', 'Lewis Capaldi');
INSERT INTO `album` (`id`, `artist_id`, `cover_image_url`, `name`, `created_at`) VALUES ('3ismrhjifypvcc4syi35batput3hm7fzss8ok04m0f6inb1kqc','f0f89u3rtk6t1as', 'https://i.scdn.co/image/ab67616d0000b273fc2101e6889d6ce9025f85f2', 'Lewis Capaldi Album','2023-11-17 17:00:08.000');
INSERT INTO `song` (`id`, `name`, `artist_id`,`duration`, `genre`, `spotify_id`, `preview_url`, `created_at`) VALUES ('d047nf8w7rjtav0fynfc7j7opozule52qb6le0mj6d1znaiysq','Someone You Loved','f0f89u3rtk6t1as',100,'POP','7qEHsqek33rTcFNT9PFqLf',NULL,'2023-11-17 17:00:08.000');
INSERT INTO `album_songs`(`album_id`, `song_id`, `order`) VALUES ('3ismrhjifypvcc4syi35batput3hm7fzss8ok04m0f6inb1kqc', 'd047nf8w7rjtav0fynfc7j7opozule52qb6le0mj6d1znaiysq', '0');
-- Chencho Corleone
INSERT INTO `auth_user` (`id`, `username`, `email`, `profile_image_url`, `created_at`) VALUES ('lkba94ubzz26wnc', 'Chencho Corleone', '65@artist.com', 'https://i.scdn.co/image/ab6761610000e5eb2e862710857d2b3e1b5fb4f4','2023-11-17 17:00:08.000');
INSERT INTO `user_key` (`id`, `user_id`, `hashed_password`) VALUES ('email:65@artist.com', 'lkba94ubzz26wnc', 's2:ypixvsa9kdptdm5e:9772b9b97a807a7f47ec6097088d2a4024dba58149f0ca73e063e373505e7d6d73558d9111681e34fee10c4b14d8ee4af03030521f41d555cc1fef79872ce189');
INSERT INTO `artist` (`id`, `bio`, `name`) VALUES ('lkba94ubzz26wnc', 'A dynamic presence in reggaeton, known for his catchy beats and vibrant performances.', 'Chencho Corleone');
INSERT INTO `album` (`id`, `artist_id`, `cover_image_url`, `name`, `created_at`) VALUES ('edy51vjcblljxxm3c34jf12s9mbcv9q0c3wl6oh39jkw0g1xkn','lkba94ubzz26wnc', NULL, 'Chencho Corleone Album','2023-11-17 17:00:08.000');
INSERT INTO `song` (`id`, `name`, `artist_id`,`duration`, `genre`, `spotify_id`, `preview_url`, `created_at`) VALUES ('5b2gn12qt0wquo165bzi1ry7dzjvb4stcr4spev3hcwoh2lz8r','Me Porto Bonito','lkba94ubzz26wnc',100,'POP',NULL,NULL,'2023-11-17 17:00:08.000');
INSERT INTO `album_songs`(`album_id`, `song_id`, `order`) VALUES ('edy51vjcblljxxm3c34jf12s9mbcv9q0c3wl6oh39jkw0g1xkn', '5b2gn12qt0wquo165bzi1ry7dzjvb4stcr4spev3hcwoh2lz8r', '0');
-- Jain
INSERT INTO `auth_user` (`id`, `username`, `email`, `profile_image_url`, `created_at`) VALUES ('7nh0sg38j9ek61i', 'Jain', '66@artist.com', 'https://i.scdn.co/image/ab6761610000e5eb673f287fead1f6c83b9b68ea','2023-11-17 17:00:08.000');
INSERT INTO `user_key` (`id`, `user_id`, `hashed_password`) VALUES ('email:66@artist.com', '7nh0sg38j9ek61i', 's2:ypixvsa9kdptdm5e:9772b9b97a807a7f47ec6097088d2a4024dba58149f0ca73e063e373505e7d6d73558d9111681e34fee10c4b14d8ee4af03030521f41d555cc1fef79872ce189');
INSERT INTO `artist` (`id`, `bio`, `name`) VALUES ('7nh0sg38j9ek61i', 'Mixing electronic beats with multicultural influences to create a unique sound.', 'Jain');
INSERT INTO `album` (`id`, `artist_id`, `cover_image_url`, `name`, `created_at`) VALUES ('z89ba4ax6hcgf11cqj4g7mu4fqh1py1zgutdpd4dq1sdrhirr3','7nh0sg38j9ek61i', 'https://i.scdn.co/image/ab67616d0000b27364ba66f8a81c52364e55db50', 'Jain Album','2023-11-17 17:00:08.000');
INSERT INTO `song` (`id`, `name`, `artist_id`,`duration`, `genre`, `spotify_id`, `preview_url`, `created_at`) VALUES ('a2v8ga7glmjcfucgaypazmnywm8gi9wb2w4mnv8k3siqbk9bsf','Makeba','7nh0sg38j9ek61i',100,'POP','4TNFLwe6DhtR3Wn1JKMqMJ','https://p.scdn.co/mp3-preview/41db29480f9d12734adf491d3b5dd4da1005047c?cid=6c77115735724c94af0b7a434aef3fc3','2023-11-17 17:00:08.000');
INSERT INTO `album_songs`(`album_id`, `song_id`, `order`) VALUES ('z89ba4ax6hcgf11cqj4g7mu4fqh1py1zgutdpd4dq1sdrhirr3', 'a2v8ga7glmjcfucgaypazmnywm8gi9wb2w4mnv8k3siqbk9bsf', '0');
-- Ayparia
INSERT INTO `auth_user` (`id`, `username`, `email`, `profile_image_url`, `created_at`) VALUES ('muiqlhb91g36ixq', 'Ayparia', '67@artist.com', 'https://i.scdn.co/image/ab6761610000e5eb85a54675cc99eca02c11797a','2023-11-17 17:00:08.000');
INSERT INTO `user_key` (`id`, `user_id`, `hashed_password`) VALUES ('email:67@artist.com', 'muiqlhb91g36ixq', 's2:ypixvsa9kdptdm5e:9772b9b97a807a7f47ec6097088d2a4024dba58149f0ca73e063e373505e7d6d73558d9111681e34fee10c4b14d8ee4af03030521f41d555cc1fef79872ce189');
INSERT INTO `artist` (`id`, `bio`, `name`) VALUES ('muiqlhb91g36ixq', 'Delivering a unique blend of sounds, showcasing versatility and artistic depth.', 'Ayparia');
INSERT INTO `album` (`id`, `artist_id`, `cover_image_url`, `name`, `created_at`) VALUES ('525x0p2pbk48z6kmtht6u6xch237ug4qgkiiqvayv3ph74dklv','muiqlhb91g36ixq', NULL, 'Ayparia Album','2023-11-17 17:00:08.000');
INSERT INTO `song` (`id`, `name`, `artist_id`,`duration`, `genre`, `spotify_id`, `preview_url`, `created_at`) VALUES ('qq76hzqergo8tppd9jnh2i7rbrpehn0j5qpzvir466hkvba5yi','MONTAGEM - FR PUNK','muiqlhb91g36ixq',100,'POP',NULL,NULL,'2023-11-17 17:00:08.000');
INSERT INTO `album_songs`(`album_id`, `song_id`, `order`) VALUES ('525x0p2pbk48z6kmtht6u6xch237ug4qgkiiqvayv3ph74dklv', 'qq76hzqergo8tppd9jnh2i7rbrpehn0j5qpzvir466hkvba5yi', '0');
-- Luke Combs
INSERT INTO `auth_user` (`id`, `username`, `email`, `profile_image_url`, `created_at`) VALUES ('am8pxgnt1oyhg57', 'Luke Combs', '68@artist.com', 'https://i.scdn.co/image/ab6761610000e5eb5db6179b28f7e3654898b279','2023-11-17 17:00:08.000');
INSERT INTO `user_key` (`id`, `user_id`, `hashed_password`) VALUES ('email:68@artist.com', 'am8pxgnt1oyhg57', 's2:ypixvsa9kdptdm5e:9772b9b97a807a7f47ec6097088d2a4024dba58149f0ca73e063e373505e7d6d73558d9111681e34fee10c4b14d8ee4af03030521f41d555cc1fef79872ce189');
INSERT INTO `artist` (`id`, `bio`, `name`) VALUES ('am8pxgnt1oyhg57', 'Reigniting country music with his powerful voice and relatable songs.', 'Luke Combs');
INSERT INTO `album` (`id`, `artist_id`, `cover_image_url`, `name`, `created_at`) VALUES ('0ow0ejrmu7z62nzb1j53b8nqn2d4s0wqzxenfydhwkhy6ndkkk','am8pxgnt1oyhg57', 'https://i.scdn.co/image/ab67616d0000b273ca650d3a95022e0490434ba1', 'Luke Combs Album','2023-11-17 17:00:08.000');
INSERT INTO `song` (`id`, `name`, `artist_id`,`duration`, `genre`, `spotify_id`, `preview_url`, `created_at`) VALUES ('a7psx7c33x1fjl70vh45g9bh84fcutq4gm8d6jkndbafkvm32t','Fast Car','am8pxgnt1oyhg57',100,'POP','1Lo0QY9cvc8sUB2vnIOxDT','https://p.scdn.co/mp3-preview/1dc0426c95058783e0fe1d70c41583ca98317108?cid=6c77115735724c94af0b7a434aef3fc3','2023-11-17 17:00:08.000');
INSERT INTO `album_songs`(`album_id`, `song_id`, `order`) VALUES ('0ow0ejrmu7z62nzb1j53b8nqn2d4s0wqzxenfydhwkhy6ndkkk', 'a7psx7c33x1fjl70vh45g9bh84fcutq4gm8d6jkndbafkvm32t', '0');
-- Doechii
INSERT INTO `auth_user` (`id`, `username`, `email`, `profile_image_url`, `created_at`) VALUES ('njdk11uskbiyo99', 'Doechii', '69@artist.com', 'https://i.scdn.co/image/ab6761610000e5eb5f9f729e1e5182fbf1030dbe','2023-11-17 17:00:08.000');
INSERT INTO `user_key` (`id`, `user_id`, `hashed_password`) VALUES ('email:69@artist.com', 'njdk11uskbiyo99', 's2:ypixvsa9kdptdm5e:9772b9b97a807a7f47ec6097088d2a4024dba58149f0ca73e063e373505e7d6d73558d9111681e34fee10c4b14d8ee4af03030521f41d555cc1fef79872ce189');
INSERT INTO `artist` (`id`, `bio`, `name`) VALUES ('njdk11uskbiyo99', 'Breaking barriers with her unique sound and powerful lyrical storytelling.', 'Doechii');
INSERT INTO `album` (`id`, `artist_id`, `cover_image_url`, `name`, `created_at`) VALUES ('x81lz26knpjpw34f9n54mgmxw6tb0uxfje3rnwgbngkciyh6x6','njdk11uskbiyo99', 'https://i.scdn.co/image/ab67616d0000b2732ee85751f6f503fa9a533eba', 'Doechii Album','2023-11-17 17:00:08.000');
INSERT INTO `song` (`id`, `name`, `artist_id`,`duration`, `genre`, `spotify_id`, `preview_url`, `created_at`) VALUES ('4vry857ffukhzrqgfympcbpwwuwzb678dbi0qrbmgzin8asex8','What It Is (Solo Version)','njdk11uskbiyo99',100,'POP','73RbfOTJIjHzi2pcVHjeHM',NULL,'2023-11-17 17:00:08.000');
INSERT INTO `album_songs`(`album_id`, `song_id`, `order`) VALUES ('x81lz26knpjpw34f9n54mgmxw6tb0uxfje3rnwgbngkciyh6x6', '4vry857ffukhzrqgfympcbpwwuwzb678dbi0qrbmgzin8asex8', '0');
-- Jung Kook
INSERT INTO `auth_user` (`id`, `username`, `email`, `profile_image_url`, `created_at`) VALUES ('w5cor6zhk8r5q9a', 'Jung Kook', '70@artist.com', 'https://i.scdn.co/image/ab6761610000e5eb40a7268dd742e5f63759b960','2023-11-17 17:00:08.000');
INSERT INTO `user_key` (`id`, `user_id`, `hashed_password`) VALUES ('email:70@artist.com', 'w5cor6zhk8r5q9a', 's2:ypixvsa9kdptdm5e:9772b9b97a807a7f47ec6097088d2a4024dba58149f0ca73e063e373505e7d6d73558d9111681e34fee10c4b14d8ee4af03030521f41d555cc1fef79872ce189');
INSERT INTO `artist` (`id`, `bio`, `name`) VALUES ('w5cor6zhk8r5q9a', 'A member of BTS, captivating fans with his powerful vocals and dynamic performances.', 'Jung Kook');
INSERT INTO `album` (`id`, `artist_id`, `cover_image_url`, `name`, `created_at`) VALUES ('07zab8fdl4ozdu7qa77pu6mrew1eeekqexualfvdkstsdjufor','w5cor6zhk8r5q9a', 'https://i.scdn.co/image/ab67616d0000b273a7f42c375578df426b37638d', 'Jung Kook Album','2023-11-17 17:00:08.000');
INSERT INTO `song` (`id`, `name`, `artist_id`,`duration`, `genre`, `spotify_id`, `preview_url`, `created_at`) VALUES ('1rv9wujez5xkcxm26gh44zld6iif1e22u7r0tdzm7afmv4l77h','Still With You','w5cor6zhk8r5q9a',100,'POP','0eFMbKCRw8KByXyWBw8WO7','https://p.scdn.co/mp3-preview/af2a740e10a6956dedd7e7f66fd65d7166e9187f?cid=6c77115735724c94af0b7a434aef3fc3','2023-11-17 17:00:08.000');
INSERT INTO `album_songs`(`album_id`, `song_id`, `order`) VALUES ('07zab8fdl4ozdu7qa77pu6mrew1eeekqexualfvdkstsdjufor', '1rv9wujez5xkcxm26gh44zld6iif1e22u7r0tdzm7afmv4l77h', '0');
-- J. Cole
INSERT INTO `auth_user` (`id`, `username`, `email`, `profile_image_url`, `created_at`) VALUES ('5mv0413csjvdubb', 'J. Cole', '71@artist.com', 'https://i.scdn.co/image/ab67616d0000b273d092fc596478080bb0e06aea','2023-11-17 17:00:08.000');
INSERT INTO `user_key` (`id`, `user_id`, `hashed_password`) VALUES ('email:71@artist.com', '5mv0413csjvdubb', 's2:ypixvsa9kdptdm5e:9772b9b97a807a7f47ec6097088d2a4024dba58149f0ca73e063e373505e7d6d73558d9111681e34fee10c4b14d8ee4af03030521f41d555cc1fef79872ce189');
INSERT INTO `artist` (`id`, `bio`, `name`) VALUES ('5mv0413csjvdubb', 'A profound lyricist and rapper, known for his thought-provoking music.', 'J. Cole');
INSERT INTO `album` (`id`, `artist_id`, `cover_image_url`, `name`, `created_at`) VALUES ('w6l4t060xbvftblm8ft27iisn23gk3s3646f6p0juwxo63pec0','5mv0413csjvdubb', NULL, 'J. Cole Album','2023-11-17 17:00:08.000');
INSERT INTO `song` (`id`, `name`, `artist_id`,`duration`, `genre`, `spotify_id`, `preview_url`, `created_at`) VALUES ('0teogtv6qag772d4lfun1bndemh5ua36rlzoe9wuuhi6qfmoae','All My Life (feat. J. Cole)','5mv0413csjvdubb',100,'POP',NULL,NULL,'2023-11-17 17:00:08.000');
INSERT INTO `album_songs`(`album_id`, `song_id`, `order`) VALUES ('w6l4t060xbvftblm8ft27iisn23gk3s3646f6p0juwxo63pec0', '0teogtv6qag772d4lfun1bndemh5ua36rlzoe9wuuhi6qfmoae', '0');
-- Lana Del Rey
INSERT INTO `auth_user` (`id`, `username`, `email`, `profile_image_url`, `created_at`) VALUES ('h42kakf5p2yhmxd', 'Lana Del Rey', '72@artist.com', 'https://i.scdn.co/image/ab6761610000e5ebb99cacf8acd5378206767261','2023-11-17 17:00:08.000');
INSERT INTO `user_key` (`id`, `user_id`, `hashed_password`) VALUES ('email:72@artist.com', 'h42kakf5p2yhmxd', 's2:ypixvsa9kdptdm5e:9772b9b97a807a7f47ec6097088d2a4024dba58149f0ca73e063e373505e7d6d73558d9111681e34fee10c4b14d8ee4af03030521f41d555cc1fef79872ce189');
INSERT INTO `artist` (`id`, `bio`, `name`) VALUES ('h42kakf5p2yhmxd', 'An ethereal presence in music, known for her cinematic and nostalgic sound.', 'Lana Del Rey');
INSERT INTO `album` (`id`, `artist_id`, `cover_image_url`, `name`, `created_at`) VALUES ('vy06exco1v0vyxbldsrhkllj6w46v32dq5yjbef920tlt0ki64','h42kakf5p2yhmxd', 'https://i.scdn.co/image/ab67616d0000b273aa27708d07f49c82ff0d0dae', 'Lana Del Rey Album','2023-11-17 17:00:08.000');
INSERT INTO `song` (`id`, `name`, `artist_id`,`duration`, `genre`, `spotify_id`, `preview_url`, `created_at`) VALUES ('77qd8b1lrurgczjf1rd8jb2819p9lref89f5z6zz89ictgo49n','Say Yes To Heaven','h42kakf5p2yhmxd',100,'POP','6GGtHZgBycCgGBUhZo81xe',NULL,'2023-11-17 17:00:08.000');
INSERT INTO `album_songs`(`album_id`, `song_id`, `order`) VALUES ('vy06exco1v0vyxbldsrhkllj6w46v32dq5yjbef920tlt0ki64', '77qd8b1lrurgczjf1rd8jb2819p9lref89f5z6zz89ictgo49n', '0');
INSERT INTO `song` (`id`, `name`, `artist_id`,`duration`, `genre`, `spotify_id`, `preview_url`, `created_at`) VALUES ('96w6ym7x9zpf8ekuhjv5v7zr517fqsyrw0v19on5440z9e8ccn','Summertime Sadness','h42kakf5p2yhmxd',100,'POP','1Ist6PR2BZR3n2z2Y5R6S1',NULL,'2023-11-17 17:00:08.000');
INSERT INTO `album_songs`(`album_id`, `song_id`, `order`) VALUES ('vy06exco1v0vyxbldsrhkllj6w46v32dq5yjbef920tlt0ki64', '96w6ym7x9zpf8ekuhjv5v7zr517fqsyrw0v19on5440z9e8ccn', '1');
-- BTS
INSERT INTO `auth_user` (`id`, `username`, `email`, `profile_image_url`, `created_at`) VALUES ('vur9nh9b61fdvo6', 'BTS', '73@artist.com', 'https://i.scdn.co/image/ab6761610000e5ebd642648235ebf3460d2d1f6a','2023-11-17 17:00:08.000');
INSERT INTO `user_key` (`id`, `user_id`, `hashed_password`) VALUES ('email:73@artist.com', 'vur9nh9b61fdvo6', 's2:ypixvsa9kdptdm5e:9772b9b97a807a7f47ec6097088d2a4024dba58149f0ca73e063e373505e7d6d73558d9111681e34fee10c4b14d8ee4af03030521f41d555cc1fef79872ce189');
INSERT INTO `artist` (`id`, `bio`, `name`) VALUES ('vur9nh9b61fdvo6', 'A global phenomenon, setting new standards in K-pop with their music and performances.', 'BTS');
INSERT INTO `album` (`id`, `artist_id`, `cover_image_url`, `name`, `created_at`) VALUES ('lzr2fgt75gfn3m53mx4uk9m3ra1i50d0u2vy05840da4b0p7t1','vur9nh9b61fdvo6', 'https://i.scdn.co/image/ab67616d0000b2738a701e76e8845928f6cd81c8', 'BTS Album','2023-11-17 17:00:08.000');
INSERT INTO `song` (`id`, `name`, `artist_id`,`duration`, `genre`, `spotify_id`, `preview_url`, `created_at`) VALUES ('aa57njcuxyehahbk1jbkm635zkhtudswsig53l5dzmv5jvq9dy','Take Two','vur9nh9b61fdvo6',100,'POP','5IAESfJjmOYu7cHyX557kz','https://p.scdn.co/mp3-preview/ef43da30a06fcad16898e9fff1cadd0ccf953fc9?cid=6c77115735724c94af0b7a434aef3fc3','2023-11-17 17:00:08.000');
INSERT INTO `album_songs`(`album_id`, `song_id`, `order`) VALUES ('lzr2fgt75gfn3m53mx4uk9m3ra1i50d0u2vy05840da4b0p7t1', 'aa57njcuxyehahbk1jbkm635zkhtudswsig53l5dzmv5jvq9dy', '0');
