-- Latto
INSERT INTO `auth_user` (`id`, `username`, `email`, `profile_image_url`, `created_at`) VALUES ('gvmtni0x9jkdda9', 'Latto', '0@artist.com', 'https://i.scdn.co/image/ab6761610000e5eb40a7268dd742e5f63759b960','2023-11-17 17:00:08.000');
INSERT INTO `user_key` (`id`, `user_id`, `hashed_password`) VALUES ('email:0@artist.com', 'gvmtni0x9jkdda9', 's2:ypixvsa9kdptdm5e:9772b9b97a807a7f47ec6097088d2a4024dba58149f0ca73e063e373505e7d6d73558d9111681e34fee10c4b14d8ee4af03030521f41d555cc1fef79872ce189');
INSERT INTO `artist` (`id`, `bio`, `name`) VALUES ('gvmtni0x9jkdda9', 'A bold and dynamic rapper, making waves with her fiery lyrics.', 'Latto');
INSERT INTO `album` (`id`, `artist_id`, `cover_image_url`, `name`, `created_at`) VALUES ('3jm01xd78k6hd2zxi1g0slwyfkpahxpp0e4p7jmhemb9miwbw1','gvmtni0x9jkdda9', NULL, 'Latto Album','2023-11-17 17:00:08.000');
INSERT INTO `song` (`id`, `name`, `artist_id`,`duration`, `genre`, `spotify_id`, `preview_url`, `created_at`) VALUES ('v1bl272v4lgci5xd4tfwm9ev3zysq20ffe2gp5tf5ormvtbk4w','Seven (feat. Latto) (Explicit Ver.)','gvmtni0x9jkdda9',100,'POP',NULL,NULL,'2023-11-17 17:00:08.000');
INSERT INTO `album_songs`(`album_id`, `song_id`, `order`) VALUES ('3jm01xd78k6hd2zxi1g0slwyfkpahxpp0e4p7jmhemb9miwbw1', 'v1bl272v4lgci5xd4tfwm9ev3zysq20ffe2gp5tf5ormvtbk4w', '0');
-- Myke Towers
INSERT INTO `auth_user` (`id`, `username`, `email`, `profile_image_url`, `created_at`) VALUES ('jg73koljfmcylq5', 'Myke Towers', '1@artist.com', 'https://i.scdn.co/image/ab6761610000e5eb9e35c3c5de877f99a8f6192f','2023-11-17 17:00:08.000');
INSERT INTO `user_key` (`id`, `user_id`, `hashed_password`) VALUES ('email:1@artist.com', 'jg73koljfmcylq5', 's2:ypixvsa9kdptdm5e:9772b9b97a807a7f47ec6097088d2a4024dba58149f0ca73e063e373505e7d6d73558d9111681e34fee10c4b14d8ee4af03030521f41d555cc1fef79872ce189');
INSERT INTO `artist` (`id`, `bio`, `name`) VALUES ('jg73koljfmcylq5', 'A rising star in Latin music, known for his distinctive flow.', 'Myke Towers');
INSERT INTO `album` (`id`, `artist_id`, `cover_image_url`, `name`, `created_at`) VALUES ('gxxe3iuaeptt0q3286v5fmkc46v9osgwcst5zk4b4yn0rewbkp','jg73koljfmcylq5', 'https://i.scdn.co/image/ab67616d0000b2730656d5ce813ca3cc4b677e05', 'Myke Towers Album','2023-11-17 17:00:08.000');
INSERT INTO `song` (`id`, `name`, `artist_id`,`duration`, `genre`, `spotify_id`, `preview_url`, `created_at`) VALUES ('4vggfg753is01tmzgexgzsjpf7db02qeediou7my1l72ldwu9f','LALA','jg73koljfmcylq5',100,'POP','7ABLbnD53cQK00mhcaOUVG','https://p.scdn.co/mp3-preview/42772b16b4e575d1b15b0ec7f94e335539390d2d?cid=6c77115735724c94af0b7a434aef3fc3','2023-11-17 17:00:08.000');
INSERT INTO `album_songs`(`album_id`, `song_id`, `order`) VALUES ('gxxe3iuaeptt0q3286v5fmkc46v9osgwcst5zk4b4yn0rewbkp', '4vggfg753is01tmzgexgzsjpf7db02qeediou7my1l72ldwu9f', '0');
-- Olivia Rodrigo
INSERT INTO `auth_user` (`id`, `username`, `email`, `profile_image_url`, `created_at`) VALUES ('4gqh6nrdhy959yg', 'Olivia Rodrigo', '2@artist.com', 'https://i.scdn.co/image/ab6761610000e5ebe03a98785f3658f0b6461ec4','2023-11-17 17:00:08.000');
INSERT INTO `user_key` (`id`, `user_id`, `hashed_password`) VALUES ('email:2@artist.com', '4gqh6nrdhy959yg', 's2:ypixvsa9kdptdm5e:9772b9b97a807a7f47ec6097088d2a4024dba58149f0ca73e063e373505e7d6d73558d9111681e34fee10c4b14d8ee4af03030521f41d555cc1fef79872ce189');
INSERT INTO `artist` (`id`, `bio`, `name`) VALUES ('4gqh6nrdhy959yg', 'A new voice in pop, channeling raw emotions into her songs.', 'Olivia Rodrigo');
INSERT INTO `album` (`id`, `artist_id`, `cover_image_url`, `name`, `created_at`) VALUES ('9n4weee7bfi9m97az2pndatwaqghm7p0ua3di5clz3lhisegzg','4gqh6nrdhy959yg', 'https://i.scdn.co/image/ab67616d0000b273e85259a1cae29a8d91f2093d', 'Olivia Rodrigo Album','2023-11-17 17:00:08.000');
INSERT INTO `song` (`id`, `name`, `artist_id`,`duration`, `genre`, `spotify_id`, `preview_url`, `created_at`) VALUES ('rsmd4fasiy3v7snbjtm8zyj5gflfworhj521kzmpdr4lw2bwtn','vampire','4gqh6nrdhy959yg',100,'POP','1kuGVB7EU95pJObxwvfwKS',NULL,'2023-11-17 17:00:08.000');
INSERT INTO `album_songs`(`album_id`, `song_id`, `order`) VALUES ('9n4weee7bfi9m97az2pndatwaqghm7p0ua3di5clz3lhisegzg', 'rsmd4fasiy3v7snbjtm8zyj5gflfworhj521kzmpdr4lw2bwtn', '0');
-- Taylor Swift
INSERT INTO `auth_user` (`id`, `username`, `email`, `profile_image_url`, `created_at`) VALUES ('buvp4k8ejgh78bx', 'Taylor Swift', '3@artist.com', 'https://i.scdn.co/image/ab6761610000e5eb859e4c14fa59296c8649e0e4','2023-11-17 17:00:08.000');
INSERT INTO `user_key` (`id`, `user_id`, `hashed_password`) VALUES ('email:3@artist.com', 'buvp4k8ejgh78bx', 's2:ypixvsa9kdptdm5e:9772b9b97a807a7f47ec6097088d2a4024dba58149f0ca73e063e373505e7d6d73558d9111681e34fee10c4b14d8ee4af03030521f41d555cc1fef79872ce189');
INSERT INTO `artist` (`id`, `bio`, `name`) VALUES ('buvp4k8ejgh78bx', 'A storytelling icon, weaving life experiences into musical masterpieces.', 'Taylor Swift');
INSERT INTO `album` (`id`, `artist_id`, `cover_image_url`, `name`, `created_at`) VALUES ('yalsqvoqvre54rcya2b0z2mof2sn2jwus469jd6ppwa8e04jkq','buvp4k8ejgh78bx', 'https://i.scdn.co/image/ab67616d0000b273e787cffec20aa2a396a61647', 'Taylor Swift Album','2023-11-17 17:00:08.000');
INSERT INTO `song` (`id`, `name`, `artist_id`,`duration`, `genre`, `spotify_id`, `preview_url`, `created_at`) VALUES ('fww5row562pbnl7e0jc54nxbujh1wm8cyp06wc5h82339htlnb','Cruel Summer','buvp4k8ejgh78bx',100,'POP','1BxfuPKGuaTgP7aM0Bbdwr',NULL,'2023-11-17 17:00:08.000');
INSERT INTO `album_songs`(`album_id`, `song_id`, `order`) VALUES ('yalsqvoqvre54rcya2b0z2mof2sn2jwus469jd6ppwa8e04jkq', 'fww5row562pbnl7e0jc54nxbujh1wm8cyp06wc5h82339htlnb', '0');
INSERT INTO `song` (`id`, `name`, `artist_id`,`duration`, `genre`, `spotify_id`, `preview_url`, `created_at`) VALUES ('wkvc4hh2a3xicwr14o56xyhtszl7nv35kopj9yapn8k9mejod2','I Can See You (Taylors Version) (From The ','buvp4k8ejgh78bx',100,'POP','5kHMfzgLZP95O9NBy0ku4v',NULL,'2023-11-17 17:00:08.000');
INSERT INTO `album_songs`(`album_id`, `song_id`, `order`) VALUES ('yalsqvoqvre54rcya2b0z2mof2sn2jwus469jd6ppwa8e04jkq', 'wkvc4hh2a3xicwr14o56xyhtszl7nv35kopj9yapn8k9mejod2', '1');
INSERT INTO `song` (`id`, `name`, `artist_id`,`duration`, `genre`, `spotify_id`, `preview_url`, `created_at`) VALUES ('skd8y5fsr0ko8ks3ygcdk1bz7qkacr1tvf88aalvsxbxa67bb8','Anti-Hero','buvp4k8ejgh78bx',100,'POP','0V3wPSX9ygBnCm8psDIegu',NULL,'2023-11-17 17:00:08.000');
INSERT INTO `album_songs`(`album_id`, `song_id`, `order`) VALUES ('yalsqvoqvre54rcya2b0z2mof2sn2jwus469jd6ppwa8e04jkq', 'skd8y5fsr0ko8ks3ygcdk1bz7qkacr1tvf88aalvsxbxa67bb8', '2');
INSERT INTO `song` (`id`, `name`, `artist_id`,`duration`, `genre`, `spotify_id`, `preview_url`, `created_at`) VALUES ('uiwsmn212uryxje6w8ax50n6qqb8cnhlyxa5yc1sgtozcsd0q5','Blank Space','buvp4k8ejgh78bx',100,'POP','1p80LdxRV74UKvL8gnD7ky',NULL,'2023-11-17 17:00:08.000');
INSERT INTO `album_songs`(`album_id`, `song_id`, `order`) VALUES ('yalsqvoqvre54rcya2b0z2mof2sn2jwus469jd6ppwa8e04jkq', 'uiwsmn212uryxje6w8ax50n6qqb8cnhlyxa5yc1sgtozcsd0q5', '3');
INSERT INTO `song` (`id`, `name`, `artist_id`,`duration`, `genre`, `spotify_id`, `preview_url`, `created_at`) VALUES ('ulr5g3ivy45x052ftlyiu8utxz75145ne8rzn1120jgxctuqi7','Style','buvp4k8ejgh78bx',100,'POP','1hjRhYpWyqDpPahmSlUTlc',NULL,'2023-11-17 17:00:08.000');
INSERT INTO `album_songs`(`album_id`, `song_id`, `order`) VALUES ('yalsqvoqvre54rcya2b0z2mof2sn2jwus469jd6ppwa8e04jkq', 'ulr5g3ivy45x052ftlyiu8utxz75145ne8rzn1120jgxctuqi7', '4');
INSERT INTO `song` (`id`, `name`, `artist_id`,`duration`, `genre`, `spotify_id`, `preview_url`, `created_at`) VALUES ('o6fac0ypkc3bqxakuy6tq3pz9lqhgfhq3sj379xj0unymg4n5q','cardigan','buvp4k8ejgh78bx',100,'POP','4R2kfaDFhslZEMJqAFNpdd',NULL,'2023-11-17 17:00:08.000');
INSERT INTO `album_songs`(`album_id`, `song_id`, `order`) VALUES ('yalsqvoqvre54rcya2b0z2mof2sn2jwus469jd6ppwa8e04jkq', 'o6fac0ypkc3bqxakuy6tq3pz9lqhgfhq3sj379xj0unymg4n5q', '5');
INSERT INTO `song` (`id`, `name`, `artist_id`,`duration`, `genre`, `spotify_id`, `preview_url`, `created_at`) VALUES ('94w20eh7xcn49tx452m4a8je78qdniqj8rg5dcktgs0cy66g1k','Karma','buvp4k8ejgh78bx',100,'POP','7KokYm8cMIXCsGVmUvKtqf',NULL,'2023-11-17 17:00:08.000');
INSERT INTO `album_songs`(`album_id`, `song_id`, `order`) VALUES ('yalsqvoqvre54rcya2b0z2mof2sn2jwus469jd6ppwa8e04jkq', '94w20eh7xcn49tx452m4a8je78qdniqj8rg5dcktgs0cy66g1k', '6');
INSERT INTO `song` (`id`, `name`, `artist_id`,`duration`, `genre`, `spotify_id`, `preview_url`, `created_at`) VALUES ('ikho511zuj2pkdxzx5u12a0t0i36pgzhm0fxlauozwhtphe478','Enchanted (Taylors Version)','buvp4k8ejgh78bx',100,'POP','3sW3oSbzsfecv9XoUdGs7h',NULL,'2023-11-17 17:00:08.000');
INSERT INTO `album_songs`(`album_id`, `song_id`, `order`) VALUES ('yalsqvoqvre54rcya2b0z2mof2sn2jwus469jd6ppwa8e04jkq', 'ikho511zuj2pkdxzx5u12a0t0i36pgzhm0fxlauozwhtphe478', '7');
INSERT INTO `song` (`id`, `name`, `artist_id`,`duration`, `genre`, `spotify_id`, `preview_url`, `created_at`) VALUES ('mvv2i5f0qzeuk8krc1mgt2oz4imkr4w616ec53sr998hxw5ym0','Back To December (Taylors Version)','buvp4k8ejgh78bx',100,'POP','79uDOz0zuuWS7HWxzMmTa2',NULL,'2023-11-17 17:00:08.000');
INSERT INTO `album_songs`(`album_id`, `song_id`, `order`) VALUES ('yalsqvoqvre54rcya2b0z2mof2sn2jwus469jd6ppwa8e04jkq', 'mvv2i5f0qzeuk8krc1mgt2oz4imkr4w616ec53sr998hxw5ym0', '8');
INSERT INTO `song` (`id`, `name`, `artist_id`,`duration`, `genre`, `spotify_id`, `preview_url`, `created_at`) VALUES ('yw6qlcyhbr5t8cnu3mora6rld4c8o9f25ejt2b34x4drvyihoe','Dont Bl','buvp4k8ejgh78bx',100,'POP','59ZmeIz57cGU5Gp9omjlYB',NULL,'2023-11-17 17:00:08.000');
INSERT INTO `album_songs`(`album_id`, `song_id`, `order`) VALUES ('yalsqvoqvre54rcya2b0z2mof2sn2jwus469jd6ppwa8e04jkq', 'yw6qlcyhbr5t8cnu3mora6rld4c8o9f25ejt2b34x4drvyihoe', '9');
-- Bad Bunny
INSERT INTO `auth_user` (`id`, `username`, `email`, `profile_image_url`, `created_at`) VALUES ('vi7gcry58ccml7b', 'Bad Bunny', '4@artist.com', 'https://i.scdn.co/image/ab6761610000e5eb9ad50e478a469448c6f369df','2023-11-17 17:00:08.000');
INSERT INTO `user_key` (`id`, `user_id`, `hashed_password`) VALUES ('email:4@artist.com', 'vi7gcry58ccml7b', 's2:ypixvsa9kdptdm5e:9772b9b97a807a7f47ec6097088d2a4024dba58149f0ca73e063e373505e7d6d73558d9111681e34fee10c4b14d8ee4af03030521f41d555cc1fef79872ce189');
INSERT INTO `artist` (`id`, `bio`, `name`) VALUES ('vi7gcry58ccml7b', 'A trailblazer in Latin trap and reggaeton, known for his charismatic style and innovative music.', 'Bad Bunny');
INSERT INTO `album` (`id`, `artist_id`, `cover_image_url`, `name`, `created_at`) VALUES ('wq66g3gzssxioipp0p5pqqcbihyzvj2toe1ojd1ex6n8zt86jd','vi7gcry58ccml7b', 'https://i.scdn.co/image/ab67616d0000b273ab5c9cd818ad6ed3e9b79cd1', 'Bad Bunny Album','2023-11-17 17:00:08.000');
INSERT INTO `song` (`id`, `name`, `artist_id`,`duration`, `genre`, `spotify_id`, `preview_url`, `created_at`) VALUES ('ftaeel5v0kg5ygyh0mpvcln267ol21corio78s0nqniqzjthwu','WHERE SHE GOES','vi7gcry58ccml7b',100,'POP','7ro0hRteUMfnOioTFI5TG1','https://p.scdn.co/mp3-preview/b9b7e4c982b33ee23c4867f7a3025e3598c35760?cid=6c77115735724c94af0b7a434aef3fc3','2023-11-17 17:00:08.000');
INSERT INTO `album_songs`(`album_id`, `song_id`, `order`) VALUES ('wq66g3gzssxioipp0p5pqqcbihyzvj2toe1ojd1ex6n8zt86jd', 'ftaeel5v0kg5ygyh0mpvcln267ol21corio78s0nqniqzjthwu', '0');
INSERT INTO `song` (`id`, `name`, `artist_id`,`duration`, `genre`, `spotify_id`, `preview_url`, `created_at`) VALUES ('uwcya83rkcl7mddladn8wh07hppqpbbfg3nzoycwkduooqjrha','un x100to','vi7gcry58ccml7b',100,'POP',NULL,NULL,'2023-11-17 17:00:08.000');
INSERT INTO `album_songs`(`album_id`, `song_id`, `order`) VALUES ('wq66g3gzssxioipp0p5pqqcbihyzvj2toe1ojd1ex6n8zt86jd', 'uwcya83rkcl7mddladn8wh07hppqpbbfg3nzoycwkduooqjrha', '1');
INSERT INTO `song` (`id`, `name`, `artist_id`,`duration`, `genre`, `spotify_id`, `preview_url`, `created_at`) VALUES ('xbs5hmtsui4klgue030enneln9jsu1uquzjucn5eu8dehivfjl','Coco Chanel','vi7gcry58ccml7b',100,'POP',NULL,NULL,'2023-11-17 17:00:08.000');
INSERT INTO `album_songs`(`album_id`, `song_id`, `order`) VALUES ('wq66g3gzssxioipp0p5pqqcbihyzvj2toe1ojd1ex6n8zt86jd', 'xbs5hmtsui4klgue030enneln9jsu1uquzjucn5eu8dehivfjl', '2');
-- Dave
INSERT INTO `auth_user` (`id`, `username`, `email`, `profile_image_url`, `created_at`) VALUES ('1tkmrgqjbujv376', 'Dave', '5@artist.com', 'https://i.scdn.co/image/ab6761610000e5eb5fe7cabb8de1c0266cd2179c','2023-11-17 17:00:08.000');
INSERT INTO `user_key` (`id`, `user_id`, `hashed_password`) VALUES ('email:5@artist.com', '1tkmrgqjbujv376', 's2:ypixvsa9kdptdm5e:9772b9b97a807a7f47ec6097088d2a4024dba58149f0ca73e063e373505e7d6d73558d9111681e34fee10c4b14d8ee4af03030521f41d555cc1fef79872ce189');
INSERT INTO `artist` (`id`, `bio`, `name`) VALUES ('1tkmrgqjbujv376', 'A master of words, blending rap with social commentary and raw emotion.', 'Dave');
INSERT INTO `album` (`id`, `artist_id`, `cover_image_url`, `name`, `created_at`) VALUES ('4gjz3b0phihtgux8c7cij9pdue4bjpuk03s72ay6197tk25q7j','1tkmrgqjbujv376', 'https://i.scdn.co/image/ab67616d0000b273e3a09a9ae3f1fa102c110e60', 'Dave Album','2023-11-17 17:00:08.000');
INSERT INTO `song` (`id`, `name`, `artist_id`,`duration`, `genre`, `spotify_id`, `preview_url`, `created_at`) VALUES ('luivjfipizp92z593e0zftsnwedkxscd94w624r29dh6yg71oi','Sprinter','1tkmrgqjbujv376',100,'POP','2FDTHlrBguDzQkp7PVj16Q',NULL,'2023-11-17 17:00:08.000');
INSERT INTO `album_songs`(`album_id`, `song_id`, `order`) VALUES ('4gjz3b0phihtgux8c7cij9pdue4bjpuk03s72ay6197tk25q7j', 'luivjfipizp92z593e0zftsnwedkxscd94w624r29dh6yg71oi', '0');
-- Eslabon Armado
INSERT INTO `auth_user` (`id`, `username`, `email`, `profile_image_url`, `created_at`) VALUES ('tpb9zu96dqrd8kc', 'Eslabon Armado', '6@artist.com', 'https://i.scdn.co/image/ab6761610000e5eb730e71d60e047f1061a9e697','2023-11-17 17:00:08.000');
INSERT INTO `user_key` (`id`, `user_id`, `hashed_password`) VALUES ('email:6@artist.com', 'tpb9zu96dqrd8kc', 's2:ypixvsa9kdptdm5e:9772b9b97a807a7f47ec6097088d2a4024dba58149f0ca73e063e373505e7d6d73558d9111681e34fee10c4b14d8ee4af03030521f41d555cc1fef79872ce189');
INSERT INTO `artist` (`id`, `bio`, `name`) VALUES ('tpb9zu96dqrd8kc', 'Bringing a fresh take to traditional music, weaving in modern influences.', 'Eslabon Armado');
INSERT INTO `album` (`id`, `artist_id`, `cover_image_url`, `name`, `created_at`) VALUES ('zdgympai3w9vgqis0r5v283nou70ot63a778xf4vid0v6mb4li','tpb9zu96dqrd8kc', 'https://i.scdn.co/image/ab67616d0000b2732071a0c79802d9375a53bfef', 'Eslabon Armado Album','2023-11-17 17:00:08.000');
INSERT INTO `song` (`id`, `name`, `artist_id`,`duration`, `genre`, `spotify_id`, `preview_url`, `created_at`) VALUES ('0m9a65hiywts0yz6vnhij03hchudm2ycodgomjmjgkr6c19hc3','Ella Baila Sola','tpb9zu96dqrd8kc',100,'POP','3dnP0JxCgygwQH9Gm7q7nb','https://p.scdn.co/mp3-preview/5d39f3e17f1e20e2711d033001e48b8d4249b992?cid=6c77115735724c94af0b7a434aef3fc3','2023-11-17 17:00:08.000');
INSERT INTO `album_songs`(`album_id`, `song_id`, `order`) VALUES ('zdgympai3w9vgqis0r5v283nou70ot63a778xf4vid0v6mb4li', '0m9a65hiywts0yz6vnhij03hchudm2ycodgomjmjgkr6c19hc3', '0');
-- Quevedo
INSERT INTO `auth_user` (`id`, `username`, `email`, `profile_image_url`, `created_at`) VALUES ('cb098jxecqvmj0c', 'Quevedo', '7@artist.com', 'https://i.scdn.co/image/ab6761610000e5eb2394e996716534bc2c937a1a','2023-11-17 17:00:08.000');
INSERT INTO `user_key` (`id`, `user_id`, `hashed_password`) VALUES ('email:7@artist.com', 'cb098jxecqvmj0c', 's2:ypixvsa9kdptdm5e:9772b9b97a807a7f47ec6097088d2a4024dba58149f0ca73e063e373505e7d6d73558d9111681e34fee10c4b14d8ee4af03030521f41d555cc1fef79872ce189');
INSERT INTO `artist` (`id`, `bio`, `name`) VALUES ('cb098jxecqvmj0c', 'Merging lyrical depth with compelling urban beats.', 'Quevedo');
INSERT INTO `album` (`id`, `artist_id`, `cover_image_url`, `name`, `created_at`) VALUES ('ps2nysc0xcssj5r87xft47ss82fqn54727j5q3ndubdp1dpjff','cb098jxecqvmj0c', 'https://i.scdn.co/image/ab67616d0000b273a00a817b017c6f6bf8460be9', 'Quevedo Album','2023-11-17 17:00:08.000');
INSERT INTO `song` (`id`, `name`, `artist_id`,`duration`, `genre`, `spotify_id`, `preview_url`, `created_at`) VALUES ('igi17avvwx7kkhyr0x9cgp1aafqpzbk03hikwhpjuhigmobbxn','Columbia','cb098jxecqvmj0c',100,'POP','6XbtvPmIpyCbjuT0e8cQtp','https://p.scdn.co/mp3-preview/e3d6df66fe67f618166a2cab858580ac8a96486a?cid=6c77115735724c94af0b7a434aef3fc3','2023-11-17 17:00:08.000');
INSERT INTO `album_songs`(`album_id`, `song_id`, `order`) VALUES ('ps2nysc0xcssj5r87xft47ss82fqn54727j5q3ndubdp1dpjff', 'igi17avvwx7kkhyr0x9cgp1aafqpzbk03hikwhpjuhigmobbxn', '0');
-- Gunna
INSERT INTO `auth_user` (`id`, `username`, `email`, `profile_image_url`, `created_at`) VALUES ('7lmxxil0jsoew1r', 'Gunna', '8@artist.com', 'https://i.scdn.co/image/ab6761610000e5eb6501f8a7d50c56e86e46f920','2023-11-17 17:00:08.000');
INSERT INTO `user_key` (`id`, `user_id`, `hashed_password`) VALUES ('email:8@artist.com', '7lmxxil0jsoew1r', 's2:ypixvsa9kdptdm5e:9772b9b97a807a7f47ec6097088d2a4024dba58149f0ca73e063e373505e7d6d73558d9111681e34fee10c4b14d8ee4af03030521f41d555cc1fef79872ce189');
INSERT INTO `artist` (`id`, `bio`, `name`) VALUES ('7lmxxil0jsoew1r', 'A trailblazer in trap music, known for his smooth flow and catchy beats.', 'Gunna');
INSERT INTO `album` (`id`, `artist_id`, `cover_image_url`, `name`, `created_at`) VALUES ('pfzo8d7g3y2jom7suolte78ety8xboj9zu142qt7ntdpt4l2hb','7lmxxil0jsoew1r', 'https://i.scdn.co/image/ab67616d0000b273017d5e26552345c4b1575b6c', 'Gunna Album','2023-11-17 17:00:08.000');
INSERT INTO `song` (`id`, `name`, `artist_id`,`duration`, `genre`, `spotify_id`, `preview_url`, `created_at`) VALUES ('r2eodkrlk9iqm5azuunbblatid9o2rncjgkq33iomtg043x4jl','fukumean','7lmxxil0jsoew1r',100,'POP','4rXLjWdF2ZZpXCVTfWcshS','https://p.scdn.co/mp3-preview/f237ab921af697ba9b49e12fa167c2ce1a82d6b4?cid=6c77115735724c94af0b7a434aef3fc3','2023-11-17 17:00:08.000');
INSERT INTO `album_songs`(`album_id`, `song_id`, `order`) VALUES ('pfzo8d7g3y2jom7suolte78ety8xboj9zu142qt7ntdpt4l2hb', 'r2eodkrlk9iqm5azuunbblatid9o2rncjgkq33iomtg043x4jl', '0');
-- Peso Pluma
INSERT INTO `auth_user` (`id`, `username`, `email`, `profile_image_url`, `created_at`) VALUES ('kpda828qradakgi', 'Peso Pluma', '9@artist.com', 'https://i.scdn.co/image/ab6761610000e5eb3df5eb47e5d93bd2ca536a5a','2023-11-17 17:00:08.000');
INSERT INTO `user_key` (`id`, `user_id`, `hashed_password`) VALUES ('email:9@artist.com', 'kpda828qradakgi', 's2:ypixvsa9kdptdm5e:9772b9b97a807a7f47ec6097088d2a4024dba58149f0ca73e063e373505e7d6d73558d9111681e34fee10c4b14d8ee4af03030521f41d555cc1fef79872ce189');
INSERT INTO `artist` (`id`, `bio`, `name`) VALUES ('kpda828qradakgi', 'Infusing music with energetic beats and captivating lyrics.', 'Peso Pluma');
INSERT INTO `album` (`id`, `artist_id`, `cover_image_url`, `name`, `created_at`) VALUES ('cvcpd27e7lutbsyure703d83c84pgpdskojsmyvrms7w8zca3r','kpda828qradakgi', NULL, 'Peso Pluma Album','2023-11-17 17:00:08.000');
INSERT INTO `song` (`id`, `name`, `artist_id`,`duration`, `genre`, `spotify_id`, `preview_url`, `created_at`) VALUES ('nhlnauh4zrpkwax0awhxu4qf007669570fmnikcg2ji201ntf5','La Bebe - Remix','kpda828qradakgi',100,'POP',NULL,NULL,'2023-11-17 17:00:08.000');
INSERT INTO `album_songs`(`album_id`, `song_id`, `order`) VALUES ('cvcpd27e7lutbsyure703d83c84pgpdskojsmyvrms7w8zca3r', 'nhlnauh4zrpkwax0awhxu4qf007669570fmnikcg2ji201ntf5', '0');
INSERT INTO `song` (`id`, `name`, `artist_id`,`duration`, `genre`, `spotify_id`, `preview_url`, `created_at`) VALUES ('yg3mqkp6d92zm3rfg0yg2bn05yddzgwpzavymd8jgun2c4g6ls','TULUM','kpda828qradakgi',100,'POP','7bPp2NmpmyhLJ7zWazAXMu','https://p.scdn.co/mp3-preview/164468e67b8da8053036c68533ffa473ab680c51?cid=6c77115735724c94af0b7a434aef3fc3','2023-11-17 17:00:08.000');
INSERT INTO `album_songs`(`album_id`, `song_id`, `order`) VALUES ('cvcpd27e7lutbsyure703d83c84pgpdskojsmyvrms7w8zca3r', 'yg3mqkp6d92zm3rfg0yg2bn05yddzgwpzavymd8jgun2c4g6ls', '1');
-- NewJeans
INSERT INTO `auth_user` (`id`, `username`, `email`, `profile_image_url`, `created_at`) VALUES ('i8kwm2fhez4tdxb', 'NewJeans', '10@artist.com', 'https://i.scdn.co/image/ab6761610000e5eb5da361915b1fa48895d4f23f','2023-11-17 17:00:08.000');
INSERT INTO `user_key` (`id`, `user_id`, `hashed_password`) VALUES ('email:10@artist.com', 'i8kwm2fhez4tdxb', 's2:ypixvsa9kdptdm5e:9772b9b97a807a7f47ec6097088d2a4024dba58149f0ca73e063e373505e7d6d73558d9111681e34fee10c4b14d8ee4af03030521f41d555cc1fef79872ce189');
INSERT INTO `artist` (`id`, `bio`, `name`) VALUES ('i8kwm2fhez4tdxb', 'Redefining K-pop with their fresh style and energetic performances.', 'NewJeans');
INSERT INTO `album` (`id`, `artist_id`, `cover_image_url`, `name`, `created_at`) VALUES ('6wrmoouii97hje8515lvn83e7bo79mi6q4nx9fs2niqzl2ga1v','i8kwm2fhez4tdxb', 'https://i.scdn.co/image/ab67616d0000b2733d98a0ae7c78a3a9babaf8af', 'NewJeans Album','2023-11-17 17:00:08.000');
INSERT INTO `song` (`id`, `name`, `artist_id`,`duration`, `genre`, `spotify_id`, `preview_url`, `created_at`) VALUES ('945yswdakixfen1imd4rfonevo5uvlead3828wryu3fgze9fb7','Super Shy','i8kwm2fhez4tdxb',100,'POP','5sdQOyqq2IDhvmx2lHOpwd','https://p.scdn.co/mp3-preview/dab062e2cc708a2680ce84953a3581c5a679a230?cid=6c77115735724c94af0b7a434aef3fc3','2023-11-17 17:00:08.000');
INSERT INTO `album_songs`(`album_id`, `song_id`, `order`) VALUES ('6wrmoouii97hje8515lvn83e7bo79mi6q4nx9fs2niqzl2ga1v', '945yswdakixfen1imd4rfonevo5uvlead3828wryu3fgze9fb7', '0');
-- Miley Cyrus
INSERT INTO `auth_user` (`id`, `username`, `email`, `profile_image_url`, `created_at`) VALUES ('knaporv07o5p01f', 'Miley Cyrus', '11@artist.com', 'https://i.scdn.co/image/ab6761610000e5ebb5af3b38f053486ab0784dee','2023-11-17 17:00:08.000');
INSERT INTO `user_key` (`id`, `user_id`, `hashed_password`) VALUES ('email:11@artist.com', 'knaporv07o5p01f', 's2:ypixvsa9kdptdm5e:9772b9b97a807a7f47ec6097088d2a4024dba58149f0ca73e063e373505e7d6d73558d9111681e34fee10c4b14d8ee4af03030521f41d555cc1fef79872ce189');
INSERT INTO `artist` (`id`, `bio`, `name`) VALUES ('knaporv07o5p01f', 'Constantly evolving, from pop sensation to rock powerhouse.', 'Miley Cyrus');
INSERT INTO `album` (`id`, `artist_id`, `cover_image_url`, `name`, `created_at`) VALUES ('4ggqr870vxm108zpzriqzupijegbqryfup3ytpp3ta1uhh6gum','knaporv07o5p01f', 'https://i.scdn.co/image/ab67616d0000b273cd222052a2594be29a6616b5', 'Miley Cyrus Album','2023-11-17 17:00:08.000');
INSERT INTO `song` (`id`, `name`, `artist_id`,`duration`, `genre`, `spotify_id`, `preview_url`, `created_at`) VALUES ('1yz33l526hdz8qlpp8qtbvdoeem4420acgntm9iqodm3yybejz','Flowers','knaporv07o5p01f',100,'POP','7DSAEUvxU8FajXtRloy8M0','https://p.scdn.co/mp3-preview/5184d19d1b7fcc3e7c067e38af45a7cc80851440?cid=6c77115735724c94af0b7a434aef3fc3','2023-11-17 17:00:08.000');
INSERT INTO `album_songs`(`album_id`, `song_id`, `order`) VALUES ('4ggqr870vxm108zpzriqzupijegbqryfup3ytpp3ta1uhh6gum', '1yz33l526hdz8qlpp8qtbvdoeem4420acgntm9iqodm3yybejz', '0');
INSERT INTO `song` (`id`, `name`, `artist_id`,`duration`, `genre`, `spotify_id`, `preview_url`, `created_at`) VALUES ('klix2lv0dv31gnm0rg59kpkzyfknmuwplowkqdoss1cncke06h','Angels Like You','knaporv07o5p01f',100,'POP','1daDRI9ahBonbWD8YcxOIB','https://p.scdn.co/mp3-preview/4db8314199c0d49e95c786792ecd06eadae9f510?cid=6c77115735724c94af0b7a434aef3fc3','2023-11-17 17:00:08.000');
INSERT INTO `album_songs`(`album_id`, `song_id`, `order`) VALUES ('4ggqr870vxm108zpzriqzupijegbqryfup3ytpp3ta1uhh6gum', 'klix2lv0dv31gnm0rg59kpkzyfknmuwplowkqdoss1cncke06h', '1');
-- David Kushner
INSERT INTO `auth_user` (`id`, `username`, `email`, `profile_image_url`, `created_at`) VALUES ('sa60occz3ob1z79', 'David Kushner', '12@artist.com', 'https://i.scdn.co/image/ab6761610000e5eb12fd1bd22516e35ef8c2e591','2023-11-17 17:00:08.000');
INSERT INTO `user_key` (`id`, `user_id`, `hashed_password`) VALUES ('email:12@artist.com', 'sa60occz3ob1z79', 's2:ypixvsa9kdptdm5e:9772b9b97a807a7f47ec6097088d2a4024dba58149f0ca73e063e373505e7d6d73558d9111681e34fee10c4b14d8ee4af03030521f41d555cc1fef79872ce189');
INSERT INTO `artist` (`id`, `bio`, `name`) VALUES ('sa60occz3ob1z79', 'A rising talent, creating music that resonates with a generation.', 'David Kushner');
INSERT INTO `album` (`id`, `artist_id`, `cover_image_url`, `name`, `created_at`) VALUES ('ciwnkj8z4ga0zlw8pzt2g6ujps18uyltnfh9tkvwab6suhfqvl','sa60occz3ob1z79', 'https://i.scdn.co/image/ab67616d0000b27395ca6a9b4083a86c149934ae', 'David Kushner Album','2023-11-17 17:00:08.000');
INSERT INTO `song` (`id`, `name`, `artist_id`,`duration`, `genre`, `spotify_id`, `preview_url`, `created_at`) VALUES ('a7buvurwoeu72tox0kz592efmo98w0qmdt4aoiv8mnzx725awp','Daylight','sa60occz3ob1z79',100,'POP','1odExI7RdWc4BT515LTAwj',NULL,'2023-11-17 17:00:08.000');
INSERT INTO `album_songs`(`album_id`, `song_id`, `order`) VALUES ('ciwnkj8z4ga0zlw8pzt2g6ujps18uyltnfh9tkvwab6suhfqvl', 'a7buvurwoeu72tox0kz592efmo98w0qmdt4aoiv8mnzx725awp', '0');
-- Harry Styles
INSERT INTO `auth_user` (`id`, `username`, `email`, `profile_image_url`, `created_at`) VALUES ('mh7v0l8axtn93bl', 'Harry Styles', '13@artist.com', 'https://i.scdn.co/image/ab6761610000e5ebf7db7c8ede90a019c54590bb','2023-11-17 17:00:08.000');
INSERT INTO `user_key` (`id`, `user_id`, `hashed_password`) VALUES ('email:13@artist.com', 'mh7v0l8axtn93bl', 's2:ypixvsa9kdptdm5e:9772b9b97a807a7f47ec6097088d2a4024dba58149f0ca73e063e373505e7d6d73558d9111681e34fee10c4b14d8ee4af03030521f41d555cc1fef79872ce189');
INSERT INTO `artist` (`id`, `bio`, `name`) VALUES ('mh7v0l8axtn93bl', 'Defining modern pop-rock with his charismatic presence and bold choices.', 'Harry Styles');
INSERT INTO `album` (`id`, `artist_id`, `cover_image_url`, `name`, `created_at`) VALUES ('xb4su0tpu0tzzpssmhbpwsws40wfybfo14iiam4xfucdp2hk28','mh7v0l8axtn93bl', 'https://i.scdn.co/image/ab67616d0000b2732e8ed79e177ff6011076f5f0', 'Harry Styles Album','2023-11-17 17:00:08.000');
INSERT INTO `song` (`id`, `name`, `artist_id`,`duration`, `genre`, `spotify_id`, `preview_url`, `created_at`) VALUES ('nuudn8m8eqdx1zfsb4h5x1x8t5dn88a8lm17i0jh0ef9i5dubd','As It Was','mh7v0l8axtn93bl',100,'POP','4Dvkj6JhhA12EX05fT7y2e','https://p.scdn.co/mp3-preview/c43dd07043b29e800c1a65b3a0102861fa3cf418?cid=6c77115735724c94af0b7a434aef3fc3','2023-11-17 17:00:08.000');
INSERT INTO `album_songs`(`album_id`, `song_id`, `order`) VALUES ('xb4su0tpu0tzzpssmhbpwsws40wfybfo14iiam4xfucdp2hk28', 'nuudn8m8eqdx1zfsb4h5x1x8t5dn88a8lm17i0jh0ef9i5dubd', '0');
-- SZA
INSERT INTO `auth_user` (`id`, `username`, `email`, `profile_image_url`, `created_at`) VALUES ('wta1gai6fcj2lbc', 'SZA', '14@artist.com', 'https://i.scdn.co/image/ab6761610000e5eb7eb7f6371aad8e67e01f0a03','2023-11-17 17:00:08.000');
INSERT INTO `user_key` (`id`, `user_id`, `hashed_password`) VALUES ('email:14@artist.com', 'wta1gai6fcj2lbc', 's2:ypixvsa9kdptdm5e:9772b9b97a807a7f47ec6097088d2a4024dba58149f0ca73e063e373505e7d6d73558d9111681e34fee10c4b14d8ee4af03030521f41d555cc1fef79872ce189');
INSERT INTO `artist` (`id`, `bio`, `name`) VALUES ('wta1gai6fcj2lbc', 'An avant-garde R&B artist painting vivid stories through her music.', 'SZA');
INSERT INTO `album` (`id`, `artist_id`, `cover_image_url`, `name`, `created_at`) VALUES ('mltj0zxnt92xaxzo12bjl5i40d7641omoy9objm9a676qmxrds','wta1gai6fcj2lbc', 'https://i.scdn.co/image/ab67616d0000b2730c471c36970b9406233842a5', 'SZA Album','2023-11-17 17:00:08.000');
INSERT INTO `song` (`id`, `name`, `artist_id`,`duration`, `genre`, `spotify_id`, `preview_url`, `created_at`) VALUES ('pcgc0fnoygo4dwqw089nuotx0t2kr75g1954imz7h6ndral8nz','Kill Bill','wta1gai6fcj2lbc',100,'POP','1Qrg8KqiBpW07V7PNxwwwL','https://p.scdn.co/mp3-preview/4bd2dc84016f3743add7eea8b988407b1b900672?cid=6c77115735724c94af0b7a434aef3fc3','2023-11-17 17:00:08.000');
INSERT INTO `album_songs`(`album_id`, `song_id`, `order`) VALUES ('mltj0zxnt92xaxzo12bjl5i40d7641omoy9objm9a676qmxrds', 'pcgc0fnoygo4dwqw089nuotx0t2kr75g1954imz7h6ndral8nz', '0');
INSERT INTO `song` (`id`, `name`, `artist_id`,`duration`, `genre`, `spotify_id`, `preview_url`, `created_at`) VALUES ('1qpw4s4fd9qn331tm94gocrkjzh7ucy1n2uppekyrn5md76v75','Snooze','wta1gai6fcj2lbc',100,'POP','4iZ4pt7kvcaH6Yo8UoZ4s2','https://p.scdn.co/mp3-preview/8c53920b5fd2c3178afa36cac9eec68b5ee9204a?cid=6c77115735724c94af0b7a434aef3fc3','2023-11-17 17:00:08.000');
INSERT INTO `album_songs`(`album_id`, `song_id`, `order`) VALUES ('mltj0zxnt92xaxzo12bjl5i40d7641omoy9objm9a676qmxrds', '1qpw4s4fd9qn331tm94gocrkjzh7ucy1n2uppekyrn5md76v75', '1');
-- Fifty Fifty
INSERT INTO `auth_user` (`id`, `username`, `email`, `profile_image_url`, `created_at`) VALUES ('s7vog63kqskb377', 'Fifty Fifty', '15@artist.com', 'https://i.scdn.co/image/ab6761610000e5eb5a60b0f886b5deb8518e4a41','2023-11-17 17:00:08.000');
INSERT INTO `user_key` (`id`, `user_id`, `hashed_password`) VALUES ('email:15@artist.com', 's7vog63kqskb377', 's2:ypixvsa9kdptdm5e:9772b9b97a807a7f47ec6097088d2a4024dba58149f0ca73e063e373505e7d6d73558d9111681e34fee10c4b14d8ee4af03030521f41d555cc1fef79872ce189');
INSERT INTO `artist` (`id`, `bio`, `name`) VALUES ('s7vog63kqskb377', 'Blending a rich array of genres to create a unique musical experience.', 'Fifty Fifty');
INSERT INTO `album` (`id`, `artist_id`, `cover_image_url`, `name`, `created_at`) VALUES ('ga1tj6s49x08k46gyc1jbqs96inmvos5t1znk56crsfp6iulif','s7vog63kqskb377', 'https://i.scdn.co/image/ab67616d0000b27337c0b3670236c067c8e8bbcb', 'Fifty Fifty Album','2023-11-17 17:00:08.000');
INSERT INTO `song` (`id`, `name`, `artist_id`,`duration`, `genre`, `spotify_id`, `preview_url`, `created_at`) VALUES ('aatevsbtefs4dmom648pxttlgbwizgufhh3srpnndflxw8yz48','Cupid - Twin Ver.','s7vog63kqskb377',100,'POP','7FbrGaHYVDmfr7KoLIZnQ7','https://p.scdn.co/mp3-preview/af5c16d4c69be9b3278e7079d5aab14aa425127b?cid=6c77115735724c94af0b7a434aef3fc3','2023-11-17 17:00:08.000');
INSERT INTO `album_songs`(`album_id`, `song_id`, `order`) VALUES ('ga1tj6s49x08k46gyc1jbqs96inmvos5t1znk56crsfp6iulif', 'aatevsbtefs4dmom648pxttlgbwizgufhh3srpnndflxw8yz48', '0');
-- Billie Eilish
INSERT INTO `auth_user` (`id`, `username`, `email`, `profile_image_url`, `created_at`) VALUES ('6rg739946fhqqb9', 'Billie Eilish', '16@artist.com', 'https://i.scdn.co/image/ab6761610000e5ebd8b9980db67272cb4d2c3daf','2023-11-17 17:00:08.000');
INSERT INTO `user_key` (`id`, `user_id`, `hashed_password`) VALUES ('email:16@artist.com', '6rg739946fhqqb9', 's2:ypixvsa9kdptdm5e:9772b9b97a807a7f47ec6097088d2a4024dba58149f0ca73e063e373505e7d6d73558d9111681e34fee10c4b14d8ee4af03030521f41d555cc1fef79872ce189');
INSERT INTO `artist` (`id`, `bio`, `name`) VALUES ('6rg739946fhqqb9', 'An icon in modern pop, known for her haunting vocals and introspective lyrics.', 'Billie Eilish');
INSERT INTO `album` (`id`, `artist_id`, `cover_image_url`, `name`, `created_at`) VALUES ('5e2d294ak2b97dtucbrjcuf0z2acqzkdzs5gsxo5w7j7fub85f','6rg739946fhqqb9', NULL, 'Billie Eilish Album','2023-11-17 17:00:08.000');
INSERT INTO `song` (`id`, `name`, `artist_id`,`duration`, `genre`, `spotify_id`, `preview_url`, `created_at`) VALUES ('4lma19s2u2uqd8u8pfdm29h8ikpoxvh9w8b8zmm49dcz89kbqw','What Was I Made For? [From The Motion Picture "Barbie"]','6rg739946fhqqb9',100,'POP',NULL,NULL,'2023-11-17 17:00:08.000');
INSERT INTO `album_songs`(`album_id`, `song_id`, `order`) VALUES ('5e2d294ak2b97dtucbrjcuf0z2acqzkdzs5gsxo5w7j7fub85f', '4lma19s2u2uqd8u8pfdm29h8ikpoxvh9w8b8zmm49dcz89kbqw', '0');
-- Feid
INSERT INTO `auth_user` (`id`, `username`, `email`, `profile_image_url`, `created_at`) VALUES ('6crgdwf65s59u54', 'Feid', '17@artist.com', 'https://i.scdn.co/image/ab6761610000e5eb0a248d29f8faa91f971e5cae','2023-11-17 17:00:08.000');
INSERT INTO `user_key` (`id`, `user_id`, `hashed_password`) VALUES ('email:17@artist.com', '6crgdwf65s59u54', 's2:ypixvsa9kdptdm5e:9772b9b97a807a7f47ec6097088d2a4024dba58149f0ca73e063e373505e7d6d73558d9111681e34fee10c4b14d8ee4af03030521f41d555cc1fef79872ce189');
INSERT INTO `artist` (`id`, `bio`, `name`) VALUES ('6crgdwf65s59u54', 'A standout artist in urban Latin music, known for his catchy melodies and smooth vocals.', 'Feid');
INSERT INTO `album` (`id`, `artist_id`, `cover_image_url`, `name`, `created_at`) VALUES ('p6nt4w8bhoz5rf63fs0qdppmgs1nke6i3msj0i01dxm0kln68c','6crgdwf65s59u54', 'https://i.scdn.co/image/ab67616d0000b27329ebee2b5fb008871fcd201a', 'Feid Album','2023-11-17 17:00:08.000');
INSERT INTO `song` (`id`, `name`, `artist_id`,`duration`, `genre`, `spotify_id`, `preview_url`, `created_at`) VALUES ('7d4wbkl8rt08dpb3mede28ygcuiqi06rp1oynjr4n6uwofss8r','Classy 101','6crgdwf65s59u54',100,'POP','6XSqqQIy7Lm7SnwxS4NrGx',NULL,'2023-11-17 17:00:08.000');
INSERT INTO `album_songs`(`album_id`, `song_id`, `order`) VALUES ('p6nt4w8bhoz5rf63fs0qdppmgs1nke6i3msj0i01dxm0kln68c', '7d4wbkl8rt08dpb3mede28ygcuiqi06rp1oynjr4n6uwofss8r', '0');
INSERT INTO `song` (`id`, `name`, `artist_id`,`duration`, `genre`, `spotify_id`, `preview_url`, `created_at`) VALUES ('m3hsd0wsm5hyvvozrjmc6usk721eqxiq4lg2nqhb1wf74y05oq','El Cielo','6crgdwf65s59u54',100,'POP',NULL,NULL,'2023-11-17 17:00:08.000');
INSERT INTO `album_songs`(`album_id`, `song_id`, `order`) VALUES ('p6nt4w8bhoz5rf63fs0qdppmgs1nke6i3msj0i01dxm0kln68c', 'm3hsd0wsm5hyvvozrjmc6usk721eqxiq4lg2nqhb1wf74y05oq', '1');
-- Jimin
INSERT INTO `auth_user` (`id`, `username`, `email`, `profile_image_url`, `created_at`) VALUES ('e1o69tacoie9xkq', 'Jimin', '18@artist.com', 'https://i.scdn.co/image/ab6761610000e5eb59f8cfc8e71dcaf8c6ec4bde','2023-11-17 17:00:08.000');
INSERT INTO `user_key` (`id`, `user_id`, `hashed_password`) VALUES ('email:18@artist.com', 'e1o69tacoie9xkq', 's2:ypixvsa9kdptdm5e:9772b9b97a807a7f47ec6097088d2a4024dba58149f0ca73e063e373505e7d6d73558d9111681e34fee10c4b14d8ee4af03030521f41d555cc1fef79872ce189');
INSERT INTO `artist` (`id`, `bio`, `name`) VALUES ('e1o69tacoie9xkq', 'Known for his expressive voice and mesmerizing dance moves in BTS.', 'Jimin');
INSERT INTO `album` (`id`, `artist_id`, `cover_image_url`, `name`, `created_at`) VALUES ('ipqbrqo714n5m6be635dgxn2a4sg146rhu404skqvtd3ea9v1y','e1o69tacoie9xkq', 'https://i.scdn.co/image/ab67616d0000b2732b46078245d0120690eb560d', 'Jimin Album','2023-11-17 17:00:08.000');
INSERT INTO `song` (`id`, `name`, `artist_id`,`duration`, `genre`, `spotify_id`, `preview_url`, `created_at`) VALUES ('1a7vg5lx2e8qpg17j05ad7ovpqgk3hdnzv6hocsxrdza7u7od7','Like Crazy','e1o69tacoie9xkq',100,'POP','3Ua0m0YmEjrMi9XErKcNiR','https://p.scdn.co/mp3-preview/2db5f36096963d97afc870c50990d62d27858a43?cid=6c77115735724c94af0b7a434aef3fc3','2023-11-17 17:00:08.000');
INSERT INTO `album_songs`(`album_id`, `song_id`, `order`) VALUES ('ipqbrqo714n5m6be635dgxn2a4sg146rhu404skqvtd3ea9v1y', '1a7vg5lx2e8qpg17j05ad7ovpqgk3hdnzv6hocsxrdza7u7od7', '0');
-- Gabito Ballesteros
INSERT INTO `auth_user` (`id`, `username`, `email`, `profile_image_url`, `created_at`) VALUES ('3ye1s0gfz3380t7', 'Gabito Ballesteros', '19@artist.com', 'https://i.scdn.co/image/ab6761610000e5eb730e71d60e047f1061a9e697','2023-11-17 17:00:08.000');
INSERT INTO `user_key` (`id`, `user_id`, `hashed_password`) VALUES ('email:19@artist.com', '3ye1s0gfz3380t7', 's2:ypixvsa9kdptdm5e:9772b9b97a807a7f47ec6097088d2a4024dba58149f0ca73e063e373505e7d6d73558d9111681e34fee10c4b14d8ee4af03030521f41d555cc1fef79872ce189');
INSERT INTO `artist` (`id`, `bio`, `name`) VALUES ('3ye1s0gfz3380t7', 'A vibrant force in the music scene, infusing every performance with passion.', 'Gabito Ballesteros');
INSERT INTO `album` (`id`, `artist_id`, `cover_image_url`, `name`, `created_at`) VALUES ('y4lcjzpeualcdxxe3w2i9d8788t0ymggpl1qzt00x4e50jewro','3ye1s0gfz3380t7', NULL, 'Gabito Ballesteros Album','2023-11-17 17:00:08.000');
INSERT INTO `song` (`id`, `name`, `artist_id`,`duration`, `genre`, `spotify_id`, `preview_url`, `created_at`) VALUES ('5swfroyuhp5qa0xia4piy8irs5kysuvizscf4z7dn6bxj6akry','LADY GAGA','3ye1s0gfz3380t7',100,'POP',NULL,NULL,'2023-11-17 17:00:08.000');
INSERT INTO `album_songs`(`album_id`, `song_id`, `order`) VALUES ('y4lcjzpeualcdxxe3w2i9d8788t0ymggpl1qzt00x4e50jewro', '5swfroyuhp5qa0xia4piy8irs5kysuvizscf4z7dn6bxj6akry', '0');
-- Arctic Monkeys
INSERT INTO `auth_user` (`id`, `username`, `email`, `profile_image_url`, `created_at`) VALUES ('0y98ivnqvyk7wvl', 'Arctic Monkeys', '20@artist.com', 'https://i.scdn.co/image/ab6761610000e5eb7da39dea0a72f581535fb11f','2023-11-17 17:00:08.000');
INSERT INTO `user_key` (`id`, `user_id`, `hashed_password`) VALUES ('email:20@artist.com', '0y98ivnqvyk7wvl', 's2:ypixvsa9kdptdm5e:9772b9b97a807a7f47ec6097088d2a4024dba58149f0ca73e063e373505e7d6d73558d9111681e34fee10c4b14d8ee4af03030521f41d555cc1fef79872ce189');
INSERT INTO `artist` (`id`, `bio`, `name`) VALUES ('0y98ivnqvyk7wvl', 'Rock innovators, known for their sharp lyrics and compelling sound.', 'Arctic Monkeys');
INSERT INTO `album` (`id`, `artist_id`, `cover_image_url`, `name`, `created_at`) VALUES ('9tcumx7lumvlfi19hjwggtsv8y53tza224cmj07p0a2zzhhj0c','0y98ivnqvyk7wvl', 'https://i.scdn.co/image/ab67616d0000b2734ae1c4c5c45aabe565499163', 'Arctic Monkeys Album','2023-11-17 17:00:08.000');
INSERT INTO `song` (`id`, `name`, `artist_id`,`duration`, `genre`, `spotify_id`, `preview_url`, `created_at`) VALUES ('5wgry098ycjp5rmrmq0lmalkeap0dobbef615ifa4yxspmdjlc','I Wanna Be Yours','0y98ivnqvyk7wvl',100,'POP','5XeFesFbtLpXzIVDNQP22n','https://p.scdn.co/mp3-preview/07de30bde8363d9ff78b72339245c151f67af451?cid=6c77115735724c94af0b7a434aef3fc3','2023-11-17 17:00:08.000');
INSERT INTO `album_songs`(`album_id`, `song_id`, `order`) VALUES ('9tcumx7lumvlfi19hjwggtsv8y53tza224cmj07p0a2zzhhj0c', '5wgry098ycjp5rmrmq0lmalkeap0dobbef615ifa4yxspmdjlc', '0');
-- Bizarrap
INSERT INTO `auth_user` (`id`, `username`, `email`, `profile_image_url`, `created_at`) VALUES ('bmeuonn31dhpiji', 'Bizarrap', '21@artist.com', 'https://i.scdn.co/image/ab6761610000e5eb730e71d60e047f1061a9e697','2023-11-17 17:00:08.000');
INSERT INTO `user_key` (`id`, `user_id`, `hashed_password`) VALUES ('email:21@artist.com', 'bmeuonn31dhpiji', 's2:ypixvsa9kdptdm5e:9772b9b97a807a7f47ec6097088d2a4024dba58149f0ca73e063e373505e7d6d73558d9111681e34fee10c4b14d8ee4af03030521f41d555cc1fef79872ce189');
INSERT INTO `artist` (`id`, `bio`, `name`) VALUES ('bmeuonn31dhpiji', 'Revolutionizing the music scene with his unique production style and collaborations.', 'Bizarrap');
INSERT INTO `album` (`id`, `artist_id`, `cover_image_url`, `name`, `created_at`) VALUES ('3wqlgd6qnpeq5gpdnawas19s5nz6tjyow4scgx9qkip4oezgos','bmeuonn31dhpiji', 'https://i.scdn.co/image/ab67616d0000b27315583045b2fdb7d7bab10e81', 'Bizarrap Album','2023-11-17 17:00:08.000');
INSERT INTO `song` (`id`, `name`, `artist_id`,`duration`, `genre`, `spotify_id`, `preview_url`, `created_at`) VALUES ('iqrsiqtubg20txklfy28um6lhcywtwb0l2dnb243ty0vfufux2','Peso Pluma: Bzrp Music Sessions, Vol. 55','bmeuonn31dhpiji',100,'POP','5AqiaZwhmC6dIbgWrD5SzV','https://p.scdn.co/mp3-preview/9d61998a29c2e8b52a7d46885352f5507eb219e2?cid=6c77115735724c94af0b7a434aef3fc3','2023-11-17 17:00:08.000');
INSERT INTO `album_songs`(`album_id`, `song_id`, `order`) VALUES ('3wqlgd6qnpeq5gpdnawas19s5nz6tjyow4scgx9qkip4oezgos', 'iqrsiqtubg20txklfy28um6lhcywtwb0l2dnb243ty0vfufux2', '0');
INSERT INTO `song` (`id`, `name`, `artist_id`,`duration`, `genre`, `spotify_id`, `preview_url`, `created_at`) VALUES ('49lznl46qpj49kppeff6hsu39fw5ifn8kw8ub1m762x4yxsz3g','Quevedo: Bzrp Music Sessions, Vol. 52','bmeuonn31dhpiji',100,'POP','2tTmW7RDtMQtBk7m2rYeSw','https://p.scdn.co/mp3-preview/e9c0ed735e611f6af45bc946bd4c31590df09ed6?cid=6c77115735724c94af0b7a434aef3fc3','2023-11-17 17:00:08.000');
INSERT INTO `album_songs`(`album_id`, `song_id`, `order`) VALUES ('3wqlgd6qnpeq5gpdnawas19s5nz6tjyow4scgx9qkip4oezgos', '49lznl46qpj49kppeff6hsu39fw5ifn8kw8ub1m762x4yxsz3g', '1');
-- The Weeknd
INSERT INTO `auth_user` (`id`, `username`, `email`, `profile_image_url`, `created_at`) VALUES ('c7uv3dg4n0sk6tq', 'The Weeknd', '22@artist.com', NULL,'2023-11-17 17:00:08.000');
INSERT INTO `user_key` (`id`, `user_id`, `hashed_password`) VALUES ('email:22@artist.com', 'c7uv3dg4n0sk6tq', 's2:ypixvsa9kdptdm5e:9772b9b97a807a7f47ec6097088d2a4024dba58149f0ca73e063e373505e7d6d73558d9111681e34fee10c4b14d8ee4af03030521f41d555cc1fef79872ce189');
INSERT INTO `artist` (`id`, `bio`, `name`) VALUES ('c7uv3dg4n0sk6tq', 'A trailblazer in the world of R&B, constantly redefining the genre.', 'The Weeknd');
INSERT INTO `album` (`id`, `artist_id`, `cover_image_url`, `name`, `created_at`) VALUES ('tuh7gl7x7h2yopymoegxp9ksowm3nyn942kn85k55isiugrrbb','c7uv3dg4n0sk6tq', NULL, 'The Weeknd Album','2023-11-17 17:00:08.000');
INSERT INTO `song` (`id`, `name`, `artist_id`,`duration`, `genre`, `spotify_id`, `preview_url`, `created_at`) VALUES ('phv3vrsdd5pa6vh7ebzud8svwpvyvr3ejcrq6dt9ztbxe5tfo9','Popular (with Playboi Carti & Madonna) - The Idol Vol. 1 (Music from the HBO Original Series)','c7uv3dg4n0sk6tq',100,'POP',NULL,NULL,'2023-11-17 17:00:08.000');
INSERT INTO `album_songs`(`album_id`, `song_id`, `order`) VALUES ('tuh7gl7x7h2yopymoegxp9ksowm3nyn942kn85k55isiugrrbb', 'phv3vrsdd5pa6vh7ebzud8svwpvyvr3ejcrq6dt9ztbxe5tfo9', '0');
INSERT INTO `song` (`id`, `name`, `artist_id`,`duration`, `genre`, `spotify_id`, `preview_url`, `created_at`) VALUES ('864bmbkj52lldhg2vyh4vjclgcfzfhahvj5ragbdsi6ac9e0ig','Creepin','c7uv3dg4n0sk6tq',100,'POP','0GVaOXDGwtnH8gCURYyEaK','https://p.scdn.co/mp3-preview/a2b11e2f0cb8ef4a0316a686e73da9ec2b203e6e?cid=6c77115735724c94af0b7a434aef3fc3','2023-11-17 17:00:08.000');
INSERT INTO `album_songs`(`album_id`, `song_id`, `order`) VALUES ('tuh7gl7x7h2yopymoegxp9ksowm3nyn942kn85k55isiugrrbb', '864bmbkj52lldhg2vyh4vjclgcfzfhahvj5ragbdsi6ac9e0ig', '1');
INSERT INTO `song` (`id`, `name`, `artist_id`,`duration`, `genre`, `spotify_id`, `preview_url`, `created_at`) VALUES ('altmctgmw45i7lhml6xmck05iv2anmdj6nz7moor4ta3njiydf','Die For You','c7uv3dg4n0sk6tq',100,'POP','2LBqCSwhJGcFQeTHMVGwy3',NULL,'2023-11-17 17:00:08.000');
INSERT INTO `album_songs`(`album_id`, `song_id`, `order`) VALUES ('tuh7gl7x7h2yopymoegxp9ksowm3nyn942kn85k55isiugrrbb', 'altmctgmw45i7lhml6xmck05iv2anmdj6nz7moor4ta3njiydf', '2');
INSERT INTO `song` (`id`, `name`, `artist_id`,`duration`, `genre`, `spotify_id`, `preview_url`, `created_at`) VALUES ('m70mibs7yfdlxu0kas9rcidyeaqf03p783uukzm4zeun9mq9om','Starboy','c7uv3dg4n0sk6tq',100,'POP','7MXVkk9YMctZqd1Srtv4MB',NULL,'2023-11-17 17:00:08.000');
INSERT INTO `album_songs`(`album_id`, `song_id`, `order`) VALUES ('tuh7gl7x7h2yopymoegxp9ksowm3nyn942kn85k55isiugrrbb', 'm70mibs7yfdlxu0kas9rcidyeaqf03p783uukzm4zeun9mq9om', '3');
INSERT INTO `song` (`id`, `name`, `artist_id`,`duration`, `genre`, `spotify_id`, `preview_url`, `created_at`) VALUES ('z895jr3zh1capfzxdfsmpibe609und16sqe0osy4mqj3tggyi5','Blinding Lights','c7uv3dg4n0sk6tq',100,'POP','0VjIjW4GlUZAMYd2vXMi3b',NULL,'2023-11-17 17:00:08.000');
INSERT INTO `album_songs`(`album_id`, `song_id`, `order`) VALUES ('tuh7gl7x7h2yopymoegxp9ksowm3nyn942kn85k55isiugrrbb', 'z895jr3zh1capfzxdfsmpibe609und16sqe0osy4mqj3tggyi5', '4');
-- Fuerza Regida
INSERT INTO `auth_user` (`id`, `username`, `email`, `profile_image_url`, `created_at`) VALUES ('n3fxqzofqunzf8t', 'Fuerza Regida', '23@artist.com', 'https://i.scdn.co/image/ab6761610000e5eb1b85fbf9507041aab224336d','2023-11-17 17:00:08.000');
INSERT INTO `user_key` (`id`, `user_id`, `hashed_password`) VALUES ('email:23@artist.com', 'n3fxqzofqunzf8t', 's2:ypixvsa9kdptdm5e:9772b9b97a807a7f47ec6097088d2a4024dba58149f0ca73e063e373505e7d6d73558d9111681e34fee10c4b14d8ee4af03030521f41d555cc1fef79872ce189');
INSERT INTO `artist` (`id`, `bio`, `name`) VALUES ('n3fxqzofqunzf8t', 'Revitalizing the regional music scene with their unique sound and powerful lyrics.', 'Fuerza Regida');
INSERT INTO `album` (`id`, `artist_id`, `cover_image_url`, `name`, `created_at`) VALUES ('1z0hjammck06witippn77yzxziboeusfxn32mrh6zo1bsn5xyb','n3fxqzofqunzf8t', 'https://i.scdn.co/image/ab67616d0000b273cfe3eb72c48b93971e53efd9', 'Fuerza Regida Album','2023-11-17 17:00:08.000');
INSERT INTO `song` (`id`, `name`, `artist_id`,`duration`, `genre`, `spotify_id`, `preview_url`, `created_at`) VALUES ('ypn75fpj6ua7d890isqydxszmzflu350fm4b184j9xi4ie4wh9','SABOR FRESA','n3fxqzofqunzf8t',100,'POP','1UMm1Qs3u59Wvk53zBUE8r','https://p.scdn.co/mp3-preview/590ae0b69465339d97ef5db9f7e36fe0c452fbb4?cid=6c77115735724c94af0b7a434aef3fc3','2023-11-17 17:00:08.000');
INSERT INTO `album_songs`(`album_id`, `song_id`, `order`) VALUES ('1z0hjammck06witippn77yzxziboeusfxn32mrh6zo1bsn5xyb', 'ypn75fpj6ua7d890isqydxszmzflu350fm4b184j9xi4ie4wh9', '0');
INSERT INTO `song` (`id`, `name`, `artist_id`,`duration`, `genre`, `spotify_id`, `preview_url`, `created_at`) VALUES ('grl5zpfi8lfjik6nm1kpg1yfs6igvtt3yzmbpqoj78kczub8p6','TQM','n3fxqzofqunzf8t',100,'POP','368eeEO3Y2uZUQ6S5oIjcu','https://p.scdn.co/mp3-preview/63f6b66cfcc3d7bd396dcbe18d6e3dee05fdb956?cid=6c77115735724c94af0b7a434aef3fc3','2023-11-17 17:00:08.000');
INSERT INTO `album_songs`(`album_id`, `song_id`, `order`) VALUES ('1z0hjammck06witippn77yzxziboeusfxn32mrh6zo1bsn5xyb', 'grl5zpfi8lfjik6nm1kpg1yfs6igvtt3yzmbpqoj78kczub8p6', '1');
-- Rma
INSERT INTO `auth_user` (`id`, `username`, `email`, `profile_image_url`, `created_at`) VALUES ('j3i6gmx1q65etnb', 'Rma', '24@artist.com', 'https://i.scdn.co/image/ab6761610000e5eb0c8eb928813cd06614c0710d','2023-11-17 17:00:08.000');
INSERT INTO `user_key` (`id`, `user_id`, `hashed_password`) VALUES ('email:24@artist.com', 'j3i6gmx1q65etnb', 's2:ypixvsa9kdptdm5e:9772b9b97a807a7f47ec6097088d2a4024dba58149f0ca73e063e373505e7d6d73558d9111681e34fee10c4b14d8ee4af03030521f41d555cc1fef79872ce189');
INSERT INTO `artist` (`id`, `bio`, `name`) VALUES ('j3i6gmx1q65etnb', 'Pioneering new sounds and delivering electrifying performances.', 'Rma');
INSERT INTO `album` (`id`, `artist_id`, `cover_image_url`, `name`, `created_at`) VALUES ('cr5gfrdzbf72nywfh14mcaxfvtcwn4wbnzi46gsfh8ybern0fl','j3i6gmx1q65etnb', NULL, 'Rma Album','2023-11-17 17:00:08.000');
INSERT INTO `song` (`id`, `name`, `artist_id`,`duration`, `genre`, `spotify_id`, `preview_url`, `created_at`) VALUES ('kxkh4co5olnzyva55mbykydob0kdy0mbsbg8qhg7frb0s6l4ja','Calm Down (with Selena Gomez)','j3i6gmx1q65etnb',100,'POP',NULL,NULL,'2023-11-17 17:00:08.000');
INSERT INTO `album_songs`(`album_id`, `song_id`, `order`) VALUES ('cr5gfrdzbf72nywfh14mcaxfvtcwn4wbnzi46gsfh8ybern0fl', 'kxkh4co5olnzyva55mbykydob0kdy0mbsbg8qhg7frb0s6l4ja', '0');
-- Tainy
INSERT INTO `auth_user` (`id`, `username`, `email`, `profile_image_url`, `created_at`) VALUES ('ftlba0ylxq1m14t', 'Tainy', '25@artist.com', 'https://i.scdn.co/image/ab6761610000e5ebb50d43598b9074f0d6146127','2023-11-17 17:00:08.000');
INSERT INTO `user_key` (`id`, `user_id`, `hashed_password`) VALUES ('email:25@artist.com', 'ftlba0ylxq1m14t', 's2:ypixvsa9kdptdm5e:9772b9b97a807a7f47ec6097088d2a4024dba58149f0ca73e063e373505e7d6d73558d9111681e34fee10c4b14d8ee4af03030521f41d555cc1fef79872ce189');
INSERT INTO `artist` (`id`, `bio`, `name`) VALUES ('ftlba0ylxq1m14t', 'Revolutionizing reggaeton and Latin music with groundbreaking production.', 'Tainy');
INSERT INTO `album` (`id`, `artist_id`, `cover_image_url`, `name`, `created_at`) VALUES ('9kdz75ycak0qi9asqd1crc9ux3vjcyc1oyv0uo24mg8zlqluxa','ftlba0ylxq1m14t', 'https://i.scdn.co/image/ab67616d0000b273de7b9af78fbdda96c5a0635b', 'Tainy Album','2023-11-17 17:00:08.000');
INSERT INTO `song` (`id`, `name`, `artist_id`,`duration`, `genre`, `spotify_id`, `preview_url`, `created_at`) VALUES ('wtcrbn0d59f0gajc0hw7ya1jv1v6wr8qe8flupp2balvndy35d','MOJABI GHOST','ftlba0ylxq1m14t',100,'POP','4eMKD8MRroxCqugpsxCCNb','https://p.scdn.co/mp3-preview/a6d8180d52b759c3e3db9aa78e841ffc06e26c17?cid=6c77115735724c94af0b7a434aef3fc3','2023-11-17 17:00:08.000');
INSERT INTO `album_songs`(`album_id`, `song_id`, `order`) VALUES ('9kdz75ycak0qi9asqd1crc9ux3vjcyc1oyv0uo24mg8zlqluxa', 'wtcrbn0d59f0gajc0hw7ya1jv1v6wr8qe8flupp2balvndy35d', '0');
-- Morgan Wallen
INSERT INTO `auth_user` (`id`, `username`, `email`, `profile_image_url`, `created_at`) VALUES ('bz8faomvcko59xa', 'Morgan Wallen', '26@artist.com', 'https://i.scdn.co/image/ab6761610000e5eb21ed0100a3a4e5aa3c57f6dd','2023-11-17 17:00:08.000');
INSERT INTO `user_key` (`id`, `user_id`, `hashed_password`) VALUES ('email:26@artist.com', 'bz8faomvcko59xa', 's2:ypixvsa9kdptdm5e:9772b9b97a807a7f47ec6097088d2a4024dba58149f0ca73e063e373505e7d6d73558d9111681e34fee10c4b14d8ee4af03030521f41d555cc1fef79872ce189');
INSERT INTO `artist` (`id`, `bio`, `name`) VALUES ('bz8faomvcko59xa', 'Blending country charm with rock energy to create memorable tunes.', 'Morgan Wallen');
INSERT INTO `album` (`id`, `artist_id`, `cover_image_url`, `name`, `created_at`) VALUES ('sk3g0178o81q1s3p201sxixwgu9qdpvmgyi2yozf6kfp4e20y3','bz8faomvcko59xa', 'https://i.scdn.co/image/ab67616d0000b273705079df9a25a28b452c1fc9', 'Morgan Wallen Album','2023-11-17 17:00:08.000');
INSERT INTO `song` (`id`, `name`, `artist_id`,`duration`, `genre`, `spotify_id`, `preview_url`, `created_at`) VALUES ('v00edu4a82tdrfu9v1knh3ej5i2bvs7n2eay42wzmtwvaebawm','Last Night','bz8faomvcko59xa',100,'POP','7K3BhSpAxZBznislvUMVtn',NULL,'2023-11-17 17:00:08.000');
INSERT INTO `album_songs`(`album_id`, `song_id`, `order`) VALUES ('sk3g0178o81q1s3p201sxixwgu9qdpvmgyi2yozf6kfp4e20y3', 'v00edu4a82tdrfu9v1knh3ej5i2bvs7n2eay42wzmtwvaebawm', '0');
-- Dua Lipa
INSERT INTO `auth_user` (`id`, `username`, `email`, `profile_image_url`, `created_at`) VALUES ('ex5chxsr9u3zrzo', 'Dua Lipa', '27@artist.com', 'https://i.scdn.co/image/ab6761610000e5eb1bbee4a02f85ecc58d385c3e','2023-11-17 17:00:08.000');
INSERT INTO `user_key` (`id`, `user_id`, `hashed_password`) VALUES ('email:27@artist.com', 'ex5chxsr9u3zrzo', 's2:ypixvsa9kdptdm5e:9772b9b97a807a7f47ec6097088d2a4024dba58149f0ca73e063e373505e7d6d73558d9111681e34fee10c4b14d8ee4af03030521f41d555cc1fef79872ce189');
INSERT INTO `artist` (`id`, `bio`, `name`) VALUES ('ex5chxsr9u3zrzo', 'A pop phenomenon, known for her empowering anthems and dynamic presence.', 'Dua Lipa');
INSERT INTO `album` (`id`, `artist_id`, `cover_image_url`, `name`, `created_at`) VALUES ('nc9xmff6x41kqqbhq5tl7h0og413bknlzm5qky4podjwrhyd1g','ex5chxsr9u3zrzo', 'https://i.scdn.co/image/ab67616d0000b2737dd3ba455ee3390cb55b0192', 'Dua Lipa Album','2023-11-17 17:00:08.000');
INSERT INTO `song` (`id`, `name`, `artist_id`,`duration`, `genre`, `spotify_id`, `preview_url`, `created_at`) VALUES ('776prx6tzd195qphaqgnh9pvgsy5as5d06rb3zaz8nshj0qntp','Dance The Night (From Barbie The Album)','ex5chxsr9u3zrzo',100,'POP','1vYXt7VSjH9JIM5oRRo7vA','https://p.scdn.co/mp3-preview/acaea048f50a3b30ca24b348c84a6047373baabb?cid=6c77115735724c94af0b7a434aef3fc3','2023-11-17 17:00:08.000');
INSERT INTO `album_songs`(`album_id`, `song_id`, `order`) VALUES ('nc9xmff6x41kqqbhq5tl7h0og413bknlzm5qky4podjwrhyd1g', '776prx6tzd195qphaqgnh9pvgsy5as5d06rb3zaz8nshj0qntp', '0');
-- Troye Sivan
INSERT INTO `auth_user` (`id`, `username`, `email`, `profile_image_url`, `created_at`) VALUES ('pyt4bimsdqwphep', 'Troye Sivan', '28@artist.com', 'https://i.scdn.co/image/ab6761610000e5eb26e8cb3ff6fc7744b312811b','2023-11-17 17:00:08.000');
INSERT INTO `user_key` (`id`, `user_id`, `hashed_password`) VALUES ('email:28@artist.com', 'pyt4bimsdqwphep', 's2:ypixvsa9kdptdm5e:9772b9b97a807a7f47ec6097088d2a4024dba58149f0ca73e063e373505e7d6d73558d9111681e34fee10c4b14d8ee4af03030521f41d555cc1fef79872ce189');
INSERT INTO `artist` (`id`, `bio`, `name`) VALUES ('pyt4bimsdqwphep', 'A voice that encapsulates the spirit of modern pop.', 'Troye Sivan');
INSERT INTO `album` (`id`, `artist_id`, `cover_image_url`, `name`, `created_at`) VALUES ('zmzy89z9e0q5bh4j983l69ks69g5zp9sd5zyp1gktq771071gi','pyt4bimsdqwphep', 'https://i.scdn.co/image/ab67616d0000b27367103283a4eb57578a428252', 'Troye Sivan Album','2023-11-17 17:00:08.000');
INSERT INTO `song` (`id`, `name`, `artist_id`,`duration`, `genre`, `spotify_id`, `preview_url`, `created_at`) VALUES ('ah9pcz6gtauaq3md5p4kj2efe0ut50dknx6xohtlcwggv0z4b2','Rush','pyt4bimsdqwphep',100,'POP','4ZnkygoWLzcGbQYCm3lkae',NULL,'2023-11-17 17:00:08.000');
INSERT INTO `album_songs`(`album_id`, `song_id`, `order`) VALUES ('zmzy89z9e0q5bh4j983l69ks69g5zp9sd5zyp1gktq771071gi', 'ah9pcz6gtauaq3md5p4kj2efe0ut50dknx6xohtlcwggv0z4b2', '0');
-- Karol G
INSERT INTO `auth_user` (`id`, `username`, `email`, `profile_image_url`, `created_at`) VALUES ('djl91lsgx3mdt3f', 'Karol G', '29@artist.com', 'https://i.scdn.co/image/ab6761610000e5ebeb97a2403d7b9a631ce0f59c','2023-11-17 17:00:08.000');
INSERT INTO `user_key` (`id`, `user_id`, `hashed_password`) VALUES ('email:29@artist.com', 'djl91lsgx3mdt3f', 's2:ypixvsa9kdptdm5e:9772b9b97a807a7f47ec6097088d2a4024dba58149f0ca73e063e373505e7d6d73558d9111681e34fee10c4b14d8ee4af03030521f41d555cc1fef79872ce189');
INSERT INTO `artist` (`id`, `bio`, `name`) VALUES ('djl91lsgx3mdt3f', 'A queen of reggaeton, known for her empowering anthems and vibrant performances.', 'Karol G');
INSERT INTO `album` (`id`, `artist_id`, `cover_image_url`, `name`, `created_at`) VALUES ('i5r6cmq46d6shlw1klothio1b380s243zoz4ledmiclln3veg3','djl91lsgx3mdt3f', 'https://i.scdn.co/image/ab67616d0000b27382de1ca074ae63cb18fce335', 'Karol G Album','2023-11-17 17:00:08.000');
INSERT INTO `song` (`id`, `name`, `artist_id`,`duration`, `genre`, `spotify_id`, `preview_url`, `created_at`) VALUES ('uu8ibsafrhfgzfs2qu7e5k07tua0dg1vpdiwi3h4atbmvnqq1i','TQG','djl91lsgx3mdt3f',100,'POP','0DWdj2oZMBFSzRsi2Cvfzf',NULL,'2023-11-17 17:00:08.000');
INSERT INTO `album_songs`(`album_id`, `song_id`, `order`) VALUES ('i5r6cmq46d6shlw1klothio1b380s243zoz4ledmiclln3veg3', 'uu8ibsafrhfgzfs2qu7e5k07tua0dg1vpdiwi3h4atbmvnqq1i', '0');
INSERT INTO `song` (`id`, `name`, `artist_id`,`duration`, `genre`, `spotify_id`, `preview_url`, `created_at`) VALUES ('9q0jvaavtpdzha2xpa4y5cllt6khvx4z58ke4jjt8y964tddn8','AMARGURA','djl91lsgx3mdt3f',100,'POP','505v13epFXodT9fVAJ6h8k',NULL,'2023-11-17 17:00:08.000');
INSERT INTO `album_songs`(`album_id`, `song_id`, `order`) VALUES ('i5r6cmq46d6shlw1klothio1b380s243zoz4ledmiclln3veg3', '9q0jvaavtpdzha2xpa4y5cllt6khvx4z58ke4jjt8y964tddn8', '1');
INSERT INTO `song` (`id`, `name`, `artist_id`,`duration`, `genre`, `spotify_id`, `preview_url`, `created_at`) VALUES ('3pyts50uw6l82yxuzus7p7j9orty0qc9ofy8svziuwanbiai8c','S91','djl91lsgx3mdt3f',100,'POP','7EpOXgSRgnglRWr86pZfGU',NULL,'2023-11-17 17:00:08.000');
INSERT INTO `album_songs`(`album_id`, `song_id`, `order`) VALUES ('i5r6cmq46d6shlw1klothio1b380s243zoz4ledmiclln3veg3', '3pyts50uw6l82yxuzus7p7j9orty0qc9ofy8svziuwanbiai8c', '2');
-- Big One
INSERT INTO `auth_user` (`id`, `username`, `email`, `profile_image_url`, `created_at`) VALUES ('feczrcq3s74qznm', 'Big One', '30@artist.com', 'https://i.scdn.co/image/ab67616d0000b273ba9f82cc282b2de6cf7c0246','2023-11-17 17:00:08.000');
INSERT INTO `user_key` (`id`, `user_id`, `hashed_password`) VALUES ('email:30@artist.com', 'feczrcq3s74qznm', 's2:ypixvsa9kdptdm5e:9772b9b97a807a7f47ec6097088d2a4024dba58149f0ca73e063e373505e7d6d73558d9111681e34fee10c4b14d8ee4af03030521f41d555cc1fef79872ce189');
INSERT INTO `artist` (`id`, `bio`, `name`) VALUES ('feczrcq3s74qznm', 'Bringing a unique energy to every track, fusing various styles into a cohesive sound.', 'Big One');
INSERT INTO `album` (`id`, `artist_id`, `cover_image_url`, `name`, `created_at`) VALUES ('j2tbzjq7vqn48cjnrarda8g9nhsf1hw2bj9w1bg9j6kyupbwej','feczrcq3s74qznm', NULL, 'Big One Album','2023-11-17 17:00:08.000');
INSERT INTO `song` (`id`, `name`, `artist_id`,`duration`, `genre`, `spotify_id`, `preview_url`, `created_at`) VALUES ('zvkia55dkh4alyacicoyzj01ozf4arty60j4yexo7jr4tkdyt9','Los del Espacio','feczrcq3s74qznm',100,'POP',NULL,NULL,'2023-11-17 17:00:08.000');
INSERT INTO `album_songs`(`album_id`, `song_id`, `order`) VALUES ('j2tbzjq7vqn48cjnrarda8g9nhsf1hw2bj9w1bg9j6kyupbwej', 'zvkia55dkh4alyacicoyzj01ozf4arty60j4yexo7jr4tkdyt9', '0');
-- Yahritza Y Su Esencia
INSERT INTO `auth_user` (`id`, `username`, `email`, `profile_image_url`, `created_at`) VALUES ('zvl0c5vvokc8c7g', 'Yahritza Y Su Esencia', '31@artist.com', 'https://i.scdn.co/image/ab6761610000e5eb68d4ccdc175f594122f1eee1','2023-11-17 17:00:08.000');
INSERT INTO `user_key` (`id`, `user_id`, `hashed_password`) VALUES ('email:31@artist.com', 'zvl0c5vvokc8c7g', 's2:ypixvsa9kdptdm5e:9772b9b97a807a7f47ec6097088d2a4024dba58149f0ca73e063e373505e7d6d73558d9111681e34fee10c4b14d8ee4af03030521f41d555cc1fef79872ce189');
INSERT INTO `artist` (`id`, `bio`, `name`) VALUES ('zvl0c5vvokc8c7g', 'Infusing traditional melodies with youthful vigor.', 'Yahritza Y Su Esencia');
INSERT INTO `album` (`id`, `artist_id`, `cover_image_url`, `name`, `created_at`) VALUES ('7ayypc6h18hq854zz4qmzuxg40mqcmhj5vycsz2c6w08xg648l','zvl0c5vvokc8c7g', NULL, 'Yahritza Y Su Esencia Album','2023-11-17 17:00:08.000');
INSERT INTO `song` (`id`, `name`, `artist_id`,`duration`, `genre`, `spotify_id`, `preview_url`, `created_at`) VALUES ('ujkonap273u1rshdycv87kgoympu4gtihdhajvwsc7ff6vkvf8','Frgil (feat. Grupo Front','zvl0c5vvokc8c7g',100,'POP',NULL,NULL,'2023-11-17 17:00:08.000');
INSERT INTO `album_songs`(`album_id`, `song_id`, `order`) VALUES ('7ayypc6h18hq854zz4qmzuxg40mqcmhj5vycsz2c6w08xg648l', 'ujkonap273u1rshdycv87kgoympu4gtihdhajvwsc7ff6vkvf8', '0');
-- Junior H
INSERT INTO `auth_user` (`id`, `username`, `email`, `profile_image_url`, `created_at`) VALUES ('w8shll4uo2i019w', 'Junior H', '32@artist.com', 'https://i.scdn.co/image/ab6761610000e5ebb5ccab5d3dc10a08d89cbd76','2023-11-17 17:00:08.000');
INSERT INTO `user_key` (`id`, `user_id`, `hashed_password`) VALUES ('email:32@artist.com', 'w8shll4uo2i019w', 's2:ypixvsa9kdptdm5e:9772b9b97a807a7f47ec6097088d2a4024dba58149f0ca73e063e373505e7d6d73558d9111681e34fee10c4b14d8ee4af03030521f41d555cc1fef79872ce189');
INSERT INTO `artist` (`id`, `bio`, `name`) VALUES ('w8shll4uo2i019w', 'A fresh voice in regional Mexican music, blending tradition with modernity.', 'Junior H');
INSERT INTO `album` (`id`, `artist_id`, `cover_image_url`, `name`, `created_at`) VALUES ('9mqi4u15650h491o131jcd8csgjs876cxhhlmt554a62byrw5u','w8shll4uo2i019w', 'https://i.scdn.co/image/ab67616d0000b27333ed356efed99b158c4267c6', 'Junior H Album','2023-11-17 17:00:08.000');
INSERT INTO `song` (`id`, `name`, `artist_id`,`duration`, `genre`, `spotify_id`, `preview_url`, `created_at`) VALUES ('lnjcqxltqsje2qnesd9i5jbilnrrq847rnvdppz2lhbxhb6jzv','El Azul','w8shll4uo2i019w',100,'POP','1haJsMtoBhHfvuM7XWuT3W','https://p.scdn.co/mp3-preview/f9df136c3a2d3c0c5424e2c4b75a303f35c08af5?cid=6c77115735724c94af0b7a434aef3fc3','2023-11-17 17:00:08.000');
INSERT INTO `album_songs`(`album_id`, `song_id`, `order`) VALUES ('9mqi4u15650h491o131jcd8csgjs876cxhhlmt554a62byrw5u', 'lnjcqxltqsje2qnesd9i5jbilnrrq847rnvdppz2lhbxhb6jzv', '0');
-- Post Malone
INSERT INTO `auth_user` (`id`, `username`, `email`, `profile_image_url`, `created_at`) VALUES ('e5cdrtgbcz5hqz8', 'Post Malone', '33@artist.com', 'https://i.scdn.co/image/ab6761610000e5ebf1be22786da29b0a1284c0a5','2023-11-17 17:00:08.000');
INSERT INTO `user_key` (`id`, `user_id`, `hashed_password`) VALUES ('email:33@artist.com', 'e5cdrtgbcz5hqz8', 's2:ypixvsa9kdptdm5e:9772b9b97a807a7f47ec6097088d2a4024dba58149f0ca73e063e373505e7d6d73558d9111681e34fee10c4b14d8ee4af03030521f41d555cc1fef79872ce189');
INSERT INTO `artist` (`id`, `bio`, `name`) VALUES ('e5cdrtgbcz5hqz8', 'Blurring genre lines with his unique blend of hip-hop and pop.', 'Post Malone');
INSERT INTO `album` (`id`, `artist_id`, `cover_image_url`, `name`, `created_at`) VALUES ('r3uispz5dyq1akhparlzbfpckaa3xonegtnlg3tuohqt9y1v8g','e5cdrtgbcz5hqz8', 'https://i.scdn.co/image/ab67616d0000b2739478c87599550dd73bfa7e02', 'Post Malone Album','2023-11-17 17:00:08.000');
INSERT INTO `song` (`id`, `name`, `artist_id`,`duration`, `genre`, `spotify_id`, `preview_url`, `created_at`) VALUES ('6kfyy1dx56pzl7k5lypxj2csa1kkl5lljgvutwsahimfoyuofo','Sunflower - Spider-Man: Into the Spider-Verse','e5cdrtgbcz5hqz8',100,'POP','0RiRZpuVRbi7oqRdSMwhQY',NULL,'2023-11-17 17:00:08.000');
INSERT INTO `album_songs`(`album_id`, `song_id`, `order`) VALUES ('r3uispz5dyq1akhparlzbfpckaa3xonegtnlg3tuohqt9y1v8g', '6kfyy1dx56pzl7k5lypxj2csa1kkl5lljgvutwsahimfoyuofo', '0');
INSERT INTO `song` (`id`, `name`, `artist_id`,`duration`, `genre`, `spotify_id`, `preview_url`, `created_at`) VALUES ('kr3y6mtwllbvugi4snn63y92leav44z3d6thnkr70eckdyn3e5','Overdrive','e5cdrtgbcz5hqz8',100,'POP','3t0ic4mkhvhamrKDkulB8v',NULL,'2023-11-17 17:00:08.000');
INSERT INTO `album_songs`(`album_id`, `song_id`, `order`) VALUES ('r3uispz5dyq1akhparlzbfpckaa3xonegtnlg3tuohqt9y1v8g', 'kr3y6mtwllbvugi4snn63y92leav44z3d6thnkr70eckdyn3e5', '1');
-- Bebe Rexha
INSERT INTO `auth_user` (`id`, `username`, `email`, `profile_image_url`, `created_at`) VALUES ('r1pm9gepy0nlqkl', 'Bebe Rexha', '34@artist.com', 'https://i.scdn.co/image/ab6761610000e5ebc692afc666512dc946a7358f','2023-11-17 17:00:08.000');
INSERT INTO `user_key` (`id`, `user_id`, `hashed_password`) VALUES ('email:34@artist.com', 'r1pm9gepy0nlqkl', 's2:ypixvsa9kdptdm5e:9772b9b97a807a7f47ec6097088d2a4024dba58149f0ca73e063e373505e7d6d73558d9111681e34fee10c4b14d8ee4af03030521f41d555cc1fef79872ce189');
INSERT INTO `artist` (`id`, `bio`, `name`) VALUES ('r1pm9gepy0nlqkl', 'A dynamic voice in pop music, known for her powerful vocals and catchy tunes.', 'Bebe Rexha');
INSERT INTO `album` (`id`, `artist_id`, `cover_image_url`, `name`, `created_at`) VALUES ('m2a9y02ojwp009mugaj1b6iu3ya3nfomaxu5pryettkxqyb1mu','r1pm9gepy0nlqkl', NULL, 'Bebe Rexha Album','2023-11-17 17:00:08.000');
INSERT INTO `song` (`id`, `name`, `artist_id`,`duration`, `genre`, `spotify_id`, `preview_url`, `created_at`) VALUES ('mx5mrj68b987ndmba2fe12z2praem0evjtwwgze2kfdzoylcl0','Im Good (Blue)','r1pm9gepy0nlqkl',100,'POP',NULL,NULL,'2023-11-17 17:00:08.000');
INSERT INTO `album_songs`(`album_id`, `song_id`, `order`) VALUES ('m2a9y02ojwp009mugaj1b6iu3ya3nfomaxu5pryettkxqyb1mu', 'mx5mrj68b987ndmba2fe12z2praem0evjtwwgze2kfdzoylcl0', '0');
-- Tyler The Creator
INSERT INTO `auth_user` (`id`, `username`, `email`, `profile_image_url`, `created_at`) VALUES ('48eq00seckr72rx', 'Tyler The Creator', '35@artist.com', 'https://i.scdn.co/image/ab6761610000e5eb8278b782cbb5a3963db88ada','2023-11-17 17:00:08.000');
INSERT INTO `user_key` (`id`, `user_id`, `hashed_password`) VALUES ('email:35@artist.com', '48eq00seckr72rx', 's2:ypixvsa9kdptdm5e:9772b9b97a807a7f47ec6097088d2a4024dba58149f0ca73e063e373505e7d6d73558d9111681e34fee10c4b14d8ee4af03030521f41d555cc1fef79872ce189');
INSERT INTO `artist` (`id`, `bio`, `name`) VALUES ('48eq00seckr72rx', 'Pushing the boundaries of music with unique style and bold lyrics.', 'Tyler The Creator');
INSERT INTO `album` (`id`, `artist_id`, `cover_image_url`, `name`, `created_at`) VALUES ('37qau94ev80mxz7vsoffvk125uy3y9vuwr31f0m4x5nkpayeoy','48eq00seckr72rx', 'https://i.scdn.co/image/ab67616d0000b2738940ac99f49e44f59e6f7fb3', 'Tyler The Creator Album','2023-11-17 17:00:08.000');
INSERT INTO `song` (`id`, `name`, `artist_id`,`duration`, `genre`, `spotify_id`, `preview_url`, `created_at`) VALUES ('mrnzb063qpna21lrmjdgrurvamk8df5cjbhfwlqj3kctdo3yxb','See You Again','48eq00seckr72rx',100,'POP','7KA4W4McWYRpgf0fWsJZWB','https://p.scdn.co/mp3-preview/c703198293891e3b276800ea6b187cf7951d3d7d?cid=6c77115735724c94af0b7a434aef3fc3','2023-11-17 17:00:08.000');
INSERT INTO `album_songs`(`album_id`, `song_id`, `order`) VALUES ('37qau94ev80mxz7vsoffvk125uy3y9vuwr31f0m4x5nkpayeoy', 'mrnzb063qpna21lrmjdgrurvamk8df5cjbhfwlqj3kctdo3yxb', '0');
-- Nicki Minaj
INSERT INTO `auth_user` (`id`, `username`, `email`, `profile_image_url`, `created_at`) VALUES ('cqumof1dr0pcduj', 'Nicki Minaj', '36@artist.com', 'https://i.scdn.co/image/ab6761610000e5eb03578c92e15089c645b794f5','2023-11-17 17:00:08.000');
INSERT INTO `user_key` (`id`, `user_id`, `hashed_password`) VALUES ('email:36@artist.com', 'cqumof1dr0pcduj', 's2:ypixvsa9kdptdm5e:9772b9b97a807a7f47ec6097088d2a4024dba58149f0ca73e063e373505e7d6d73558d9111681e34fee10c4b14d8ee4af03030521f41d555cc1fef79872ce189');
INSERT INTO `artist` (`id`, `bio`, `name`) VALUES ('cqumof1dr0pcduj', 'A rap icon known for her versatile flow and bold personality.', 'Nicki Minaj');
INSERT INTO `album` (`id`, `artist_id`, `cover_image_url`, `name`, `created_at`) VALUES ('121ig9elbgljpoa6vphwtkwiqpfi8uw82a4uiwmsegrbmfo21g','cqumof1dr0pcduj', 'https://i.scdn.co/image/ab67616d0000b2737e8f938c02fac3b564931116', 'Nicki Minaj Album','2023-11-17 17:00:08.000');
INSERT INTO `song` (`id`, `name`, `artist_id`,`duration`, `genre`, `spotify_id`, `preview_url`, `created_at`) VALUES ('u33t4hgqfzavlp4pwtmk4vwu8c64kjtttm4triysrh4qqbzvx5','Barbie World (with Aqua) [From Barbie The Album]','cqumof1dr0pcduj',100,'POP','741UUVE2kuITl0c6zuqqbO','https://p.scdn.co/mp3-preview/f654928ccaa4e6a9fb09a6eb3f208383eccc12a9?cid=6c77115735724c94af0b7a434aef3fc3','2023-11-17 17:00:08.000');
INSERT INTO `album_songs`(`album_id`, `song_id`, `order`) VALUES ('121ig9elbgljpoa6vphwtkwiqpfi8uw82a4uiwmsegrbmfo21g', 'u33t4hgqfzavlp4pwtmk4vwu8c64kjtttm4triysrh4qqbzvx5', '0');
-- OneRepublic
INSERT INTO `auth_user` (`id`, `username`, `email`, `profile_image_url`, `created_at`) VALUES ('cxlbtv81wispy9z', 'OneRepublic', '37@artist.com', 'https://i.scdn.co/image/ab6761610000e5eb57138b98e7ddd5a86ee97a9b','2023-11-17 17:00:08.000');
INSERT INTO `user_key` (`id`, `user_id`, `hashed_password`) VALUES ('email:37@artist.com', 'cxlbtv81wispy9z', 's2:ypixvsa9kdptdm5e:9772b9b97a807a7f47ec6097088d2a4024dba58149f0ca73e063e373505e7d6d73558d9111681e34fee10c4b14d8ee4af03030521f41d555cc1fef79872ce189');
INSERT INTO `artist` (`id`, `bio`, `name`) VALUES ('cxlbtv81wispy9z', 'Delivering anthemic pop-rock tracks that resonate globally.', 'OneRepublic');
INSERT INTO `album` (`id`, `artist_id`, `cover_image_url`, `name`, `created_at`) VALUES ('b626srwksq42p6d09watpqx9nw5lfel648x2nwk158hpcmmmer','cxlbtv81wispy9z', 'https://i.scdn.co/image/ab67616d0000b273ec96e006b8bdfc582610ec13', 'OneRepublic Album','2023-11-17 17:00:08.000');
INSERT INTO `song` (`id`, `name`, `artist_id`,`duration`, `genre`, `spotify_id`, `preview_url`, `created_at`) VALUES ('ue10uxfmip15trljzwsppdixkp19vta3o1bjuz8zynxg4dz6ax','I Aint Worried','cxlbtv81wispy9z',100,'POP','4h9wh7iOZ0GGn8QVp4RAOB',NULL,'2023-11-17 17:00:08.000');
INSERT INTO `album_songs`(`album_id`, `song_id`, `order`) VALUES ('b626srwksq42p6d09watpqx9nw5lfel648x2nwk158hpcmmmer', 'ue10uxfmip15trljzwsppdixkp19vta3o1bjuz8zynxg4dz6ax', '0');
-- Ariana Grande
INSERT INTO `auth_user` (`id`, `username`, `email`, `profile_image_url`, `created_at`) VALUES ('j4dna7eivp1celt', 'Ariana Grande', '38@artist.com', 'https://i.scdn.co/image/ab6761610000e5eb456c82553e0efcb7e13365b1','2023-11-17 17:00:08.000');
INSERT INTO `user_key` (`id`, `user_id`, `hashed_password`) VALUES ('email:38@artist.com', 'j4dna7eivp1celt', 's2:ypixvsa9kdptdm5e:9772b9b97a807a7f47ec6097088d2a4024dba58149f0ca73e063e373505e7d6d73558d9111681e34fee10c4b14d8ee4af03030521f41d555cc1fef79872ce189');
INSERT INTO `artist` (`id`, `bio`, `name`) VALUES ('j4dna7eivp1celt', 'A powerhouse vocalist, dominating pop with her range and iconic style.', 'Ariana Grande');
INSERT INTO `album` (`id`, `artist_id`, `cover_image_url`, `name`, `created_at`) VALUES ('igw8h8y6i512zkpqldlq9jemv6sve657l8d7c3v54cu1njx4ba','j4dna7eivp1celt', NULL, 'Ariana Grande Album','2023-11-17 17:00:08.000');
INSERT INTO `song` (`id`, `name`, `artist_id`,`duration`, `genre`, `spotify_id`, `preview_url`, `created_at`) VALUES ('r1igkix70uvupy8dbqa7id3dkllu67c4sm0tnjp0etfwyhdyir','Die For You - Remix','j4dna7eivp1celt',100,'POP',NULL,NULL,'2023-11-17 17:00:08.000');
INSERT INTO `album_songs`(`album_id`, `song_id`, `order`) VALUES ('igw8h8y6i512zkpqldlq9jemv6sve657l8d7c3v54cu1njx4ba', 'r1igkix70uvupy8dbqa7id3dkllu67c4sm0tnjp0etfwyhdyir', '0');
-- David Guetta
INSERT INTO `auth_user` (`id`, `username`, `email`, `profile_image_url`, `created_at`) VALUES ('9y97lmbg9bj26px', 'David Guetta', '39@artist.com', 'https://i.scdn.co/image/ab6761610000e5ebd0448096d85094a6ec5e8fab','2023-11-17 17:00:08.000');
INSERT INTO `user_key` (`id`, `user_id`, `hashed_password`) VALUES ('email:39@artist.com', '9y97lmbg9bj26px', 's2:ypixvsa9kdptdm5e:9772b9b97a807a7f47ec6097088d2a4024dba58149f0ca73e063e373505e7d6d73558d9111681e34fee10c4b14d8ee4af03030521f41d555cc1fef79872ce189');
INSERT INTO `artist` (`id`, `bio`, `name`) VALUES ('9y97lmbg9bj26px', 'A legend in the electronic music world, constantly innovating and entertaining.', 'David Guetta');
INSERT INTO `album` (`id`, `artist_id`, `cover_image_url`, `name`, `created_at`) VALUES ('9nw9bg9vjudt85o2roeihdwvj3kk0malodhfpwzi86xveuq6s9','9y97lmbg9bj26px', 'https://i.scdn.co/image/ab67616d0000b2730b4ef75c3728599aa4104f7a', 'David Guetta Album','2023-11-17 17:00:08.000');
INSERT INTO `song` (`id`, `name`, `artist_id`,`duration`, `genre`, `spotify_id`, `preview_url`, `created_at`) VALUES ('67psot62m1yudo3ibqpl6l8k6py24373ka9609lpsoogziu5ya','Baby Dont Hurt Me','9y97lmbg9bj26px',100,'POP','3BKD1PwArikchz2Zrlp1qi','https://p.scdn.co/mp3-preview/a8f2e176e17e0f6298b42ef8e96118318fdd2b89?cid=6c77115735724c94af0b7a434aef3fc3','2023-11-17 17:00:08.000');
INSERT INTO `album_songs`(`album_id`, `song_id`, `order`) VALUES ('9nw9bg9vjudt85o2roeihdwvj3kk0malodhfpwzi86xveuq6s9', '67psot62m1yudo3ibqpl6l8k6py24373ka9609lpsoogziu5ya', '0');
-- Peggy Gou
INSERT INTO `auth_user` (`id`, `username`, `email`, `profile_image_url`, `created_at`) VALUES ('u2wlr69qvk5e0nu', 'Peggy Gou', '40@artist.com', 'https://i.scdn.co/image/ab6761610000e5ebdf5c17aa075c03c5c4d2c693','2023-11-17 17:00:08.000');
INSERT INTO `user_key` (`id`, `user_id`, `hashed_password`) VALUES ('email:40@artist.com', 'u2wlr69qvk5e0nu', 's2:ypixvsa9kdptdm5e:9772b9b97a807a7f47ec6097088d2a4024dba58149f0ca73e063e373505e7d6d73558d9111681e34fee10c4b14d8ee4af03030521f41d555cc1fef79872ce189');
INSERT INTO `artist` (`id`, `bio`, `name`) VALUES ('u2wlr69qvk5e0nu', 'A dynamic force in the electronic music scene, known for her eclectic mixes.', 'Peggy Gou');
INSERT INTO `album` (`id`, `artist_id`, `cover_image_url`, `name`, `created_at`) VALUES ('x3dnzo9q9yj34sq6nm625m62k3l7hr2j09dwou97rscxu8qubt','u2wlr69qvk5e0nu', 'https://i.scdn.co/image/ab67616d0000b27388d71aadd009fe1a83df88f2', 'Peggy Gou Album','2023-11-17 17:00:08.000');
INSERT INTO `song` (`id`, `name`, `artist_id`,`duration`, `genre`, `spotify_id`, `preview_url`, `created_at`) VALUES ('9pcvp6g9384jymvoz26zqbl7bfsth697tqvtnzyki33bdo6via','(It Goes Like) Nanana - Edit','u2wlr69qvk5e0nu',100,'POP','23RoR84KodL5HWvUTneQ1w','https://p.scdn.co/mp3-preview/e36e0bd4714844f1f9d992398b41a3e333f15cc9?cid=6c77115735724c94af0b7a434aef3fc3','2023-11-17 17:00:08.000');
INSERT INTO `album_songs`(`album_id`, `song_id`, `order`) VALUES ('x3dnzo9q9yj34sq6nm625m62k3l7hr2j09dwou97rscxu8qubt', '9pcvp6g9384jymvoz26zqbl7bfsth697tqvtnzyki33bdo6via', '0');
-- Tom Odell
INSERT INTO `auth_user` (`id`, `username`, `email`, `profile_image_url`, `created_at`) VALUES ('5ea9gqe81tcydla', 'Tom Odell', '41@artist.com', 'https://i.scdn.co/image/ab6761610000e5eb532e8dd8ba9fbd5e78105a78','2023-11-17 17:00:08.000');
INSERT INTO `user_key` (`id`, `user_id`, `hashed_password`) VALUES ('email:41@artist.com', '5ea9gqe81tcydla', 's2:ypixvsa9kdptdm5e:9772b9b97a807a7f47ec6097088d2a4024dba58149f0ca73e063e373505e7d6d73558d9111681e34fee10c4b14d8ee4af03030521f41d555cc1fef79872ce189');
INSERT INTO `artist` (`id`, `bio`, `name`) VALUES ('5ea9gqe81tcydla', 'Stirring emotions with piano-driven melodies and poetic lyrics.', 'Tom Odell');
INSERT INTO `album` (`id`, `artist_id`, `cover_image_url`, `name`, `created_at`) VALUES ('n809ydma8j32teuakd9vhheixwfsumpudrftomtjp201ukg0xk','5ea9gqe81tcydla', 'https://i.scdn.co/image/ab67616d0000b2731917a0f3f4152622a040913f', 'Tom Odell Album','2023-11-17 17:00:08.000');
INSERT INTO `song` (`id`, `name`, `artist_id`,`duration`, `genre`, `spotify_id`, `preview_url`, `created_at`) VALUES ('kvhb34qvg71rpxw7uio7iqiyhhzsp1m8qi0blfqb9kklosbj7h','Another Love','5ea9gqe81tcydla',100,'POP','3JvKfv6T31zO0ini8iNItO','https://p.scdn.co/mp3-preview/0369cb748bc968ffd34fb4ac60f5403f2aad032f?cid=6c77115735724c94af0b7a434aef3fc3','2023-11-17 17:00:08.000');
INSERT INTO `album_songs`(`album_id`, `song_id`, `order`) VALUES ('n809ydma8j32teuakd9vhheixwfsumpudrftomtjp201ukg0xk', 'kvhb34qvg71rpxw7uio7iqiyhhzsp1m8qi0blfqb9kklosbj7h', '0');
-- Kali Uchis
INSERT INTO `auth_user` (`id`, `username`, `email`, `profile_image_url`, `created_at`) VALUES ('c8olgaaknic40f8', 'Kali Uchis', '42@artist.com', 'https://i.scdn.co/image/ab6761610000e5eb51dfdac248da65a860963b68','2023-11-17 17:00:08.000');
INSERT INTO `user_key` (`id`, `user_id`, `hashed_password`) VALUES ('email:42@artist.com', 'c8olgaaknic40f8', 's2:ypixvsa9kdptdm5e:9772b9b97a807a7f47ec6097088d2a4024dba58149f0ca73e063e373505e7d6d73558d9111681e34fee10c4b14d8ee4af03030521f41d555cc1fef79872ce189');
INSERT INTO `artist` (`id`, `bio`, `name`) VALUES ('c8olgaaknic40f8', 'A fusion of soul, R&B, and Latin beats, creating a unique sound experience.', 'Kali Uchis');
INSERT INTO `album` (`id`, `artist_id`, `cover_image_url`, `name`, `created_at`) VALUES ('i4zpygma52nc9wpy3xe2nyxdrh85db60fjj1kzvtwplmdeh7gw','c8olgaaknic40f8', 'https://i.scdn.co/image/ab67616d0000b27381fccd758776d16b87721b17', 'Kali Uchis Album','2023-11-17 17:00:08.000');
INSERT INTO `song` (`id`, `name`, `artist_id`,`duration`, `genre`, `spotify_id`, `preview_url`, `created_at`) VALUES ('ix5wfejy0j2rfblc443n6oi3rr5jytq173t86pezgbpcjiqdox','Moonlight','c8olgaaknic40f8',100,'POP','0JmnkIqdlnUzPaf8sqBRs3',NULL,'2023-11-17 17:00:08.000');
INSERT INTO `album_songs`(`album_id`, `song_id`, `order`) VALUES ('i4zpygma52nc9wpy3xe2nyxdrh85db60fjj1kzvtwplmdeh7gw', 'ix5wfejy0j2rfblc443n6oi3rr5jytq173t86pezgbpcjiqdox', '0');
-- Manuel Turizo
INSERT INTO `auth_user` (`id`, `username`, `email`, `profile_image_url`, `created_at`) VALUES ('w7476514g05xznb', 'Manuel Turizo', '43@artist.com', 'https://i.scdn.co/image/ab6761610000e5ebabd3e69b432d6187cf4e28c3','2023-11-17 17:00:08.000');
INSERT INTO `user_key` (`id`, `user_id`, `hashed_password`) VALUES ('email:43@artist.com', 'w7476514g05xznb', 's2:ypixvsa9kdptdm5e:9772b9b97a807a7f47ec6097088d2a4024dba58149f0ca73e063e373505e7d6d73558d9111681e34fee10c4b14d8ee4af03030521f41d555cc1fef79872ce189');
INSERT INTO `artist` (`id`, `bio`, `name`) VALUES ('w7476514g05xznb', 'A standout in reggaeton, known for his smooth voice and romantic lyrics.', 'Manuel Turizo');
INSERT INTO `album` (`id`, `artist_id`, `cover_image_url`, `name`, `created_at`) VALUES ('bv9s9x7pyieg7yryu7wotoq7bxbk7z4wpdksr2v07naf4tqmzw','w7476514g05xznb', 'https://i.scdn.co/image/ab67616d0000b273c9f744b0d62da795bc21d04a', 'Manuel Turizo Album','2023-11-17 17:00:08.000');
INSERT INTO `song` (`id`, `name`, `artist_id`,`duration`, `genre`, `spotify_id`, `preview_url`, `created_at`) VALUES ('rurfx08ptiziknoidhugvg5g4dficmzb2es63h1hrtg5ygn7if','La Bachata','w7476514g05xznb',100,'POP','5ww2BF9slyYgNOk37BlC4u','https://p.scdn.co/mp3-preview/0232b53fd7849e6696e1ab3099dd01dd00823f17?cid=6c77115735724c94af0b7a434aef3fc3','2023-11-17 17:00:08.000');
INSERT INTO `album_songs`(`album_id`, `song_id`, `order`) VALUES ('bv9s9x7pyieg7yryu7wotoq7bxbk7z4wpdksr2v07naf4tqmzw', 'rurfx08ptiziknoidhugvg5g4dficmzb2es63h1hrtg5ygn7if', '0');
-- dennis
INSERT INTO `auth_user` (`id`, `username`, `email`, `profile_image_url`, `created_at`) VALUES ('94rw92fjnipian7', 'dennis', '44@artist.com', 'https://i.scdn.co/image/ab6761610000e5eb8a1ec9781a1542458b3b961b','2023-11-17 17:00:08.000');
INSERT INTO `user_key` (`id`, `user_id`, `hashed_password`) VALUES ('email:44@artist.com', '94rw92fjnipian7', 's2:ypixvsa9kdptdm5e:9772b9b97a807a7f47ec6097088d2a4024dba58149f0ca73e063e373505e7d6d73558d9111681e34fee10c4b14d8ee4af03030521f41d555cc1fef79872ce189');
INSERT INTO `artist` (`id`, `bio`, `name`) VALUES ('94rw92fjnipian7', 'An endless quest for musical perfection.', 'dennis');
INSERT INTO `album` (`id`, `artist_id`, `cover_image_url`, `name`, `created_at`) VALUES ('nefahiuh0zyi8iao9jhguumyjch6eqazxqyviwzbjor5ik51qq','94rw92fjnipian7', 'https://i.scdn.co/image/ab67616d0000b273ddfc406de0d7dbc2e339f016', 'dennis Album','2023-11-17 17:00:08.000');
INSERT INTO `song` (`id`, `name`, `artist_id`,`duration`, `genre`, `spotify_id`, `preview_url`, `created_at`) VALUES ('ig9670vjyyhuke45wktg7pm0mun8345el9kcinnpxilm1ybdwm','T','94rw92fjnipian7',100,'POP','35FW5OEe4p38LdjK1KqT2X','https://p.scdn.co/mp3-preview/eaa522f48564e43e33e00c011aef0489526d1072?cid=6c77115735724c94af0b7a434aef3fc3','2023-11-17 17:00:08.000');
INSERT INTO `album_songs`(`album_id`, `song_id`, `order`) VALUES ('nefahiuh0zyi8iao9jhguumyjch6eqazxqyviwzbjor5ik51qq', 'ig9670vjyyhuke45wktg7pm0mun8345el9kcinnpxilm1ybdwm', '0');
-- PinkPantheress
INSERT INTO `auth_user` (`id`, `username`, `email`, `profile_image_url`, `created_at`) VALUES ('vx8tc5skg26rqin', 'PinkPantheress', '45@artist.com', 'https://i.scdn.co/image/ab6761610000e5eb5168e912bd9bd91607cd07dd','2023-11-17 17:00:08.000');
INSERT INTO `user_key` (`id`, `user_id`, `hashed_password`) VALUES ('email:45@artist.com', 'vx8tc5skg26rqin', 's2:ypixvsa9kdptdm5e:9772b9b97a807a7f47ec6097088d2a4024dba58149f0ca73e063e373505e7d6d73558d9111681e34fee10c4b14d8ee4af03030521f41d555cc1fef79872ce189');
INSERT INTO `artist` (`id`, `bio`, `name`) VALUES ('vx8tc5skg26rqin', 'Redefining pop music with her distinct sound and style.', 'PinkPantheress');
INSERT INTO `album` (`id`, `artist_id`, `cover_image_url`, `name`, `created_at`) VALUES ('jytofcq21bfn8byogafzpw1l7h8h66ax8zwjerc8bcmjpfc22s','vx8tc5skg26rqin', 'https://i.scdn.co/image/ab67616d0000b2739567e1aa41657425d046733b', 'PinkPantheress Album','2023-11-17 17:00:08.000');
INSERT INTO `song` (`id`, `name`, `artist_id`,`duration`, `genre`, `spotify_id`, `preview_url`, `created_at`) VALUES ('guug2o08osuodgjdsvz3tn81cy1inu65j3ab5bllc37ekdxtoj','Boys a liar Pt. 2','vx8tc5skg26rqin',100,'POP','6AQbmUe0Qwf5PZnt4HmTXv','https://p.scdn.co/mp3-preview/543d8d09a5530a1ab94dd0c6f83fc4ee3e0d7f96?cid=6c77115735724c94af0b7a434aef3fc3','2023-11-17 17:00:08.000');
INSERT INTO `album_songs`(`album_id`, `song_id`, `order`) VALUES ('jytofcq21bfn8byogafzpw1l7h8h66ax8zwjerc8bcmjpfc22s', 'guug2o08osuodgjdsvz3tn81cy1inu65j3ab5bllc37ekdxtoj', '0');
-- Charlie Puth
INSERT INTO `auth_user` (`id`, `username`, `email`, `profile_image_url`, `created_at`) VALUES ('7c27ts2flutqkju', 'Charlie Puth', '46@artist.com', NULL,'2023-11-17 17:00:08.000');
INSERT INTO `user_key` (`id`, `user_id`, `hashed_password`) VALUES ('email:46@artist.com', '7c27ts2flutqkju', 's2:ypixvsa9kdptdm5e:9772b9b97a807a7f47ec6097088d2a4024dba58149f0ca73e063e373505e7d6d73558d9111681e34fee10c4b14d8ee4af03030521f41d555cc1fef79872ce189');
INSERT INTO `artist` (`id`, `bio`, `name`) VALUES ('7c27ts2flutqkju', 'A pop maestro, combining catchy melodies with his exceptional musical talent.', 'Charlie Puth');
INSERT INTO `album` (`id`, `artist_id`, `cover_image_url`, `name`, `created_at`) VALUES ('ubgblmd2ifvsraprbj98qcbpdv3m49vfoes2afa0a4vabe7v2q','7c27ts2flutqkju', 'https://i.scdn.co/image/ab67616d0000b27335d2e0ed94a934f2cc46fa49', 'Charlie Puth Album','2023-11-17 17:00:08.000');
INSERT INTO `song` (`id`, `name`, `artist_id`,`duration`, `genre`, `spotify_id`, `preview_url`, `created_at`) VALUES ('llv6nf4qtb0ymr49ja5ksg9j5mkqty5qmgq5fm1qc7brebdoyz','Left and Right (Feat. Jung Kook of BTS)','7c27ts2flutqkju',100,'POP','5Odq8ohlgIbQKMZivbWkEo','https://p.scdn.co/mp3-preview/9e4342eefa4f33df4e9b199e60dbce0f59e46eff?cid=6c77115735724c94af0b7a434aef3fc3','2023-11-17 17:00:08.000');
INSERT INTO `album_songs`(`album_id`, `song_id`, `order`) VALUES ('ubgblmd2ifvsraprbj98qcbpdv3m49vfoes2afa0a4vabe7v2q', 'llv6nf4qtb0ymr49ja5ksg9j5mkqty5qmgq5fm1qc7brebdoyz', '0');
-- Rauw Alejandro
INSERT INTO `auth_user` (`id`, `username`, `email`, `profile_image_url`, `created_at`) VALUES ('73m0yv8tj3ezinm', 'Rauw Alejandro', '47@artist.com', 'https://i.scdn.co/image/ab6761610000e5eb9047f938310ea16b68a5bdeb','2023-11-17 17:00:08.000');
INSERT INTO `user_key` (`id`, `user_id`, `hashed_password`) VALUES ('email:47@artist.com', '73m0yv8tj3ezinm', 's2:ypixvsa9kdptdm5e:9772b9b97a807a7f47ec6097088d2a4024dba58149f0ca73e063e373505e7d6d73558d9111681e34fee10c4b14d8ee4af03030521f41d555cc1fef79872ce189');
INSERT INTO `artist` (`id`, `bio`, `name`) VALUES ('73m0yv8tj3ezinm', 'A fusion of Latin trap and reggaeton, setting the stage on fire.', 'Rauw Alejandro');
INSERT INTO `album` (`id`, `artist_id`, `cover_image_url`, `name`, `created_at`) VALUES ('b7fhkrp5waazr7tchamm1keehn84ryhfwz23mt64wvlxg8tiia','73m0yv8tj3ezinm', NULL, 'Rauw Alejandro Album','2023-11-17 17:00:08.000');
INSERT INTO `song` (`id`, `name`, `artist_id`,`duration`, `genre`, `spotify_id`, `preview_url`, `created_at`) VALUES ('orxqt8r6b9bpva0rhor3r0ii932jfuwekv3861w5yu88wvgslp','BESO','73m0yv8tj3ezinm',100,'POP',NULL,NULL,'2023-11-17 17:00:08.000');
INSERT INTO `album_songs`(`album_id`, `song_id`, `order`) VALUES ('b7fhkrp5waazr7tchamm1keehn84ryhfwz23mt64wvlxg8tiia', 'orxqt8r6b9bpva0rhor3r0ii932jfuwekv3861w5yu88wvgslp', '0');
INSERT INTO `song` (`id`, `name`, `artist_id`,`duration`, `genre`, `spotify_id`, `preview_url`, `created_at`) VALUES ('d22mr0glohujzc3h5kfm8mmunxkaavbwyhqry6dwhtmbj779lt','BABY HELLO','73m0yv8tj3ezinm',100,'POP','2SOvWt6igzXViIjIiWNWEP','https://p.scdn.co/mp3-preview/8a9ca6c81e6e6ad48758f02017456405fd7a476d?cid=6c77115735724c94af0b7a434aef3fc3','2023-11-17 17:00:08.000');
INSERT INTO `album_songs`(`album_id`, `song_id`, `order`) VALUES ('b7fhkrp5waazr7tchamm1keehn84ryhfwz23mt64wvlxg8tiia', 'd22mr0glohujzc3h5kfm8mmunxkaavbwyhqry6dwhtmbj779lt', '1');
-- Ozuna
INSERT INTO `auth_user` (`id`, `username`, `email`, `profile_image_url`, `created_at`) VALUES ('gnl71h6a3tqofdf', 'Ozuna', '48@artist.com', 'https://i.scdn.co/image/ab6761610000e5ebd45efec1d439cfd8bd936421','2023-11-17 17:00:08.000');
INSERT INTO `user_key` (`id`, `user_id`, `hashed_password`) VALUES ('email:48@artist.com', 'gnl71h6a3tqofdf', 's2:ypixvsa9kdptdm5e:9772b9b97a807a7f47ec6097088d2a4024dba58149f0ca73e063e373505e7d6d73558d9111681e34fee10c4b14d8ee4af03030521f41d555cc1fef79872ce189');
INSERT INTO `artist` (`id`, `bio`, `name`) VALUES ('gnl71h6a3tqofdf', 'Dominating reggaeton and Latin trap with catchy tunes and charismatic energy.', 'Ozuna');
INSERT INTO `album` (`id`, `artist_id`, `cover_image_url`, `name`, `created_at`) VALUES ('n57se0kxvaeac8ou4nf1l1h01nhqelu64d51v2n6tfomhxtru8','gnl71h6a3tqofdf', 'https://i.scdn.co/image/ab67616d0000b273125624f2e04f5a1ccb0dfb45', 'Ozuna Album','2023-11-17 17:00:08.000');
INSERT INTO `song` (`id`, `name`, `artist_id`,`duration`, `genre`, `spotify_id`, `preview_url`, `created_at`) VALUES ('61rpz464xuvhp5qq7jmggypwrcoi8qb10vt5mq1lsqi1do0ome','Hey Mor','gnl71h6a3tqofdf',100,'POP','1zsPaEkglFvxjAhrM8yhpr','https://p.scdn.co/mp3-preview/cd2d2242b748408da15c2b66f47d54b3f0793ae0?cid=6c77115735724c94af0b7a434aef3fc3','2023-11-17 17:00:08.000');
INSERT INTO `album_songs`(`album_id`, `song_id`, `order`) VALUES ('n57se0kxvaeac8ou4nf1l1h01nhqelu64d51v2n6tfomhxtru8', '61rpz464xuvhp5qq7jmggypwrcoi8qb10vt5mq1lsqi1do0ome', '0');
-- Chris Molitor
INSERT INTO `auth_user` (`id`, `username`, `email`, `profile_image_url`, `created_at`) VALUES ('xowngot16dnyv2b', 'Chris Molitor', '49@artist.com', 'https://i.scdn.co/image/ab6761610000e5eb03851b1c2471a8c0b57371c4','2023-11-17 17:00:08.000');
INSERT INTO `user_key` (`id`, `user_id`, `hashed_password`) VALUES ('email:49@artist.com', 'xowngot16dnyv2b', 's2:ypixvsa9kdptdm5e:9772b9b97a807a7f47ec6097088d2a4024dba58149f0ca73e063e373505e7d6d73558d9111681e34fee10c4b14d8ee4af03030521f41d555cc1fef79872ce189');
INSERT INTO `artist` (`id`, `bio`, `name`) VALUES ('xowngot16dnyv2b', 'Delivering heartfelt music that speaks to the soul, blending folk and indie vibes.', 'Chris Molitor');
INSERT INTO `album` (`id`, `artist_id`, `cover_image_url`, `name`, `created_at`) VALUES ('hckpseihufilz125c9aqts5r8jgwauviecxlmtaufm67202wxg','xowngot16dnyv2b', 'https://i.scdn.co/image/ab67616d0000b273be011d16b9360a7dee109774', 'Chris Molitor Album','2023-11-17 17:00:08.000');
INSERT INTO `song` (`id`, `name`, `artist_id`,`duration`, `genre`, `spotify_id`, `preview_url`, `created_at`) VALUES ('5315edpsv5g46qgwmz95mrn4fu86ks6bjt45i7wcq6hecbqzyj','Yellow','xowngot16dnyv2b',100,'POP','6tvs7zEP8d1SBgSqZQ84OT','https://p.scdn.co/mp3-preview/ea93f9b43fc638111ad661719037bfb88cd9c05d?cid=6c77115735724c94af0b7a434aef3fc3','2023-11-17 17:00:08.000');
INSERT INTO `album_songs`(`album_id`, `song_id`, `order`) VALUES ('hckpseihufilz125c9aqts5r8jgwauviecxlmtaufm67202wxg', '5315edpsv5g46qgwmz95mrn4fu86ks6bjt45i7wcq6hecbqzyj', '0');
-- Libianca
INSERT INTO `auth_user` (`id`, `username`, `email`, `profile_image_url`, `created_at`) VALUES ('i0vxxj8fa7d3wpr', 'Libianca', '50@artist.com', 'https://i.scdn.co/image/ab6761610000e5eb6a42e7c32ead029c0285c12f','2023-11-17 17:00:08.000');
INSERT INTO `user_key` (`id`, `user_id`, `hashed_password`) VALUES ('email:50@artist.com', 'i0vxxj8fa7d3wpr', 's2:ypixvsa9kdptdm5e:9772b9b97a807a7f47ec6097088d2a4024dba58149f0ca73e063e373505e7d6d73558d9111681e34fee10c4b14d8ee4af03030521f41d555cc1fef79872ce189');
INSERT INTO `artist` (`id`, `bio`, `name`) VALUES ('i0vxxj8fa7d3wpr', 'A fresh talent, blending Afrobeat rhythms with soulful melodies.', 'Libianca');
INSERT INTO `album` (`id`, `artist_id`, `cover_image_url`, `name`, `created_at`) VALUES ('omexzzzfcwu5hp3z1k3xertbxxz19owimiowlv4qn0fjoxczya','i0vxxj8fa7d3wpr', 'https://i.scdn.co/image/ab67616d0000b273fc342f95f117d48dbdde9735', 'Libianca Album','2023-11-17 17:00:08.000');
INSERT INTO `song` (`id`, `name`, `artist_id`,`duration`, `genre`, `spotify_id`, `preview_url`, `created_at`) VALUES ('3qaktumuw81fkckl07g6flyqrnl094duk27l9axdtig4ehjcao','People','i0vxxj8fa7d3wpr',100,'POP','26b3oVLrRUaaybJulow9kz','https://p.scdn.co/mp3-preview/abcbc9adf10ae4901b40b80a30dc194d589c2d62?cid=6c77115735724c94af0b7a434aef3fc3','2023-11-17 17:00:08.000');
INSERT INTO `album_songs`(`album_id`, `song_id`, `order`) VALUES ('omexzzzfcwu5hp3z1k3xertbxxz19owimiowlv4qn0fjoxczya', '3qaktumuw81fkckl07g6flyqrnl094duk27l9axdtig4ehjcao', '0');
-- Glass Animals
INSERT INTO `auth_user` (`id`, `username`, `email`, `profile_image_url`, `created_at`) VALUES ('bzdrdtomylq3f02', 'Glass Animals', '51@artist.com', 'https://i.scdn.co/image/ab6761610000e5eb66b27eccb69756f8eceabc23','2023-11-17 17:00:08.000');
INSERT INTO `user_key` (`id`, `user_id`, `hashed_password`) VALUES ('email:51@artist.com', 'bzdrdtomylq3f02', 's2:ypixvsa9kdptdm5e:9772b9b97a807a7f47ec6097088d2a4024dba58149f0ca73e063e373505e7d6d73558d9111681e34fee10c4b14d8ee4af03030521f41d555cc1fef79872ce189');
INSERT INTO `artist` (`id`, `bio`, `name`) VALUES ('bzdrdtomylq3f02', 'Crafting psychedelic pop with intricate melodies and immersive soundscapes.', 'Glass Animals');
INSERT INTO `album` (`id`, `artist_id`, `cover_image_url`, `name`, `created_at`) VALUES ('g5kmyfdb5v7fqhhaop81xuahklzr0dgieynl3s1xehccqzapy1','bzdrdtomylq3f02', 'https://i.scdn.co/image/ab67616d0000b273712701c5e263efc8726b1464', 'Glass Animals Album','2023-11-17 17:00:08.000');
INSERT INTO `song` (`id`, `name`, `artist_id`,`duration`, `genre`, `spotify_id`, `preview_url`, `created_at`) VALUES ('gmsmbeddwhl56g7ks83m8q6tcjw6xd97pno5fpru03o2utzezq','Heat Waves','bzdrdtomylq3f02',100,'POP','3USxtqRwSYz57Ewm6wWRMp',NULL,'2023-11-17 17:00:08.000');
INSERT INTO `album_songs`(`album_id`, `song_id`, `order`) VALUES ('g5kmyfdb5v7fqhhaop81xuahklzr0dgieynl3s1xehccqzapy1', 'gmsmbeddwhl56g7ks83m8q6tcjw6xd97pno5fpru03o2utzezq', '0');
-- JVKE
INSERT INTO `auth_user` (`id`, `username`, `email`, `profile_image_url`, `created_at`) VALUES ('sajygevuactqx6e', 'JVKE', '52@artist.com', 'https://i.scdn.co/image/ab6761610000e5ebce33386a81a202e149934ec1','2023-11-17 17:00:08.000');
INSERT INTO `user_key` (`id`, `user_id`, `hashed_password`) VALUES ('email:52@artist.com', 'sajygevuactqx6e', 's2:ypixvsa9kdptdm5e:9772b9b97a807a7f47ec6097088d2a4024dba58149f0ca73e063e373505e7d6d73558d9111681e34fee10c4b14d8ee4af03030521f41d555cc1fef79872ce189');
INSERT INTO `artist` (`id`, `bio`, `name`) VALUES ('sajygevuactqx6e', 'A rising star, blending heartfelt lyrics with catchy pop melodies.', 'JVKE');
INSERT INTO `album` (`id`, `artist_id`, `cover_image_url`, `name`, `created_at`) VALUES ('dghdo2a690sw05ey6fv4y2b5pk5e6gkdnv4vtpjnptumhd1khn','sajygevuactqx6e', 'https://i.scdn.co/image/ab67616d0000b273c2504e80ba2f258697ab2954', 'JVKE Album','2023-11-17 17:00:08.000');
INSERT INTO `song` (`id`, `name`, `artist_id`,`duration`, `genre`, `spotify_id`, `preview_url`, `created_at`) VALUES ('h3z0b457fzdpxzqdk9zyk3iv4430ck2kwb4cqw47yzrhwxcygm','golden hour','sajygevuactqx6e',100,'POP','5odlY52u43F5BjByhxg7wg','https://p.scdn.co/mp3-preview/bcc17f30841d6fbf3cd7954c3e3cf669f11b6a21?cid=6c77115735724c94af0b7a434aef3fc3','2023-11-17 17:00:08.000');
INSERT INTO `album_songs`(`album_id`, `song_id`, `order`) VALUES ('dghdo2a690sw05ey6fv4y2b5pk5e6gkdnv4vtpjnptumhd1khn', 'h3z0b457fzdpxzqdk9zyk3iv4430ck2kwb4cqw47yzrhwxcygm', '0');
-- The Neighbourhood
INSERT INTO `auth_user` (`id`, `username`, `email`, `profile_image_url`, `created_at`) VALUES ('zdp9swcvgnz6v7u', 'The Neighbourhood', '53@artist.com', 'https://i.scdn.co/image/ab6761610000e5ebdf0b5ac84376a0a4b2166816','2023-11-17 17:00:08.000');
INSERT INTO `user_key` (`id`, `user_id`, `hashed_password`) VALUES ('email:53@artist.com', 'zdp9swcvgnz6v7u', 's2:ypixvsa9kdptdm5e:9772b9b97a807a7f47ec6097088d2a4024dba58149f0ca73e063e373505e7d6d73558d9111681e34fee10c4b14d8ee4af03030521f41d555cc1fef79872ce189');
INSERT INTO `artist` (`id`, `bio`, `name`) VALUES ('zdp9swcvgnz6v7u', 'Melding alternative rock with introspective lyrics.', 'The Neighbourhood');
INSERT INTO `album` (`id`, `artist_id`, `cover_image_url`, `name`, `created_at`) VALUES ('9a3pvftvifvdv196b0qwc4l5bsh1ugfudp67ntylh0m9xmg1na','zdp9swcvgnz6v7u', 'https://i.scdn.co/image/ab67616d0000b2738265a736a1eb838ad5a0b921', 'The Neighbourhood Album','2023-11-17 17:00:08.000');
INSERT INTO `song` (`id`, `name`, `artist_id`,`duration`, `genre`, `spotify_id`, `preview_url`, `created_at`) VALUES ('1fa949lvoxs2a376pgqsl9wtxuylo8wfkjb1cborfslzlpqhh3','Sweater Weather','zdp9swcvgnz6v7u',100,'POP','2QjOHCTQ1Jl3zawyYOpxh6','https://p.scdn.co/mp3-preview/877602f424a9dea277b13301ffc516f9fd1fbe7e?cid=6c77115735724c94af0b7a434aef3fc3','2023-11-17 17:00:08.000');
INSERT INTO `album_songs`(`album_id`, `song_id`, `order`) VALUES ('9a3pvftvifvdv196b0qwc4l5bsh1ugfudp67ntylh0m9xmg1na', '1fa949lvoxs2a376pgqsl9wtxuylo8wfkjb1cborfslzlpqhh3', '0');
-- Coldplay
INSERT INTO `auth_user` (`id`, `username`, `email`, `profile_image_url`, `created_at`) VALUES ('dfqk6tifw2ujhv4', 'Coldplay', '54@artist.com', 'https://i.scdn.co/image/ab6761610000e5eb989ed05e1f0570cc4726c2d3','2023-11-17 17:00:08.000');
INSERT INTO `user_key` (`id`, `user_id`, `hashed_password`) VALUES ('email:54@artist.com', 'dfqk6tifw2ujhv4', 's2:ypixvsa9kdptdm5e:9772b9b97a807a7f47ec6097088d2a4024dba58149f0ca73e063e373505e7d6d73558d9111681e34fee10c4b14d8ee4af03030521f41d555cc1fef79872ce189');
INSERT INTO `artist` (`id`, `bio`, `name`) VALUES ('dfqk6tifw2ujhv4', 'Global icons in rock, known for their anthemic songs and impactful lyrics.', 'Coldplay');
INSERT INTO `album` (`id`, `artist_id`, `cover_image_url`, `name`, `created_at`) VALUES ('3lsu8wwcu2pcoigflssj1c6k7im74z6p96wd13wrzh4ydnjfek','dfqk6tifw2ujhv4', 'https://i.scdn.co/image/ab67616d0000b273e21cc1db05580b6f2d2a3b6e', 'Coldplay Album','2023-11-17 17:00:08.000');
INSERT INTO `song` (`id`, `name`, `artist_id`,`duration`, `genre`, `spotify_id`, `preview_url`, `created_at`) VALUES ('px1l1j8tlz6yleae83h52qbvpbff3z775ysmmi1fazac4iabaf','Viva La Vida','dfqk6tifw2ujhv4',100,'POP','1mea3bSkSGXuIRvnydlB5b','https://p.scdn.co/mp3-preview/fb9f4a9b0887326776b4fb7c6d331acd167a7778?cid=6c77115735724c94af0b7a434aef3fc3','2023-11-17 17:00:08.000');
INSERT INTO `album_songs`(`album_id`, `song_id`, `order`) VALUES ('3lsu8wwcu2pcoigflssj1c6k7im74z6p96wd13wrzh4ydnjfek', 'px1l1j8tlz6yleae83h52qbvpbff3z775ysmmi1fazac4iabaf', '0');
-- d4vd
INSERT INTO `auth_user` (`id`, `username`, `email`, `profile_image_url`, `created_at`) VALUES ('q1xxw0iybj51i84', 'd4vd', '55@artist.com', 'https://i.scdn.co/image/ab6761610000e5ebad447187a35f422307e88ad3','2023-11-17 17:00:08.000');
INSERT INTO `user_key` (`id`, `user_id`, `hashed_password`) VALUES ('email:55@artist.com', 'q1xxw0iybj51i84', 's2:ypixvsa9kdptdm5e:9772b9b97a807a7f47ec6097088d2a4024dba58149f0ca73e063e373505e7d6d73558d9111681e34fee10c4b14d8ee4af03030521f41d555cc1fef79872ce189');
INSERT INTO `artist` (`id`, `bio`, `name`) VALUES ('q1xxw0iybj51i84', 'Creating a tapestry of tunes that celebrates diversity.', 'd4vd');
INSERT INTO `album` (`id`, `artist_id`, `cover_image_url`, `name`, `created_at`) VALUES ('zbsoj85wonoj911xw24b4czgccs227tajeba208jkp1y52eg6m','q1xxw0iybj51i84', 'https://i.scdn.co/image/ab67616d0000b27364fa1bda999f4fbd2b7c4bb7', 'd4vd Album','2023-11-17 17:00:08.000');
INSERT INTO `song` (`id`, `name`, `artist_id`,`duration`, `genre`, `spotify_id`, `preview_url`, `created_at`) VALUES ('hkm0jaowdq2x0pzph9brkqaho60ynjghe53lbd5dzuv5cw182n','Here With Me','q1xxw0iybj51i84',100,'POP','5LrN7yUQAzvthd4QujgPFr',NULL,'2023-11-17 17:00:08.000');
INSERT INTO `album_songs`(`album_id`, `song_id`, `order`) VALUES ('zbsoj85wonoj911xw24b4czgccs227tajeba208jkp1y52eg6m', 'hkm0jaowdq2x0pzph9brkqaho60ynjghe53lbd5dzuv5cw182n', '0');
-- Sam Smith
INSERT INTO `auth_user` (`id`, `username`, `email`, `profile_image_url`, `created_at`) VALUES ('fo6r10js4ed9o6p', 'Sam Smith', '56@artist.com', 'https://i.scdn.co/image/c589b50021995a40811097e48a9c65f9c4b423ea','2023-11-17 17:00:08.000');
INSERT INTO `user_key` (`id`, `user_id`, `hashed_password`) VALUES ('email:56@artist.com', 'fo6r10js4ed9o6p', 's2:ypixvsa9kdptdm5e:9772b9b97a807a7f47ec6097088d2a4024dba58149f0ca73e063e373505e7d6d73558d9111681e34fee10c4b14d8ee4af03030521f41d555cc1fef79872ce189');
INSERT INTO `artist` (`id`, `bio`, `name`) VALUES ('fo6r10js4ed9o6p', 'A soulful voice delivering deep emotional resonance.', 'Sam Smith');
INSERT INTO `album` (`id`, `artist_id`, `cover_image_url`, `name`, `created_at`) VALUES ('uwiwbi4wpcgk18uddbmm8fm722rel72is1x4zqjpud86kivv23','fo6r10js4ed9o6p', 'https://i.scdn.co/image/ab67616d0000b273a935e4689f15953311772cc4', 'Sam Smith Album','2023-11-17 17:00:08.000');
INSERT INTO `song` (`id`, `name`, `artist_id`,`duration`, `genre`, `spotify_id`, `preview_url`, `created_at`) VALUES ('ctxm2j71h9aprs6rwzqnanc83zk9uoyopq76aib5g0gdv3u9qo','Unholy (feat. Kim Petras)','fo6r10js4ed9o6p',100,'POP','3nqQXoyQOWXiESFLlDF1hG',NULL,'2023-11-17 17:00:08.000');
INSERT INTO `album_songs`(`album_id`, `song_id`, `order`) VALUES ('uwiwbi4wpcgk18uddbmm8fm722rel72is1x4zqjpud86kivv23', 'ctxm2j71h9aprs6rwzqnanc83zk9uoyopq76aib5g0gdv3u9qo', '0');
-- Yandel
INSERT INTO `auth_user` (`id`, `username`, `email`, `profile_image_url`, `created_at`) VALUES ('j3bzx0jugqmpkyz', 'Yandel', '57@artist.com', 'https://i.scdn.co/image/ab6761610000e5eb7dbaf2fabcbd4b37168397fd','2023-11-17 17:00:08.000');
INSERT INTO `user_key` (`id`, `user_id`, `hashed_password`) VALUES ('email:57@artist.com', 'j3bzx0jugqmpkyz', 's2:ypixvsa9kdptdm5e:9772b9b97a807a7f47ec6097088d2a4024dba58149f0ca73e063e373505e7d6d73558d9111681e34fee10c4b14d8ee4af03030521f41d555cc1fef79872ce189');
INSERT INTO `artist` (`id`, `bio`, `name`) VALUES ('j3bzx0jugqmpkyz', 'A powerhouse of reggaeton, blending rhythms that move the soul.', 'Yandel');
INSERT INTO `album` (`id`, `artist_id`, `cover_image_url`, `name`, `created_at`) VALUES ('0y84cef9rnv8gnaob99jwbmlm5c06q3mmscm2zjt4tswv0dbkn','j3bzx0jugqmpkyz', 'https://i.scdn.co/image/ab67616d0000b273b2aec01b56eeb74610532700', 'Yandel Album','2023-11-17 17:00:08.000');
INSERT INTO `song` (`id`, `name`, `artist_id`,`duration`, `genre`, `spotify_id`, `preview_url`, `created_at`) VALUES ('ojw4vcbr1clekdqn6fstdx4eqwc4ar0zkh6gu37af571ssmap7','Yandel 150','j3bzx0jugqmpkyz',100,'POP','4FAKtPVycI4DxoOHC01YqD','https://p.scdn.co/mp3-preview/338ed053ce26ccc3313b00b5e6153e60ffd2eb19?cid=6c77115735724c94af0b7a434aef3fc3','2023-11-17 17:00:08.000');
INSERT INTO `album_songs`(`album_id`, `song_id`, `order`) VALUES ('0y84cef9rnv8gnaob99jwbmlm5c06q3mmscm2zjt4tswv0dbkn', 'ojw4vcbr1clekdqn6fstdx4eqwc4ar0zkh6gu37af571ssmap7', '0');
-- Maria Becerra
INSERT INTO `auth_user` (`id`, `username`, `email`, `profile_image_url`, `created_at`) VALUES ('f1hjcal1fmlv37a', 'Maria Becerra', '58@artist.com', 'https://i.scdn.co/image/ab6761610000e5ebb6cfa517b8f5a152d63c4ffb','2023-11-17 17:00:08.000');
INSERT INTO `user_key` (`id`, `user_id`, `hashed_password`) VALUES ('email:58@artist.com', 'f1hjcal1fmlv37a', 's2:ypixvsa9kdptdm5e:9772b9b97a807a7f47ec6097088d2a4024dba58149f0ca73e063e373505e7d6d73558d9111681e34fee10c4b14d8ee4af03030521f41d555cc1fef79872ce189');
INSERT INTO `artist` (`id`, `bio`, `name`) VALUES ('f1hjcal1fmlv37a', 'A vibrant new voice in Latin pop, fusing catchy melodies with urban sounds.', 'Maria Becerra');
INSERT INTO `album` (`id`, `artist_id`, `cover_image_url`, `name`, `created_at`) VALUES ('yvwn8nzrn8e8bcdrs9euqd3z9hcn52jbnyka98li4yqwbqhvbh','f1hjcal1fmlv37a', NULL, 'Maria Becerra Album','2023-11-17 17:00:08.000');
INSERT INTO `song` (`id`, `name`, `artist_id`,`duration`, `genre`, `spotify_id`, `preview_url`, `created_at`) VALUES ('9t1hf0tp3cxq6c6po9t9qyzdquy6biy7dp4ntpo22eclo434gc','CORAZN VA','f1hjcal1fmlv37a',100,'POP',NULL,NULL,'2023-11-17 17:00:08.000');
INSERT INTO `album_songs`(`album_id`, `song_id`, `order`) VALUES ('yvwn8nzrn8e8bcdrs9euqd3z9hcn52jbnyka98li4yqwbqhvbh', '9t1hf0tp3cxq6c6po9t9qyzdquy6biy7dp4ntpo22eclo434gc', '0');
-- Vance Joy
INSERT INTO `auth_user` (`id`, `username`, `email`, `profile_image_url`, `created_at`) VALUES ('5nelp0bzy4qvp4v', 'Vance Joy', '59@artist.com', 'https://i.scdn.co/image/ab6761610000e5eb8f074ec8c25406680bf26422','2023-11-17 17:00:08.000');
INSERT INTO `user_key` (`id`, `user_id`, `hashed_password`) VALUES ('email:59@artist.com', '5nelp0bzy4qvp4v', 's2:ypixvsa9kdptdm5e:9772b9b97a807a7f47ec6097088d2a4024dba58149f0ca73e063e373505e7d6d73558d9111681e34fee10c4b14d8ee4af03030521f41d555cc1fef79872ce189');
INSERT INTO `artist` (`id`, `bio`, `name`) VALUES ('5nelp0bzy4qvp4v', 'Crafting folk-pop anthems that resonate with heartfelt sincerity.', 'Vance Joy');
INSERT INTO `album` (`id`, `artist_id`, `cover_image_url`, `name`, `created_at`) VALUES ('ykmnxq5ucx7l3fek5tje9llhbdo267exar0opv44xllwgp0k60','5nelp0bzy4qvp4v', 'https://i.scdn.co/image/ab67616d0000b273a9929deb093a6617d2493b03', 'Vance Joy Album','2023-11-17 17:00:08.000');
INSERT INTO `song` (`id`, `name`, `artist_id`,`duration`, `genre`, `spotify_id`, `preview_url`, `created_at`) VALUES ('wzarul5vb3xds2byp3wlrigah2qf6hiahfzyd0w083ptdzi9ou','Riptide','5nelp0bzy4qvp4v',100,'POP','3JvrhDOgAt6p7K8mDyZwRd','https://p.scdn.co/mp3-preview/74698d907d114f4ba0b2c129bbf260724be80b64?cid=6c77115735724c94af0b7a434aef3fc3','2023-11-17 17:00:08.000');
INSERT INTO `album_songs`(`album_id`, `song_id`, `order`) VALUES ('ykmnxq5ucx7l3fek5tje9llhbdo267exar0opv44xllwgp0k60', 'wzarul5vb3xds2byp3wlrigah2qf6hiahfzyd0w083ptdzi9ou', '0');
-- Em Beihold
INSERT INTO `auth_user` (`id`, `username`, `email`, `profile_image_url`, `created_at`) VALUES ('znzxmqa1yhlbe74', 'Em Beihold', '60@artist.com', 'https://i.scdn.co/image/ab6761610000e5eb1e97fce6fa6fc4ebc3ebda25','2023-11-17 17:00:08.000');
INSERT INTO `user_key` (`id`, `user_id`, `hashed_password`) VALUES ('email:60@artist.com', 'znzxmqa1yhlbe74', 's2:ypixvsa9kdptdm5e:9772b9b97a807a7f47ec6097088d2a4024dba58149f0ca73e063e373505e7d6d73558d9111681e34fee10c4b14d8ee4af03030521f41d555cc1fef79872ce189');
INSERT INTO `artist` (`id`, `bio`, `name`) VALUES ('znzxmqa1yhlbe74', 'A voice that captivates, combining depth of lyrics with a melodic finesse.', 'Em Beihold');
INSERT INTO `album` (`id`, `artist_id`, `cover_image_url`, `name`, `created_at`) VALUES ('h4quwjqxysr8zj5f00bcx6j67da7i96onmbuoaxavhjlxixm9s','znzxmqa1yhlbe74', NULL, 'Em Beihold Album','2023-11-17 17:00:08.000');
INSERT INTO `song` (`id`, `name`, `artist_id`,`duration`, `genre`, `spotify_id`, `preview_url`, `created_at`) VALUES ('b6zmu509yyvr7hy1yo56hl6j97ytzq6iqrwdz0ti57aypo6vky','Until I Found You (with Em Beihold) - Em Beihold Version','znzxmqa1yhlbe74',100,'POP',NULL,NULL,'2023-11-17 17:00:08.000');
INSERT INTO `album_songs`(`album_id`, `song_id`, `order`) VALUES ('h4quwjqxysr8zj5f00bcx6j67da7i96onmbuoaxavhjlxixm9s', 'b6zmu509yyvr7hy1yo56hl6j97ytzq6iqrwdz0ti57aypo6vky', '0');
-- Mc Livinho
INSERT INTO `auth_user` (`id`, `username`, `email`, `profile_image_url`, `created_at`) VALUES ('o0i7vy45cn2pb1g', 'Mc Livinho', '61@artist.com', 'https://i.scdn.co/image/ab6761610000e5ebd353ef9564cfbb5f2b3bffb2','2023-11-17 17:00:08.000');
INSERT INTO `user_key` (`id`, `user_id`, `hashed_password`) VALUES ('email:61@artist.com', 'o0i7vy45cn2pb1g', 's2:ypixvsa9kdptdm5e:9772b9b97a807a7f47ec6097088d2a4024dba58149f0ca73e063e373505e7d6d73558d9111681e34fee10c4b14d8ee4af03030521f41d555cc1fef79872ce189');
INSERT INTO `artist` (`id`, `bio`, `name`) VALUES ('o0i7vy45cn2pb1g', 'Bringing Brazilian funk rhythms to the global music stage.', 'Mc Livinho');
INSERT INTO `album` (`id`, `artist_id`, `cover_image_url`, `name`, `created_at`) VALUES ('8f4spn0sxn8zt3lko7490yqupdiuu3jg11ct0xnm4b55zslpug','o0i7vy45cn2pb1g', 'https://i.scdn.co/image/ab67616d0000b273369c960fed23353176da1218', 'Mc Livinho Album','2023-11-17 17:00:08.000');
INSERT INTO `song` (`id`, `name`, `artist_id`,`duration`, `genre`, `spotify_id`, `preview_url`, `created_at`) VALUES ('db591ju85zl04xhnx24dga08vqistginvuqz83isom0zfj4yuy','Novidade na ','o0i7vy45cn2pb1g',100,'POP','2uhw2oYbugGJbn10wipNX5','https://p.scdn.co/mp3-preview/6bff8c1079d87a672d6b9ee5c3c6ca5e7d9ff45b?cid=6c77115735724c94af0b7a434aef3fc3','2023-11-17 17:00:08.000');
INSERT INTO `album_songs`(`album_id`, `song_id`, `order`) VALUES ('8f4spn0sxn8zt3lko7490yqupdiuu3jg11ct0xnm4b55zslpug', 'db591ju85zl04xhnx24dga08vqistginvuqz83isom0zfj4yuy', '0');
-- Justin Bieber
INSERT INTO `auth_user` (`id`, `username`, `email`, `profile_image_url`, `created_at`) VALUES ('n4d9yhxknhy5qzp', 'Justin Bieber', '62@artist.com', NULL,'2023-11-17 17:00:08.000');
INSERT INTO `user_key` (`id`, `user_id`, `hashed_password`) VALUES ('email:62@artist.com', 'n4d9yhxknhy5qzp', 's2:ypixvsa9kdptdm5e:9772b9b97a807a7f47ec6097088d2a4024dba58149f0ca73e063e373505e7d6d73558d9111681e34fee10c4b14d8ee4af03030521f41d555cc1fef79872ce189');
INSERT INTO `artist` (`id`, `bio`, `name`) VALUES ('n4d9yhxknhy5qzp', 'From teen idol to global pop star, constantly evolving his sound.', 'Justin Bieber');
INSERT INTO `album` (`id`, `artist_id`, `cover_image_url`, `name`, `created_at`) VALUES ('b9ohll7v8qy4b22z8ow9k93ltz9v6zcroapvcxc0q3dxx415ge','n4d9yhxknhy5qzp', NULL, 'Justin Bieber Album','2023-11-17 17:00:08.000');
INSERT INTO `song` (`id`, `name`, `artist_id`,`duration`, `genre`, `spotify_id`, `preview_url`, `created_at`) VALUES ('kfmfelg0f94xznvt90efvunp2nrr4zmt6e1siocugzvy2pyxbo','STAY (with Justin Bieber)','n4d9yhxknhy5qzp',100,'POP',NULL,NULL,'2023-11-17 17:00:08.000');
INSERT INTO `album_songs`(`album_id`, `song_id`, `order`) VALUES ('b9ohll7v8qy4b22z8ow9k93ltz9v6zcroapvcxc0q3dxx415ge', 'kfmfelg0f94xznvt90efvunp2nrr4zmt6e1siocugzvy2pyxbo', '0');
-- Marshmello
INSERT INTO `auth_user` (`id`, `username`, `email`, `profile_image_url`, `created_at`) VALUES ('g29u5sd7o101ew3', 'Marshmello', '63@artist.com', 'https://i.scdn.co/image/ab6761610000e5eb41e4a3b8c1d45a9e49b6de21','2023-11-17 17:00:08.000');
INSERT INTO `user_key` (`id`, `user_id`, `hashed_password`) VALUES ('email:63@artist.com', 'g29u5sd7o101ew3', 's2:ypixvsa9kdptdm5e:9772b9b97a807a7f47ec6097088d2a4024dba58149f0ca73e063e373505e7d6d73558d9111681e34fee10c4b14d8ee4af03030521f41d555cc1fef79872ce189');
INSERT INTO `artist` (`id`, `bio`, `name`) VALUES ('g29u5sd7o101ew3', 'An electronic music maestro known for his infectious beats.', 'Marshmello');
INSERT INTO `album` (`id`, `artist_id`, `cover_image_url`, `name`, `created_at`) VALUES ('9zfkje609k0jfrnknkdrdra7qqx2ysp25nkddr87d3n8iz7gl6','g29u5sd7o101ew3', 'https://i.scdn.co/image/ab67616d0000b273f404676577626a87d92cf33f', 'Marshmello Album','2023-11-17 17:00:08.000');
INSERT INTO `song` (`id`, `name`, `artist_id`,`duration`, `genre`, `spotify_id`, `preview_url`, `created_at`) VALUES ('z4zaiyen1udssajv6tn63po7dh5s8nau9sxyncdl94f37ces69','El Merengue','g29u5sd7o101ew3',100,'POP','51FvjPEGKq2zByeeEQ43V9','https://p.scdn.co/mp3-preview/a933b6e1d6a47e591c13192f2b5e58739d3d5a06?cid=6c77115735724c94af0b7a434aef3fc3','2023-11-17 17:00:08.000');
INSERT INTO `album_songs`(`album_id`, `song_id`, `order`) VALUES ('9zfkje609k0jfrnknkdrdra7qqx2ysp25nkddr87d3n8iz7gl6', 'z4zaiyen1udssajv6tn63po7dh5s8nau9sxyncdl94f37ces69', '0');
-- Lewis Capaldi
INSERT INTO `auth_user` (`id`, `username`, `email`, `profile_image_url`, `created_at`) VALUES ('lb9bjwrpclllf14', 'Lewis Capaldi', '64@artist.com', 'https://i.scdn.co/image/ab6761610000e5ebea7538654040e553a7b0fc28','2023-11-17 17:00:08.000');
INSERT INTO `user_key` (`id`, `user_id`, `hashed_password`) VALUES ('email:64@artist.com', 'lb9bjwrpclllf14', 's2:ypixvsa9kdptdm5e:9772b9b97a807a7f47ec6097088d2a4024dba58149f0ca73e063e373505e7d6d73558d9111681e34fee10c4b14d8ee4af03030521f41d555cc1fef79872ce189');
INSERT INTO `artist` (`id`, `bio`, `name`) VALUES ('lb9bjwrpclllf14', 'Delivering emotional ballads with his powerful, soul-stirring voice.', 'Lewis Capaldi');
INSERT INTO `album` (`id`, `artist_id`, `cover_image_url`, `name`, `created_at`) VALUES ('kw9vswik218bfdu3k8ry245eq6o8c5ylb308v6t27jau02frwt','lb9bjwrpclllf14', 'https://i.scdn.co/image/ab67616d0000b273fc2101e6889d6ce9025f85f2', 'Lewis Capaldi Album','2023-11-17 17:00:08.000');
INSERT INTO `song` (`id`, `name`, `artist_id`,`duration`, `genre`, `spotify_id`, `preview_url`, `created_at`) VALUES ('knx0xf7j0xjwd4k6yfpq8cbter1ens723xtl1dwnt54miwp4fp','Someone You Loved','lb9bjwrpclllf14',100,'POP','7qEHsqek33rTcFNT9PFqLf',NULL,'2023-11-17 17:00:08.000');
INSERT INTO `album_songs`(`album_id`, `song_id`, `order`) VALUES ('kw9vswik218bfdu3k8ry245eq6o8c5ylb308v6t27jau02frwt', 'knx0xf7j0xjwd4k6yfpq8cbter1ens723xtl1dwnt54miwp4fp', '0');
-- Chencho Corleone
INSERT INTO `auth_user` (`id`, `username`, `email`, `profile_image_url`, `created_at`) VALUES ('qgxhr2qylr954eq', 'Chencho Corleone', '65@artist.com', 'https://i.scdn.co/image/ab6761610000e5eb2e862710857d2b3e1b5fb4f4','2023-11-17 17:00:08.000');
INSERT INTO `user_key` (`id`, `user_id`, `hashed_password`) VALUES ('email:65@artist.com', 'qgxhr2qylr954eq', 's2:ypixvsa9kdptdm5e:9772b9b97a807a7f47ec6097088d2a4024dba58149f0ca73e063e373505e7d6d73558d9111681e34fee10c4b14d8ee4af03030521f41d555cc1fef79872ce189');
INSERT INTO `artist` (`id`, `bio`, `name`) VALUES ('qgxhr2qylr954eq', 'A dynamic presence in reggaeton, known for his catchy beats and vibrant performances.', 'Chencho Corleone');
INSERT INTO `album` (`id`, `artist_id`, `cover_image_url`, `name`, `created_at`) VALUES ('0ovlsywjezolmnqv0ett01db42pfjdlryr2j0wdrbe42y95djg','qgxhr2qylr954eq', NULL, 'Chencho Corleone Album','2023-11-17 17:00:08.000');
INSERT INTO `song` (`id`, `name`, `artist_id`,`duration`, `genre`, `spotify_id`, `preview_url`, `created_at`) VALUES ('3csvl0xct2ge8426fib4bsmt59dnl1ls6ii9c35b3663vfphr5','Me Porto Bonito','qgxhr2qylr954eq',100,'POP',NULL,NULL,'2023-11-17 17:00:08.000');
INSERT INTO `album_songs`(`album_id`, `song_id`, `order`) VALUES ('0ovlsywjezolmnqv0ett01db42pfjdlryr2j0wdrbe42y95djg', '3csvl0xct2ge8426fib4bsmt59dnl1ls6ii9c35b3663vfphr5', '0');
-- Jain
INSERT INTO `auth_user` (`id`, `username`, `email`, `profile_image_url`, `created_at`) VALUES ('rgjjc7hbb7bcf5p', 'Jain', '66@artist.com', 'https://i.scdn.co/image/ab6761610000e5eb673f287fead1f6c83b9b68ea','2023-11-17 17:00:08.000');
INSERT INTO `user_key` (`id`, `user_id`, `hashed_password`) VALUES ('email:66@artist.com', 'rgjjc7hbb7bcf5p', 's2:ypixvsa9kdptdm5e:9772b9b97a807a7f47ec6097088d2a4024dba58149f0ca73e063e373505e7d6d73558d9111681e34fee10c4b14d8ee4af03030521f41d555cc1fef79872ce189');
INSERT INTO `artist` (`id`, `bio`, `name`) VALUES ('rgjjc7hbb7bcf5p', 'Mixing electronic beats with multicultural influences to create a unique sound.', 'Jain');
INSERT INTO `album` (`id`, `artist_id`, `cover_image_url`, `name`, `created_at`) VALUES ('hn3d8wtwmwfn3sdvo7itnebpuj5vqpp84maqa161e5mpreoyb4','rgjjc7hbb7bcf5p', 'https://i.scdn.co/image/ab67616d0000b27364ba66f8a81c52364e55db50', 'Jain Album','2023-11-17 17:00:08.000');
INSERT INTO `song` (`id`, `name`, `artist_id`,`duration`, `genre`, `spotify_id`, `preview_url`, `created_at`) VALUES ('do9jrypk3n3rka960iapu16tbv47wu92fddc5hisnk396egoa5','Makeba','rgjjc7hbb7bcf5p',100,'POP','4TNFLwe6DhtR3Wn1JKMqMJ','https://p.scdn.co/mp3-preview/41db29480f9d12734adf491d3b5dd4da1005047c?cid=6c77115735724c94af0b7a434aef3fc3','2023-11-17 17:00:08.000');
INSERT INTO `album_songs`(`album_id`, `song_id`, `order`) VALUES ('hn3d8wtwmwfn3sdvo7itnebpuj5vqpp84maqa161e5mpreoyb4', 'do9jrypk3n3rka960iapu16tbv47wu92fddc5hisnk396egoa5', '0');
-- Ayparia
INSERT INTO `auth_user` (`id`, `username`, `email`, `profile_image_url`, `created_at`) VALUES ('2rwsyiitikafqcr', 'Ayparia', '67@artist.com', 'https://i.scdn.co/image/ab6761610000e5eb85a54675cc99eca02c11797a','2023-11-17 17:00:08.000');
INSERT INTO `user_key` (`id`, `user_id`, `hashed_password`) VALUES ('email:67@artist.com', '2rwsyiitikafqcr', 's2:ypixvsa9kdptdm5e:9772b9b97a807a7f47ec6097088d2a4024dba58149f0ca73e063e373505e7d6d73558d9111681e34fee10c4b14d8ee4af03030521f41d555cc1fef79872ce189');
INSERT INTO `artist` (`id`, `bio`, `name`) VALUES ('2rwsyiitikafqcr', 'Delivering a unique blend of sounds, showcasing versatility and artistic depth.', 'Ayparia');
INSERT INTO `album` (`id`, `artist_id`, `cover_image_url`, `name`, `created_at`) VALUES ('dkshmvzewta3kqgkaok7uimjptuyq3odnh44nxx0opr01nc0w5','2rwsyiitikafqcr', NULL, 'Ayparia Album','2023-11-17 17:00:08.000');
INSERT INTO `song` (`id`, `name`, `artist_id`,`duration`, `genre`, `spotify_id`, `preview_url`, `created_at`) VALUES ('a3scp1dus5mmbwk2hoq6g93p32uriiq6zingr28o5ryvzmoqhe','MONTAGEM - FR PUNK','2rwsyiitikafqcr',100,'POP',NULL,NULL,'2023-11-17 17:00:08.000');
INSERT INTO `album_songs`(`album_id`, `song_id`, `order`) VALUES ('dkshmvzewta3kqgkaok7uimjptuyq3odnh44nxx0opr01nc0w5', 'a3scp1dus5mmbwk2hoq6g93p32uriiq6zingr28o5ryvzmoqhe', '0');
-- Luke Combs
INSERT INTO `auth_user` (`id`, `username`, `email`, `profile_image_url`, `created_at`) VALUES ('4tncku1ehosh7ms', 'Luke Combs', '68@artist.com', 'https://i.scdn.co/image/ab6761610000e5eb5db6179b28f7e3654898b279','2023-11-17 17:00:08.000');
INSERT INTO `user_key` (`id`, `user_id`, `hashed_password`) VALUES ('email:68@artist.com', '4tncku1ehosh7ms', 's2:ypixvsa9kdptdm5e:9772b9b97a807a7f47ec6097088d2a4024dba58149f0ca73e063e373505e7d6d73558d9111681e34fee10c4b14d8ee4af03030521f41d555cc1fef79872ce189');
INSERT INTO `artist` (`id`, `bio`, `name`) VALUES ('4tncku1ehosh7ms', 'Reigniting country music with his powerful voice and relatable songs.', 'Luke Combs');
INSERT INTO `album` (`id`, `artist_id`, `cover_image_url`, `name`, `created_at`) VALUES ('nzzla1of93pmunnbks0jly4jqg0rww2sn5zxtmqq9m4kijyecz','4tncku1ehosh7ms', 'https://i.scdn.co/image/ab67616d0000b273ca650d3a95022e0490434ba1', 'Luke Combs Album','2023-11-17 17:00:08.000');
INSERT INTO `song` (`id`, `name`, `artist_id`,`duration`, `genre`, `spotify_id`, `preview_url`, `created_at`) VALUES ('xgbsowtbqt6s2coiaoxxi9j53bcgaf2ljjruo5mys5464waxnl','Fast Car','4tncku1ehosh7ms',100,'POP','1Lo0QY9cvc8sUB2vnIOxDT','https://p.scdn.co/mp3-preview/1dc0426c95058783e0fe1d70c41583ca98317108?cid=6c77115735724c94af0b7a434aef3fc3','2023-11-17 17:00:08.000');
INSERT INTO `album_songs`(`album_id`, `song_id`, `order`) VALUES ('nzzla1of93pmunnbks0jly4jqg0rww2sn5zxtmqq9m4kijyecz', 'xgbsowtbqt6s2coiaoxxi9j53bcgaf2ljjruo5mys5464waxnl', '0');
-- Doechii
INSERT INTO `auth_user` (`id`, `username`, `email`, `profile_image_url`, `created_at`) VALUES ('q2wknps6ehi4rci', 'Doechii', '69@artist.com', 'https://i.scdn.co/image/ab6761610000e5eb5f9f729e1e5182fbf1030dbe','2023-11-17 17:00:08.000');
INSERT INTO `user_key` (`id`, `user_id`, `hashed_password`) VALUES ('email:69@artist.com', 'q2wknps6ehi4rci', 's2:ypixvsa9kdptdm5e:9772b9b97a807a7f47ec6097088d2a4024dba58149f0ca73e063e373505e7d6d73558d9111681e34fee10c4b14d8ee4af03030521f41d555cc1fef79872ce189');
INSERT INTO `artist` (`id`, `bio`, `name`) VALUES ('q2wknps6ehi4rci', 'Breaking barriers with her unique sound and powerful lyrical storytelling.', 'Doechii');
INSERT INTO `album` (`id`, `artist_id`, `cover_image_url`, `name`, `created_at`) VALUES ('mu6x7jm37ak7plh59hq6mbm6oqfm8zj8wp7xh2g6q803qpiw7u','q2wknps6ehi4rci', 'https://i.scdn.co/image/ab67616d0000b2732ee85751f6f503fa9a533eba', 'Doechii Album','2023-11-17 17:00:08.000');
INSERT INTO `song` (`id`, `name`, `artist_id`,`duration`, `genre`, `spotify_id`, `preview_url`, `created_at`) VALUES ('vmfchxuwlo6pxk578gfrucpuhlk8caurkot2pikce89lfcu16b','What It Is (Solo Version)','q2wknps6ehi4rci',100,'POP','73RbfOTJIjHzi2pcVHjeHM',NULL,'2023-11-17 17:00:08.000');
INSERT INTO `album_songs`(`album_id`, `song_id`, `order`) VALUES ('mu6x7jm37ak7plh59hq6mbm6oqfm8zj8wp7xh2g6q803qpiw7u', 'vmfchxuwlo6pxk578gfrucpuhlk8caurkot2pikce89lfcu16b', '0');
-- Jung Kook
INSERT INTO `auth_user` (`id`, `username`, `email`, `profile_image_url`, `created_at`) VALUES ('4d4oq0xvouv5py6', 'Jung Kook', '70@artist.com', 'https://i.scdn.co/image/ab6761610000e5eb40a7268dd742e5f63759b960','2023-11-17 17:00:08.000');
INSERT INTO `user_key` (`id`, `user_id`, `hashed_password`) VALUES ('email:70@artist.com', '4d4oq0xvouv5py6', 's2:ypixvsa9kdptdm5e:9772b9b97a807a7f47ec6097088d2a4024dba58149f0ca73e063e373505e7d6d73558d9111681e34fee10c4b14d8ee4af03030521f41d555cc1fef79872ce189');
INSERT INTO `artist` (`id`, `bio`, `name`) VALUES ('4d4oq0xvouv5py6', 'A member of BTS, captivating fans with his powerful vocals and dynamic performances.', 'Jung Kook');
INSERT INTO `album` (`id`, `artist_id`, `cover_image_url`, `name`, `created_at`) VALUES ('c2npao532fgvzo1cdw91caoea96xoiu1a3p2a521oq0phc1oxi','4d4oq0xvouv5py6', 'https://i.scdn.co/image/ab67616d0000b273a7f42c375578df426b37638d', 'Jung Kook Album','2023-11-17 17:00:08.000');
INSERT INTO `song` (`id`, `name`, `artist_id`,`duration`, `genre`, `spotify_id`, `preview_url`, `created_at`) VALUES ('3m6p8gxvatwj2pizv6u9v6kynb7q8rtmhonsud6n0ggjuv7wtl','Still With You','4d4oq0xvouv5py6',100,'POP','0eFMbKCRw8KByXyWBw8WO7','https://p.scdn.co/mp3-preview/af2a740e10a6956dedd7e7f66fd65d7166e9187f?cid=6c77115735724c94af0b7a434aef3fc3','2023-11-17 17:00:08.000');
INSERT INTO `album_songs`(`album_id`, `song_id`, `order`) VALUES ('c2npao532fgvzo1cdw91caoea96xoiu1a3p2a521oq0phc1oxi', '3m6p8gxvatwj2pizv6u9v6kynb7q8rtmhonsud6n0ggjuv7wtl', '0');
-- J. Cole
INSERT INTO `auth_user` (`id`, `username`, `email`, `profile_image_url`, `created_at`) VALUES ('tc213gj6frbq8v2', 'J. Cole', '71@artist.com', 'https://i.scdn.co/image/ab67616d0000b273d092fc596478080bb0e06aea','2023-11-17 17:00:08.000');
INSERT INTO `user_key` (`id`, `user_id`, `hashed_password`) VALUES ('email:71@artist.com', 'tc213gj6frbq8v2', 's2:ypixvsa9kdptdm5e:9772b9b97a807a7f47ec6097088d2a4024dba58149f0ca73e063e373505e7d6d73558d9111681e34fee10c4b14d8ee4af03030521f41d555cc1fef79872ce189');
INSERT INTO `artist` (`id`, `bio`, `name`) VALUES ('tc213gj6frbq8v2', 'A profound lyricist and rapper, known for his thought-provoking music.', 'J. Cole');
INSERT INTO `album` (`id`, `artist_id`, `cover_image_url`, `name`, `created_at`) VALUES ('1zfqqh12e3ic8oripgacq57l6t8a5tigj07uz8iakg3o09p5gw','tc213gj6frbq8v2', NULL, 'J. Cole Album','2023-11-17 17:00:08.000');
INSERT INTO `song` (`id`, `name`, `artist_id`,`duration`, `genre`, `spotify_id`, `preview_url`, `created_at`) VALUES ('r9nq4plpw3yw4czjcb8vgxdlzoxflwqc68fqv9jgv9wyj85w5z','All My Life (feat. J. Cole)','tc213gj6frbq8v2',100,'POP',NULL,NULL,'2023-11-17 17:00:08.000');
INSERT INTO `album_songs`(`album_id`, `song_id`, `order`) VALUES ('1zfqqh12e3ic8oripgacq57l6t8a5tigj07uz8iakg3o09p5gw', 'r9nq4plpw3yw4czjcb8vgxdlzoxflwqc68fqv9jgv9wyj85w5z', '0');
-- Lana Del Rey
INSERT INTO `auth_user` (`id`, `username`, `email`, `profile_image_url`, `created_at`) VALUES ('t9yh0mrkd2a5381', 'Lana Del Rey', '72@artist.com', 'https://i.scdn.co/image/ab6761610000e5ebb99cacf8acd5378206767261','2023-11-17 17:00:08.000');
INSERT INTO `user_key` (`id`, `user_id`, `hashed_password`) VALUES ('email:72@artist.com', 't9yh0mrkd2a5381', 's2:ypixvsa9kdptdm5e:9772b9b97a807a7f47ec6097088d2a4024dba58149f0ca73e063e373505e7d6d73558d9111681e34fee10c4b14d8ee4af03030521f41d555cc1fef79872ce189');
INSERT INTO `artist` (`id`, `bio`, `name`) VALUES ('t9yh0mrkd2a5381', 'An ethereal presence in music, known for her cinematic and nostalgic sound.', 'Lana Del Rey');
INSERT INTO `album` (`id`, `artist_id`, `cover_image_url`, `name`, `created_at`) VALUES ('88pvys16s2x7mz738g23rp6hiyuf9agwpc0tfolupx61r2d73q','t9yh0mrkd2a5381', 'https://i.scdn.co/image/ab67616d0000b273aa27708d07f49c82ff0d0dae', 'Lana Del Rey Album','2023-11-17 17:00:08.000');
INSERT INTO `song` (`id`, `name`, `artist_id`,`duration`, `genre`, `spotify_id`, `preview_url`, `created_at`) VALUES ('w9z3w60nhoekjaacmnrng8mmfjtjz07hjme1qhg9jrfpo4r1z1','Say Yes To Heaven','t9yh0mrkd2a5381',100,'POP','6GGtHZgBycCgGBUhZo81xe',NULL,'2023-11-17 17:00:08.000');
INSERT INTO `album_songs`(`album_id`, `song_id`, `order`) VALUES ('88pvys16s2x7mz738g23rp6hiyuf9agwpc0tfolupx61r2d73q', 'w9z3w60nhoekjaacmnrng8mmfjtjz07hjme1qhg9jrfpo4r1z1', '0');
INSERT INTO `song` (`id`, `name`, `artist_id`,`duration`, `genre`, `spotify_id`, `preview_url`, `created_at`) VALUES ('kkc3jf5v53iokdmi0o3pauxzx3fv2lwkmr2lb9sgc6h6bg08cf','Summertime Sadness','t9yh0mrkd2a5381',100,'POP','1Ist6PR2BZR3n2z2Y5R6S1',NULL,'2023-11-17 17:00:08.000');
INSERT INTO `album_songs`(`album_id`, `song_id`, `order`) VALUES ('88pvys16s2x7mz738g23rp6hiyuf9agwpc0tfolupx61r2d73q', 'kkc3jf5v53iokdmi0o3pauxzx3fv2lwkmr2lb9sgc6h6bg08cf', '1');
-- BTS
INSERT INTO `auth_user` (`id`, `username`, `email`, `profile_image_url`, `created_at`) VALUES ('j6wigoxeh0tgwm3', 'BTS', '73@artist.com', 'https://i.scdn.co/image/ab6761610000e5ebd642648235ebf3460d2d1f6a','2023-11-17 17:00:08.000');
INSERT INTO `user_key` (`id`, `user_id`, `hashed_password`) VALUES ('email:73@artist.com', 'j6wigoxeh0tgwm3', 's2:ypixvsa9kdptdm5e:9772b9b97a807a7f47ec6097088d2a4024dba58149f0ca73e063e373505e7d6d73558d9111681e34fee10c4b14d8ee4af03030521f41d555cc1fef79872ce189');
INSERT INTO `artist` (`id`, `bio`, `name`) VALUES ('j6wigoxeh0tgwm3', 'A global phenomenon, setting new standards in K-pop with their music and performances.', 'BTS');
INSERT INTO `album` (`id`, `artist_id`, `cover_image_url`, `name`, `created_at`) VALUES ('9vy5k13fztw2raylnzicalygpmlei7h97ajiqupkeammo06n5i','j6wigoxeh0tgwm3', 'https://i.scdn.co/image/ab67616d0000b2738a701e76e8845928f6cd81c8', 'BTS Album','2023-11-17 17:00:08.000');
INSERT INTO `song` (`id`, `name`, `artist_id`,`duration`, `genre`, `spotify_id`, `preview_url`, `created_at`) VALUES ('0k8oo4vpjwh6itnj6nmdpfmahp26tpi29ataqf10kstfj5ljz5','Take Two','j6wigoxeh0tgwm3',100,'POP','5IAESfJjmOYu7cHyX557kz','https://p.scdn.co/mp3-preview/ef43da30a06fcad16898e9fff1cadd0ccf953fc9?cid=6c77115735724c94af0b7a434aef3fc3','2023-11-17 17:00:08.000');
INSERT INTO `album_songs`(`album_id`, `song_id`, `order`) VALUES ('9vy5k13fztw2raylnzicalygpmlei7h97ajiqupkeammo06n5i', '0k8oo4vpjwh6itnj6nmdpfmahp26tpi29ataqf10kstfj5ljz5', '0');
