-- Users
INSERT INTO "auth_user" ("id", "username", "email", "profile_image_url", "created_at") VALUES ('n4ui9y09tewznoe', 'Ivan Johnson (0)', '0@g.com', NULL,'2023-11-17 17:00:08.000');
INSERT INTO "user_key" ("id", "user_id", "hashed_password") VALUES ('email:0@g.com', 'n4ui9y09tewznoe', 's2:ypixvsa9kdptdm5e:9772b9b97a807a7f47ec6097088d2a4024dba58149f0ca73e063e373505e7d6d73558d9111681e34fee10c4b14d8ee4af03030521f41d555cc1fef79872ce189');
INSERT INTO "auth_user" ("id", "username", "email", "profile_image_url", "created_at") VALUES ('fg4y77qklwmyyo0', 'Bob Brown (1)', '1@g.com', NULL,'2023-11-17 17:00:08.000');
INSERT INTO "user_key" ("id", "user_id", "hashed_password") VALUES ('email:1@g.com', 'fg4y77qklwmyyo0', 's2:ypixvsa9kdptdm5e:9772b9b97a807a7f47ec6097088d2a4024dba58149f0ca73e063e373505e7d6d73558d9111681e34fee10c4b14d8ee4af03030521f41d555cc1fef79872ce189');
INSERT INTO "auth_user" ("id", "username", "email", "profile_image_url", "created_at") VALUES ('mtpfpk9v3ev87ai', 'Edward Miller (2)', '2@g.com', NULL,'2023-11-17 17:00:08.000');
INSERT INTO "user_key" ("id", "user_id", "hashed_password") VALUES ('email:2@g.com', 'mtpfpk9v3ev87ai', 's2:ypixvsa9kdptdm5e:9772b9b97a807a7f47ec6097088d2a4024dba58149f0ca73e063e373505e7d6d73558d9111681e34fee10c4b14d8ee4af03030521f41d555cc1fef79872ce189');
INSERT INTO "auth_user" ("id", "username", "email", "profile_image_url", "created_at") VALUES ('wf8quespmaf9ye7', 'Edward Martinez (3)', '3@g.com', NULL,'2023-11-17 17:00:08.000');
INSERT INTO "user_key" ("id", "user_id", "hashed_password") VALUES ('email:3@g.com', 'wf8quespmaf9ye7', 's2:ypixvsa9kdptdm5e:9772b9b97a807a7f47ec6097088d2a4024dba58149f0ca73e063e373505e7d6d73558d9111681e34fee10c4b14d8ee4af03030521f41d555cc1fef79872ce189');
INSERT INTO "auth_user" ("id", "username", "email", "profile_image_url", "created_at") VALUES ('otoox1klhz0a3lm', 'Ivan Smith (4)', '4@g.com', NULL,'2023-11-17 17:00:08.000');
INSERT INTO "user_key" ("id", "user_id", "hashed_password") VALUES ('email:4@g.com', 'otoox1klhz0a3lm', 's2:ypixvsa9kdptdm5e:9772b9b97a807a7f47ec6097088d2a4024dba58149f0ca73e063e373505e7d6d73558d9111681e34fee10c4b14d8ee4af03030521f41d555cc1fef79872ce189');
INSERT INTO "auth_user" ("id", "username", "email", "profile_image_url", "created_at") VALUES ('j4fzpxduhkq981v', 'Ivan Davis (5)', '5@g.com', NULL,'2023-11-17 17:00:08.000');
INSERT INTO "user_key" ("id", "user_id", "hashed_password") VALUES ('email:5@g.com', 'j4fzpxduhkq981v', 's2:ypixvsa9kdptdm5e:9772b9b97a807a7f47ec6097088d2a4024dba58149f0ca73e063e373505e7d6d73558d9111681e34fee10c4b14d8ee4af03030521f41d555cc1fef79872ce189');
INSERT INTO "auth_user" ("id", "username", "email", "profile_image_url", "created_at") VALUES ('ms5gxmmwjk1a93p', 'Diana Rodriguez (6)', '6@g.com', NULL,'2023-11-17 17:00:08.000');
INSERT INTO "user_key" ("id", "user_id", "hashed_password") VALUES ('email:6@g.com', 'ms5gxmmwjk1a93p', 's2:ypixvsa9kdptdm5e:9772b9b97a807a7f47ec6097088d2a4024dba58149f0ca73e063e373505e7d6d73558d9111681e34fee10c4b14d8ee4af03030521f41d555cc1fef79872ce189');
INSERT INTO "auth_user" ("id", "username", "email", "profile_image_url", "created_at") VALUES ('r6em9gfc7ihcq2s', 'Diana Davis (7)', '7@g.com', NULL,'2023-11-17 17:00:08.000');
INSERT INTO "user_key" ("id", "user_id", "hashed_password") VALUES ('email:7@g.com', 'r6em9gfc7ihcq2s', 's2:ypixvsa9kdptdm5e:9772b9b97a807a7f47ec6097088d2a4024dba58149f0ca73e063e373505e7d6d73558d9111681e34fee10c4b14d8ee4af03030521f41d555cc1fef79872ce189');
INSERT INTO "auth_user" ("id", "username", "email", "profile_image_url", "created_at") VALUES ('t0mupf97ak4jsnf', 'Diana Smith (8)', '8@g.com', NULL,'2023-11-17 17:00:08.000');
INSERT INTO "user_key" ("id", "user_id", "hashed_password") VALUES ('email:8@g.com', 't0mupf97ak4jsnf', 's2:ypixvsa9kdptdm5e:9772b9b97a807a7f47ec6097088d2a4024dba58149f0ca73e063e373505e7d6d73558d9111681e34fee10c4b14d8ee4af03030521f41d555cc1fef79872ce189');
INSERT INTO "auth_user" ("id", "username", "email", "profile_image_url", "created_at") VALUES ('houhask03jin4bc', 'Diana Williams (9)', '9@g.com', NULL,'2023-11-17 17:00:08.000');
INSERT INTO "user_key" ("id", "user_id", "hashed_password") VALUES ('email:9@g.com', 'houhask03jin4bc', 's2:ypixvsa9kdptdm5e:9772b9b97a807a7f47ec6097088d2a4024dba58149f0ca73e063e373505e7d6d73558d9111681e34fee10c4b14d8ee4af03030521f41d555cc1fef79872ce189');
-- Playlists
INSERT INTO "playlist" ("id", "name", "created_at", "user_id") VALUES ('lua9rsf1cry2v0ijzpupfr15xsysp5t2t36us5x75t50i24mye', 'Playlist 0', '2023-11-17 17:00:08.000','n4ui9y09tewznoe');
INSERT INTO "playlist_songs" ("song_id", "playlist_id", "order") VALUES ('wo83e1jqo9rvrugu1bfuwxu5zdf1cm1tq6z0rnkk7rr4ogt9nj', 'lua9rsf1cry2v0ijzpupfr15xsysp5t2t36us5x75t50i24mye', 0);
INSERT INTO "playlist_songs" ("song_id", "playlist_id", "order") VALUES ('1x73hybnvcdzudozgd2u1ahir3vi9py482ozpaane6l1sizjpk', 'lua9rsf1cry2v0ijzpupfr15xsysp5t2t36us5x75t50i24mye', 3);
INSERT INTO "playlist_songs" ("song_id", "playlist_id", "order") VALUES ('i1igdcvjfqvsvx7c4lewcuox3xu8c8eyrnqhxnqpd1y2vorb91', 'lua9rsf1cry2v0ijzpupfr15xsysp5t2t36us5x75t50i24mye', 8);
INSERT INTO "playlist_songs" ("song_id", "playlist_id", "order") VALUES ('y15kfy5kv7hl3o3qn5jqxkaftqiz0tr01vvtm2u550nawtzq55', 'lua9rsf1cry2v0ijzpupfr15xsysp5t2t36us5x75t50i24mye', 7);
INSERT INTO "playlist_songs" ("song_id", "playlist_id", "order") VALUES ('t7oc7v6onaeduka398br7z7mbbdrpvpqkhljntjbtrwy9oihio', 'lua9rsf1cry2v0ijzpupfr15xsysp5t2t36us5x75t50i24mye', 2);
INSERT INTO "playlist_songs" ("song_id", "playlist_id", "order") VALUES ('qqsjtlzrlem0w4haiezpjzz9gzro74k6mdmxzv5w5w6q08hhn5', 'lua9rsf1cry2v0ijzpupfr15xsysp5t2t36us5x75t50i24mye', 5);
INSERT INTO "playlist_songs" ("song_id", "playlist_id", "order") VALUES ('el6w7j1jjwz4hri7jc0nwbez1ov8bm3b7zzpeek51oi68uj4tf', 'lua9rsf1cry2v0ijzpupfr15xsysp5t2t36us5x75t50i24mye', 6);
INSERT INTO "playlist_songs" ("song_id", "playlist_id", "order") VALUES ('w5mv28mlnqs7iqqzevasmyq65e00cldmym34hun5ri1ij75yuf', 'lua9rsf1cry2v0ijzpupfr15xsysp5t2t36us5x75t50i24mye', 1);
INSERT INTO "playlist_songs" ("song_id", "playlist_id", "order") VALUES ('ijlv1jzuzad4kax4svm9lpy76uqclhv697igwn787as2qith0z', 'lua9rsf1cry2v0ijzpupfr15xsysp5t2t36us5x75t50i24mye', 9);
INSERT INTO "playlist_songs" ("song_id", "playlist_id", "order") VALUES ('a05jrhcj9na8u0rqveghjna98jwimfom1n3dv88c8mh4q09epp', 'lua9rsf1cry2v0ijzpupfr15xsysp5t2t36us5x75t50i24mye', 4);
INSERT INTO "playlist" ("id", "name", "created_at", "user_id") VALUES ('fy940kw85jdrpxalhg5t6chh8t1u35tr2qxehxucykwc71w4kw', 'Playlist 1', '2023-11-17 17:00:08.000','n4ui9y09tewznoe');
INSERT INTO "playlist_songs" ("song_id", "playlist_id", "order") VALUES ('9vuh6w7v5bxshur88ifj51xtfyju5hx623ryq9notyth7olz7t', 'fy940kw85jdrpxalhg5t6chh8t1u35tr2qxehxucykwc71w4kw', 0);
INSERT INTO "playlist_songs" ("song_id", "playlist_id", "order") VALUES ('c7oxh0xmmlld2mvbx54gafyq2bh16ohnzid26uqe9m81kxbeq0', 'fy940kw85jdrpxalhg5t6chh8t1u35tr2qxehxucykwc71w4kw', 7);
INSERT INTO "playlist_songs" ("song_id", "playlist_id", "order") VALUES ('jg276ucqn51cvszzsdzmlyslna0tz0m0d91t8o2booko5bl9fr', 'fy940kw85jdrpxalhg5t6chh8t1u35tr2qxehxucykwc71w4kw', 2);
INSERT INTO "playlist_songs" ("song_id", "playlist_id", "order") VALUES ('qsq58ak71ljkznw7awb6nf8b1u4j7dskm06lza2i30te3ifm25', 'fy940kw85jdrpxalhg5t6chh8t1u35tr2qxehxucykwc71w4kw', 1);
INSERT INTO "playlist_songs" ("song_id", "playlist_id", "order") VALUES ('xl9cub5nz2m7waakwir1hy4d4xf6v2t12ribjws4te0u1pcsr8', 'fy940kw85jdrpxalhg5t6chh8t1u35tr2qxehxucykwc71w4kw', 5);
INSERT INTO "playlist_songs" ("song_id", "playlist_id", "order") VALUES ('nhrhegnrrq3jmw63ultlz5cyjlbuuspqza5crs0c6k3y1n72kw', 'fy940kw85jdrpxalhg5t6chh8t1u35tr2qxehxucykwc71w4kw', 8);
INSERT INTO "playlist_songs" ("song_id", "playlist_id", "order") VALUES ('e4hv9dwpp7ba2smkn2wi64nekjlixcesjyph393s7l6w89dt6p', 'fy940kw85jdrpxalhg5t6chh8t1u35tr2qxehxucykwc71w4kw', 4);
INSERT INTO "playlist_songs" ("song_id", "playlist_id", "order") VALUES ('1gywnc773lbinuvs965kp9s65rh61tvft5ci9ask4xvg39e3fj', 'fy940kw85jdrpxalhg5t6chh8t1u35tr2qxehxucykwc71w4kw', 6);
INSERT INTO "playlist_songs" ("song_id", "playlist_id", "order") VALUES ('w5mv28mlnqs7iqqzevasmyq65e00cldmym34hun5ri1ij75yuf', 'fy940kw85jdrpxalhg5t6chh8t1u35tr2qxehxucykwc71w4kw', 9);
INSERT INTO "playlist_songs" ("song_id", "playlist_id", "order") VALUES ('dpwglkq7o72ib6prvu2m9mchkj1wjk2s8a02u9106kx1kg2eiv', 'fy940kw85jdrpxalhg5t6chh8t1u35tr2qxehxucykwc71w4kw', 3);
INSERT INTO "playlist" ("id", "name", "created_at", "user_id") VALUES ('33evw1q1xk68zmnftg0v52ty5kmjn05o33z7ekzlvz57l8l20b', 'Playlist 0', '2023-11-17 17:00:08.000','fg4y77qklwmyyo0');
INSERT INTO "playlist_songs" ("song_id", "playlist_id", "order") VALUES ('xq5wwa3aktll156lnrh6q8h9fvokluw5n9g4f4up731x4r4ryt', '33evw1q1xk68zmnftg0v52ty5kmjn05o33z7ekzlvz57l8l20b', 0);
INSERT INTO "playlist_songs" ("song_id", "playlist_id", "order") VALUES ('dhmiav2hrqda3t1dn8vc1z2o1rin73btmhf9egnszkb6mzbxlb', '33evw1q1xk68zmnftg0v52ty5kmjn05o33z7ekzlvz57l8l20b', 7);
INSERT INTO "playlist_songs" ("song_id", "playlist_id", "order") VALUES ('by17bv6hcqp2wiwylrm5l0vu27hw036l9mo7h0feofep0cd9gi', '33evw1q1xk68zmnftg0v52ty5kmjn05o33z7ekzlvz57l8l20b', 9);
INSERT INTO "playlist_songs" ("song_id", "playlist_id", "order") VALUES ('7136zuqhxgs15q2fztg4pp5c5qhhiihnbhd0gwmvshauz5loeu', '33evw1q1xk68zmnftg0v52ty5kmjn05o33z7ekzlvz57l8l20b', 1);
INSERT INTO "playlist_songs" ("song_id", "playlist_id", "order") VALUES ('s9d7fbgutro5dwkcwl75oy8n80fw9kps6yx6f7ujkvk6y3lg1a', '33evw1q1xk68zmnftg0v52ty5kmjn05o33z7ekzlvz57l8l20b', 4);
INSERT INTO "playlist_songs" ("song_id", "playlist_id", "order") VALUES ('bn0v8pa36vwg5zkyoh1lm7zn5qg70znxxcnxpo6flo6befa2u6', '33evw1q1xk68zmnftg0v52ty5kmjn05o33z7ekzlvz57l8l20b', 8);
INSERT INTO "playlist_songs" ("song_id", "playlist_id", "order") VALUES ('wp7op9n7eqfu6lwlh3i7x2dcz9uuzjimk68in4fc13wh14to8p', '33evw1q1xk68zmnftg0v52ty5kmjn05o33z7ekzlvz57l8l20b', 6);
INSERT INTO "playlist_songs" ("song_id", "playlist_id", "order") VALUES ('8u5oz5e0479b9e9f58yemwuqvdp4etqjsp587hx07tiy0s4uc7', '33evw1q1xk68zmnftg0v52ty5kmjn05o33z7ekzlvz57l8l20b', 2);
INSERT INTO "playlist_songs" ("song_id", "playlist_id", "order") VALUES ('ehmxjjjy240qewrckcvzrmemo68k7dd7jclunqspf1yrq1ry82', '33evw1q1xk68zmnftg0v52ty5kmjn05o33z7ekzlvz57l8l20b', 3);
INSERT INTO "playlist_songs" ("song_id", "playlist_id", "order") VALUES ('nhrhegnrrq3jmw63ultlz5cyjlbuuspqza5crs0c6k3y1n72kw', '33evw1q1xk68zmnftg0v52ty5kmjn05o33z7ekzlvz57l8l20b', 5);
INSERT INTO "playlist" ("id", "name", "created_at", "user_id") VALUES ('6ohbzubq4hrtdakxckfhfxr8kmzomsofik82e3un77m9m9x3yd', 'Playlist 1', '2023-11-17 17:00:08.000','fg4y77qklwmyyo0');
INSERT INTO "playlist_songs" ("song_id", "playlist_id", "order") VALUES ('d9huouenp4s2o836krea8bthal2eoxb5135gd5nnryj934amy2', '6ohbzubq4hrtdakxckfhfxr8kmzomsofik82e3un77m9m9x3yd', 0);
INSERT INTO "playlist_songs" ("song_id", "playlist_id", "order") VALUES ('3prmlvh71oh9pi14m004a25clgrvdonrmtl3fti42cr216xo4n', '6ohbzubq4hrtdakxckfhfxr8kmzomsofik82e3un77m9m9x3yd', 1);
INSERT INTO "playlist_songs" ("song_id", "playlist_id", "order") VALUES ('27lb7e4fcs572r3nte0ue6zj2tyli4irt2xu6xc2csb5nbsulr', '6ohbzubq4hrtdakxckfhfxr8kmzomsofik82e3un77m9m9x3yd', 6);
INSERT INTO "playlist_songs" ("song_id", "playlist_id", "order") VALUES ('hq8pwj9b50a7y60s149scr4ar4mytxmafpxdlzdb7jhvxl0nbg', '6ohbzubq4hrtdakxckfhfxr8kmzomsofik82e3un77m9m9x3yd', 2);
INSERT INTO "playlist_songs" ("song_id", "playlist_id", "order") VALUES ('2j9ywa7sl7oo1b558acnnogabso4d2b629sg276jk37bbdxlif', '6ohbzubq4hrtdakxckfhfxr8kmzomsofik82e3un77m9m9x3yd', 3);
INSERT INTO "playlist_songs" ("song_id", "playlist_id", "order") VALUES ('0k409g3nrjsnqe7jdplipy7tz8fsmf1ch6yp6rntkkev8xu9oz', '6ohbzubq4hrtdakxckfhfxr8kmzomsofik82e3un77m9m9x3yd', 7);
INSERT INTO "playlist_songs" ("song_id", "playlist_id", "order") VALUES ('re5y4b2n9ju2e2twudjb28n6uurt1f5pi9jczu9ohmljj2kjb0', '6ohbzubq4hrtdakxckfhfxr8kmzomsofik82e3un77m9m9x3yd', 8);
INSERT INTO "playlist_songs" ("song_id", "playlist_id", "order") VALUES ('e04mfvgsvtf8vzf9gg85z8u6jldxtvh0xbpy123xs3mg21b6s1', '6ohbzubq4hrtdakxckfhfxr8kmzomsofik82e3un77m9m9x3yd', 9);
INSERT INTO "playlist_songs" ("song_id", "playlist_id", "order") VALUES ('2t1idvzb90q2o22fur4g3l43l01sks2myce2tqip6a8321drea', '6ohbzubq4hrtdakxckfhfxr8kmzomsofik82e3un77m9m9x3yd', 4);
INSERT INTO "playlist_songs" ("song_id", "playlist_id", "order") VALUES ('r4e5a719qhhyhkefmdvsjmz303t3gcmp34rjrpbnwkgcce9f0c', '6ohbzubq4hrtdakxckfhfxr8kmzomsofik82e3un77m9m9x3yd', 5);
INSERT INTO "playlist" ("id", "name", "created_at", "user_id") VALUES ('6svi29v19v636ixj69zkxsijapijjr48k212w4ebelx753juqt', 'Playlist 0', '2023-11-17 17:00:08.000','mtpfpk9v3ev87ai');
INSERT INTO "playlist_songs" ("song_id", "playlist_id", "order") VALUES ('g4klk7sah7zs0p0mzkzorke9qt2ei1c3k3j4lawyutvz3s0tgj', '6svi29v19v636ixj69zkxsijapijjr48k212w4ebelx753juqt', 0);
INSERT INTO "playlist_songs" ("song_id", "playlist_id", "order") VALUES ('64ggjxhjrnxl3jbzvezd9g70x9g74qjwj16xjb1005lcsyd35a', '6svi29v19v636ixj69zkxsijapijjr48k212w4ebelx753juqt', 1);
INSERT INTO "playlist_songs" ("song_id", "playlist_id", "order") VALUES ('z5sv63z2o7jkpcolhgl7rpvs22kzkwf6poigryrllbwuwrwynd', '6svi29v19v636ixj69zkxsijapijjr48k212w4ebelx753juqt', 7);
INSERT INTO "playlist_songs" ("song_id", "playlist_id", "order") VALUES ('pkf67tdsba7xz9m36ph9zgdulvt0jvk1km87lm7ljy74bvbqyf', '6svi29v19v636ixj69zkxsijapijjr48k212w4ebelx753juqt', 8);
INSERT INTO "playlist_songs" ("song_id", "playlist_id", "order") VALUES ('teyprcjqx3mbxl74qocdr15flaf3axc4mgmqmcz73lf4gvaoov', '6svi29v19v636ixj69zkxsijapijjr48k212w4ebelx753juqt', 5);
INSERT INTO "playlist_songs" ("song_id", "playlist_id", "order") VALUES ('cxwl16nzerr5zr8w0ewjd7h8zgowjiumidji7j0ja5fp59chcr', '6svi29v19v636ixj69zkxsijapijjr48k212w4ebelx753juqt', 2);
INSERT INTO "playlist_songs" ("song_id", "playlist_id", "order") VALUES ('ct4mfn0fwo0ekbpd0jgja722a23msfay9yw8ittvjen70leyqb', '6svi29v19v636ixj69zkxsijapijjr48k212w4ebelx753juqt', 3);
INSERT INTO "playlist_songs" ("song_id", "playlist_id", "order") VALUES ('v3mm2ltnh46vewwp01l8w7et7w8bv6pexo4iyhhledechxa6ax', '6svi29v19v636ixj69zkxsijapijjr48k212w4ebelx753juqt', 4);
INSERT INTO "playlist_songs" ("song_id", "playlist_id", "order") VALUES ('3prmlvh71oh9pi14m004a25clgrvdonrmtl3fti42cr216xo4n', '6svi29v19v636ixj69zkxsijapijjr48k212w4ebelx753juqt', 9);
INSERT INTO "playlist_songs" ("song_id", "playlist_id", "order") VALUES ('gckflgsm9568j2l7xla4bghjhieed65d9a374cq8m98ga5mwaw', '6svi29v19v636ixj69zkxsijapijjr48k212w4ebelx753juqt', 6);
INSERT INTO "playlist" ("id", "name", "created_at", "user_id") VALUES ('rblgnpoap08xv5r8ip82kjvrm1rrm77baj0yjugg2fpcajhe08', 'Playlist 1', '2023-11-17 17:00:08.000','mtpfpk9v3ev87ai');
INSERT INTO "playlist_songs" ("song_id", "playlist_id", "order") VALUES ('8u5oz5e0479b9e9f58yemwuqvdp4etqjsp587hx07tiy0s4uc7', 'rblgnpoap08xv5r8ip82kjvrm1rrm77baj0yjugg2fpcajhe08', 0);
INSERT INTO "playlist_songs" ("song_id", "playlist_id", "order") VALUES ('nn1tz74r7nt9hevtn2rnjy8hop5snb1x48pt6ba3c0eq64drg1', 'rblgnpoap08xv5r8ip82kjvrm1rrm77baj0yjugg2fpcajhe08', 3);
INSERT INTO "playlist_songs" ("song_id", "playlist_id", "order") VALUES ('uq3gfi2wu06i2th3jjkbgdig7o13pus0ur70dkpsqfn4rhs9kb', 'rblgnpoap08xv5r8ip82kjvrm1rrm77baj0yjugg2fpcajhe08', 2);
INSERT INTO "playlist_songs" ("song_id", "playlist_id", "order") VALUES ('6pj49t71j08xd0fg9vr9coloxd4fzvb406vksabro4kc76ktqx', 'rblgnpoap08xv5r8ip82kjvrm1rrm77baj0yjugg2fpcajhe08', 1);
INSERT INTO "playlist_songs" ("song_id", "playlist_id", "order") VALUES ('0aqziizjurne1svinvtcma19t4qlby4tuf816wjrftc66yf75b', 'rblgnpoap08xv5r8ip82kjvrm1rrm77baj0yjugg2fpcajhe08', 7);
INSERT INTO "playlist_songs" ("song_id", "playlist_id", "order") VALUES ('31uziyypet8i6je8n8cboa5m4xf8cqomtna12rtu720xjl916h', 'rblgnpoap08xv5r8ip82kjvrm1rrm77baj0yjugg2fpcajhe08', 9);
INSERT INTO "playlist_songs" ("song_id", "playlist_id", "order") VALUES ('vj836qzdx5ffhh7db8zubent4relm1h4kfma9e2uv8l7ajc58j', 'rblgnpoap08xv5r8ip82kjvrm1rrm77baj0yjugg2fpcajhe08', 4);
INSERT INTO "playlist_songs" ("song_id", "playlist_id", "order") VALUES ('wo83e1jqo9rvrugu1bfuwxu5zdf1cm1tq6z0rnkk7rr4ogt9nj', 'rblgnpoap08xv5r8ip82kjvrm1rrm77baj0yjugg2fpcajhe08', 5);
INSERT INTO "playlist_songs" ("song_id", "playlist_id", "order") VALUES ('az7g02twfaqk4q0zft0n9pm7w0i3mhxa2ywkn8b3x5o2dytouz', 'rblgnpoap08xv5r8ip82kjvrm1rrm77baj0yjugg2fpcajhe08', 8);
INSERT INTO "playlist_songs" ("song_id", "playlist_id", "order") VALUES ('n1pc1j4m54nush0j0u29weonc1l9vlv88xfy6c1kf9xd7bxswv', 'rblgnpoap08xv5r8ip82kjvrm1rrm77baj0yjugg2fpcajhe08', 6);
INSERT INTO "playlist" ("id", "name", "created_at", "user_id") VALUES ('sajpafjosom37tg5d43w2zgcbhy81k8cmeqc7xlsq6a2754i8a', 'Playlist 0', '2023-11-17 17:00:08.000','wf8quespmaf9ye7');
INSERT INTO "playlist_songs" ("song_id", "playlist_id", "order") VALUES ('dpmnutiig5nt65p5bnoj4eo3thby43tywbz0u433g3ospc6se5', 'sajpafjosom37tg5d43w2zgcbhy81k8cmeqc7xlsq6a2754i8a', 0);
INSERT INTO "playlist_songs" ("song_id", "playlist_id", "order") VALUES ('el6w7j1jjwz4hri7jc0nwbez1ov8bm3b7zzpeek51oi68uj4tf', 'sajpafjosom37tg5d43w2zgcbhy81k8cmeqc7xlsq6a2754i8a', 9);
INSERT INTO "playlist_songs" ("song_id", "playlist_id", "order") VALUES ('0947vd9etovbu63m0oc10p5mbh04xpatwzuwvcwiqse8chpdlv', 'sajpafjosom37tg5d43w2zgcbhy81k8cmeqc7xlsq6a2754i8a', 4);
INSERT INTO "playlist_songs" ("song_id", "playlist_id", "order") VALUES ('0gd2qid8lkhpfslsmfcx6jripja4dt49pczwn84bv58cltyuxw', 'sajpafjosom37tg5d43w2zgcbhy81k8cmeqc7xlsq6a2754i8a', 6);
INSERT INTO "playlist_songs" ("song_id", "playlist_id", "order") VALUES ('w7ufo2fe7iouo6qkm908uzeepa5x8dg68lcn6ho4khijj6svo7', 'sajpafjosom37tg5d43w2zgcbhy81k8cmeqc7xlsq6a2754i8a', 5);
INSERT INTO "playlist_songs" ("song_id", "playlist_id", "order") VALUES ('az9eyw4nmtf6gth96fle0027ttanooo8o1r9qzf8s9phtjbvz8', 'sajpafjosom37tg5d43w2zgcbhy81k8cmeqc7xlsq6a2754i8a', 8);
INSERT INTO "playlist_songs" ("song_id", "playlist_id", "order") VALUES ('3b7ls661xqtcyrylvoe91jj1sxvabjj56m1s1k1wcxscyhkkt8', 'sajpafjosom37tg5d43w2zgcbhy81k8cmeqc7xlsq6a2754i8a', 7);
INSERT INTO "playlist_songs" ("song_id", "playlist_id", "order") VALUES ('hz0k0sheec30jepugrmecfv0ilpwzqb2sfqjwpvg74xvrq8pab', 'sajpafjosom37tg5d43w2zgcbhy81k8cmeqc7xlsq6a2754i8a', 1);
INSERT INTO "playlist_songs" ("song_id", "playlist_id", "order") VALUES ('jaxv3cy5tbdbdkb5a1y4p8lslvh6ng5nbk3jq6pry1orb3f2ng', 'sajpafjosom37tg5d43w2zgcbhy81k8cmeqc7xlsq6a2754i8a', 2);
INSERT INTO "playlist_songs" ("song_id", "playlist_id", "order") VALUES ('vkamquopy5s0de86merfczhraksxqsgwchtjg7ntr1uohhwdw1', 'sajpafjosom37tg5d43w2zgcbhy81k8cmeqc7xlsq6a2754i8a', 3);
INSERT INTO "playlist" ("id", "name", "created_at", "user_id") VALUES ('0tajda31rueybtavyd4dtcx3izbwckn2spznvvkqydf6z0z7q3', 'Playlist 1', '2023-11-17 17:00:08.000','wf8quespmaf9ye7');
INSERT INTO "playlist_songs" ("song_id", "playlist_id", "order") VALUES ('ohfigcjwhbd5fm4gld4js12pkoefqqeo1r7i7v7dws6hpwhz8o', '0tajda31rueybtavyd4dtcx3izbwckn2spznvvkqydf6z0z7q3', 0);
INSERT INTO "playlist_songs" ("song_id", "playlist_id", "order") VALUES ('x0qq38diwekysgihz5zmuugtrmv910imr423w27s1h37687sil', '0tajda31rueybtavyd4dtcx3izbwckn2spznvvkqydf6z0z7q3', 2);
INSERT INTO "playlist_songs" ("song_id", "playlist_id", "order") VALUES ('he4c571b901plou2g7t8hnt444lf8df94g271pp7owsgudebh4', '0tajda31rueybtavyd4dtcx3izbwckn2spznvvkqydf6z0z7q3', 7);
INSERT INTO "playlist_songs" ("song_id", "playlist_id", "order") VALUES ('8ar7nz3b747qg0xfe7ku1r16cdwzel118y49wihdg67so7n1nu', '0tajda31rueybtavyd4dtcx3izbwckn2spznvvkqydf6z0z7q3', 8);
INSERT INTO "playlist_songs" ("song_id", "playlist_id", "order") VALUES ('mvm6mc0bseaxl4hku2kth9j6h8abw46eu7zn6ycpscajrihn0q', '0tajda31rueybtavyd4dtcx3izbwckn2spznvvkqydf6z0z7q3', 1);
INSERT INTO "playlist_songs" ("song_id", "playlist_id", "order") VALUES ('flhyzba4yefqvgyo99jqa3exjdimr6p4zweoxosmn47sy28d5s', '0tajda31rueybtavyd4dtcx3izbwckn2spznvvkqydf6z0z7q3', 9);
INSERT INTO "playlist_songs" ("song_id", "playlist_id", "order") VALUES ('62yhc2gvdwk90eld7l2vyrn6o9nbsw7yrr96pf9pvq7m6517gm', '0tajda31rueybtavyd4dtcx3izbwckn2spznvvkqydf6z0z7q3', 6);
INSERT INTO "playlist_songs" ("song_id", "playlist_id", "order") VALUES ('ixq4fox8myilqbdep9t5zmcopd3myo34azwm2v7j7265exex4r', '0tajda31rueybtavyd4dtcx3izbwckn2spznvvkqydf6z0z7q3', 5);
INSERT INTO "playlist_songs" ("song_id", "playlist_id", "order") VALUES ('o44do1mlvz6vlzrls8qs9ucx62sft094xmpha8n8siau22iai9', '0tajda31rueybtavyd4dtcx3izbwckn2spznvvkqydf6z0z7q3', 4);
INSERT INTO "playlist_songs" ("song_id", "playlist_id", "order") VALUES ('w5mv28mlnqs7iqqzevasmyq65e00cldmym34hun5ri1ij75yuf', '0tajda31rueybtavyd4dtcx3izbwckn2spznvvkqydf6z0z7q3', 3);
INSERT INTO "playlist" ("id", "name", "created_at", "user_id") VALUES ('qdu611xzoylgg44w97m80gux79d7tqexq5iz38qr7kpnqopn4k', 'Playlist 0', '2023-11-17 17:00:08.000','otoox1klhz0a3lm');
INSERT INTO "playlist_songs" ("song_id", "playlist_id", "order") VALUES ('t37flcy10wqn28bwds547g6apcxo2ozqvuohvet50jcdg3gs71', 'qdu611xzoylgg44w97m80gux79d7tqexq5iz38qr7kpnqopn4k', 0);
INSERT INTO "playlist_songs" ("song_id", "playlist_id", "order") VALUES ('ir3mtjrdkpp7130rw1aqu8fdpy6s92mpaafwa0kx8iozfcrbdh', 'qdu611xzoylgg44w97m80gux79d7tqexq5iz38qr7kpnqopn4k', 6);
INSERT INTO "playlist_songs" ("song_id", "playlist_id", "order") VALUES ('7qg23ucevqx4ym17f0eaol2iydvghshk0nrmrtagzxirrdg0rf', 'qdu611xzoylgg44w97m80gux79d7tqexq5iz38qr7kpnqopn4k', 4);
INSERT INTO "playlist_songs" ("song_id", "playlist_id", "order") VALUES ('iu0335gc5v1y1qcjm5yi964vhkchu8jijz4icb5zdrbr5h71l7', 'qdu611xzoylgg44w97m80gux79d7tqexq5iz38qr7kpnqopn4k', 1);
INSERT INTO "playlist_songs" ("song_id", "playlist_id", "order") VALUES ('k9c6pkyqgacho3rqtgx7elaihx2iog0sw0imoxcccvtzosfs6p', 'qdu611xzoylgg44w97m80gux79d7tqexq5iz38qr7kpnqopn4k', 8);
INSERT INTO "playlist_songs" ("song_id", "playlist_id", "order") VALUES ('vqlu5f6o2qxbgrihaumwpqoj49zseu6p3c4xkho6eh7vqj9qnj', 'qdu611xzoylgg44w97m80gux79d7tqexq5iz38qr7kpnqopn4k', 3);
INSERT INTO "playlist_songs" ("song_id", "playlist_id", "order") VALUES ('72k6ujq345r7npmepmn9vjyynt0bvgffiqttajoe8xnz6tgnfb', 'qdu611xzoylgg44w97m80gux79d7tqexq5iz38qr7kpnqopn4k', 5);
INSERT INTO "playlist_songs" ("song_id", "playlist_id", "order") VALUES ('r5xcdx1veehwt7njcu827ht732ee6kilgeqkr5efxkzifgshd4', 'qdu611xzoylgg44w97m80gux79d7tqexq5iz38qr7kpnqopn4k', 7);
INSERT INTO "playlist_songs" ("song_id", "playlist_id", "order") VALUES ('ijt4z4euw3t4mrlbatqwk60r3itvdtlwjt3b12wp78h40h0tia', 'qdu611xzoylgg44w97m80gux79d7tqexq5iz38qr7kpnqopn4k', 2);
INSERT INTO "playlist_songs" ("song_id", "playlist_id", "order") VALUES ('40ahyvzgnnt3ro82uw0ckbgs6nq2p1d980slrneli3upg4o0fy', 'qdu611xzoylgg44w97m80gux79d7tqexq5iz38qr7kpnqopn4k', 9);
INSERT INTO "playlist" ("id", "name", "created_at", "user_id") VALUES ('a75b05t30v2hojsaca7ri40zf47cr0ch51x8twfsmi61lrt4qa', 'Playlist 1', '2023-11-17 17:00:08.000','otoox1klhz0a3lm');
INSERT INTO "playlist_songs" ("song_id", "playlist_id", "order") VALUES ('a8rqbhlplom4871qoezhzeujazr7c1in374h4ppmfkjhiithif', 'a75b05t30v2hojsaca7ri40zf47cr0ch51x8twfsmi61lrt4qa', 1);
INSERT INTO "playlist_songs" ("song_id", "playlist_id", "order") VALUES ('50w1ncf5p36v4ez1ev79h7ro8i1siw19snbf5u75p20w86ygcu', 'a75b05t30v2hojsaca7ri40zf47cr0ch51x8twfsmi61lrt4qa', 0);
INSERT INTO "playlist_songs" ("song_id", "playlist_id", "order") VALUES ('29nc08a6wbhjn96ilxrqe0tb1dxpbgijqsw2aq4eyk011ddx9o', 'a75b05t30v2hojsaca7ri40zf47cr0ch51x8twfsmi61lrt4qa', 5);
INSERT INTO "playlist_songs" ("song_id", "playlist_id", "order") VALUES ('ikbzd4rpn0z74d9678eeqredsldjbyxnnerx8pfcgxtspeaj2x', 'a75b05t30v2hojsaca7ri40zf47cr0ch51x8twfsmi61lrt4qa', 9);
INSERT INTO "playlist_songs" ("song_id", "playlist_id", "order") VALUES ('t37flcy10wqn28bwds547g6apcxo2ozqvuohvet50jcdg3gs71', 'a75b05t30v2hojsaca7ri40zf47cr0ch51x8twfsmi61lrt4qa', 4);
INSERT INTO "playlist_songs" ("song_id", "playlist_id", "order") VALUES ('crfekst9t9wfvp11e7rx0rv0y834eqvoy664m14aucrjbqq2p1', 'a75b05t30v2hojsaca7ri40zf47cr0ch51x8twfsmi61lrt4qa', 7);
INSERT INTO "playlist_songs" ("song_id", "playlist_id", "order") VALUES ('i1igdcvjfqvsvx7c4lewcuox3xu8c8eyrnqhxnqpd1y2vorb91', 'a75b05t30v2hojsaca7ri40zf47cr0ch51x8twfsmi61lrt4qa', 8);
INSERT INTO "playlist_songs" ("song_id", "playlist_id", "order") VALUES ('7y7dmrlgqx48vvpkejeltwupae9zbvnrvswm4ohxroc65r2d77', 'a75b05t30v2hojsaca7ri40zf47cr0ch51x8twfsmi61lrt4qa', 3);
INSERT INTO "playlist_songs" ("song_id", "playlist_id", "order") VALUES ('gn6xra0idvco34l9hna2pkpn5qd0c56xnfkcdh5q65e7kps8mo', 'a75b05t30v2hojsaca7ri40zf47cr0ch51x8twfsmi61lrt4qa', 6);
INSERT INTO "playlist_songs" ("song_id", "playlist_id", "order") VALUES ('dtx0abc7034pvxkpi6qe3tn3v4f0f8duvjepepfdoa0pbp0om1', 'a75b05t30v2hojsaca7ri40zf47cr0ch51x8twfsmi61lrt4qa', 2);
INSERT INTO "playlist" ("id", "name", "created_at", "user_id") VALUES ('itxz5quxxdl3m3p3im9456vl5lwq5ehpr5pe487y5uf65srqva', 'Playlist 0', '2023-11-17 17:00:08.000','j4fzpxduhkq981v');
INSERT INTO "playlist_songs" ("song_id", "playlist_id", "order") VALUES ('8ar7nz3b747qg0xfe7ku1r16cdwzel118y49wihdg67so7n1nu', 'itxz5quxxdl3m3p3im9456vl5lwq5ehpr5pe487y5uf65srqva', 0);
INSERT INTO "playlist_songs" ("song_id", "playlist_id", "order") VALUES ('n1pc1j4m54nush0j0u29weonc1l9vlv88xfy6c1kf9xd7bxswv', 'itxz5quxxdl3m3p3im9456vl5lwq5ehpr5pe487y5uf65srqva', 1);
INSERT INTO "playlist_songs" ("song_id", "playlist_id", "order") VALUES ('6tj8lqggjeck8vunas2zcuh11ng7yq6fl8x2briqx3m37464ln', 'itxz5quxxdl3m3p3im9456vl5lwq5ehpr5pe487y5uf65srqva', 4);
INSERT INTO "playlist_songs" ("song_id", "playlist_id", "order") VALUES ('pu7srdo8v6aoo7rg0u1xc7h7xetn5894hyd50u97k6a8womk0n', 'itxz5quxxdl3m3p3im9456vl5lwq5ehpr5pe487y5uf65srqva', 8);
INSERT INTO "playlist_songs" ("song_id", "playlist_id", "order") VALUES ('flhyzba4yefqvgyo99jqa3exjdimr6p4zweoxosmn47sy28d5s', 'itxz5quxxdl3m3p3im9456vl5lwq5ehpr5pe487y5uf65srqva', 3);
INSERT INTO "playlist_songs" ("song_id", "playlist_id", "order") VALUES ('9hav66ls1twtfhlzmomntmb6vhnxh1gi9ka0nyg5axceo2q1uz', 'itxz5quxxdl3m3p3im9456vl5lwq5ehpr5pe487y5uf65srqva', 2);
INSERT INTO "playlist_songs" ("song_id", "playlist_id", "order") VALUES ('bc7z1a9wiz3rizraqpomy4nsyp8rqzd88p1gmaan52kwf8cban', 'itxz5quxxdl3m3p3im9456vl5lwq5ehpr5pe487y5uf65srqva', 6);
INSERT INTO "playlist_songs" ("song_id", "playlist_id", "order") VALUES ('rs63z6t5mbcavvueykkvdp2ukup7hh8y9bdl3z3v7h2xv1ydzt', 'itxz5quxxdl3m3p3im9456vl5lwq5ehpr5pe487y5uf65srqva', 5);
INSERT INTO "playlist_songs" ("song_id", "playlist_id", "order") VALUES ('nhrhegnrrq3jmw63ultlz5cyjlbuuspqza5crs0c6k3y1n72kw', 'itxz5quxxdl3m3p3im9456vl5lwq5ehpr5pe487y5uf65srqva', 7);
INSERT INTO "playlist_songs" ("song_id", "playlist_id", "order") VALUES ('7enstw7704q8wyvcjxcpr4h39dgkx5783nl78h3oko71ak9h3r', 'itxz5quxxdl3m3p3im9456vl5lwq5ehpr5pe487y5uf65srqva', 9);
INSERT INTO "playlist" ("id", "name", "created_at", "user_id") VALUES ('6focc76bdirsicpzrsgncnjz024f21djsupqhm3mt0gvmwxl8k', 'Playlist 1', '2023-11-17 17:00:08.000','j4fzpxduhkq981v');
INSERT INTO "playlist_songs" ("song_id", "playlist_id", "order") VALUES ('petdyq20wm3fm5qowogywcadz8e4dbzgyl5kmpqw8yaxiscafo', '6focc76bdirsicpzrsgncnjz024f21djsupqhm3mt0gvmwxl8k', 0);
INSERT INTO "playlist_songs" ("song_id", "playlist_id", "order") VALUES ('glc1whvd9jfp6tx41hwu0zcehpxsfk3fp7fhiz6ioqco0yoprh', '6focc76bdirsicpzrsgncnjz024f21djsupqhm3mt0gvmwxl8k', 1);
INSERT INTO "playlist_songs" ("song_id", "playlist_id", "order") VALUES ('lk9a6i2bczfr05nx1688x4lj54xixlafk6mu5kjgi4znwsi8k1', '6focc76bdirsicpzrsgncnjz024f21djsupqhm3mt0gvmwxl8k', 3);
INSERT INTO "playlist_songs" ("song_id", "playlist_id", "order") VALUES ('blqgip7ww9m3mttfealjjk4vjmdkadt2o2y5z896lron86n0sn', '6focc76bdirsicpzrsgncnjz024f21djsupqhm3mt0gvmwxl8k', 9);
INSERT INTO "playlist_songs" ("song_id", "playlist_id", "order") VALUES ('3771zugyonkpqehqunoztsw5fnwxk4gw2u0v739tq0xebr6zrd', '6focc76bdirsicpzrsgncnjz024f21djsupqhm3mt0gvmwxl8k', 5);
INSERT INTO "playlist_songs" ("song_id", "playlist_id", "order") VALUES ('9vuh6w7v5bxshur88ifj51xtfyju5hx623ryq9notyth7olz7t', '6focc76bdirsicpzrsgncnjz024f21djsupqhm3mt0gvmwxl8k', 2);
INSERT INTO "playlist_songs" ("song_id", "playlist_id", "order") VALUES ('n1pc1j4m54nush0j0u29weonc1l9vlv88xfy6c1kf9xd7bxswv', '6focc76bdirsicpzrsgncnjz024f21djsupqhm3mt0gvmwxl8k', 8);
INSERT INTO "playlist_songs" ("song_id", "playlist_id", "order") VALUES ('akps2z50jq1w8gfaj5k2g4t3eskoxuo1qtm8l85oatkqz69iyz', '6focc76bdirsicpzrsgncnjz024f21djsupqhm3mt0gvmwxl8k', 4);
INSERT INTO "playlist_songs" ("song_id", "playlist_id", "order") VALUES ('wlp4ikdae0r2g97bntbf9747ws6p39rh38rwu3uid0qcaagp23', '6focc76bdirsicpzrsgncnjz024f21djsupqhm3mt0gvmwxl8k', 6);
INSERT INTO "playlist_songs" ("song_id", "playlist_id", "order") VALUES ('rhbtzdfpvyh2pd42xh4lh3rsywwy1gskw0naj9oaufs3leknx4', '6focc76bdirsicpzrsgncnjz024f21djsupqhm3mt0gvmwxl8k', 7);
INSERT INTO "playlist" ("id", "name", "created_at", "user_id") VALUES ('uvo54cveiiwcuv441bpcbrrs93hedmxaiuge1aizdodawr4hr2', 'Playlist 0', '2023-11-17 17:00:08.000','ms5gxmmwjk1a93p');
INSERT INTO "playlist_songs" ("song_id", "playlist_id", "order") VALUES ('9hav66ls1twtfhlzmomntmb6vhnxh1gi9ka0nyg5axceo2q1uz', 'uvo54cveiiwcuv441bpcbrrs93hedmxaiuge1aizdodawr4hr2', 0);
INSERT INTO "playlist_songs" ("song_id", "playlist_id", "order") VALUES ('89hcqnkqya2dbm40wp571o3tmkl82jdashhbl9q3pzho9omolu', 'uvo54cveiiwcuv441bpcbrrs93hedmxaiuge1aizdodawr4hr2', 6);
INSERT INTO "playlist_songs" ("song_id", "playlist_id", "order") VALUES ('az9eyw4nmtf6gth96fle0027ttanooo8o1r9qzf8s9phtjbvz8', 'uvo54cveiiwcuv441bpcbrrs93hedmxaiuge1aizdodawr4hr2', 9);
INSERT INTO "playlist_songs" ("song_id", "playlist_id", "order") VALUES ('6m3ii1mc29c9mdjyrts7m39u4m6rrk1twbq6283nub2p20hgtb', 'uvo54cveiiwcuv441bpcbrrs93hedmxaiuge1aizdodawr4hr2', 1);
INSERT INTO "playlist_songs" ("song_id", "playlist_id", "order") VALUES ('qrgy2q6xe1hxx010pctellgmyik9ofbpuxmidw52zclox7xaik', 'uvo54cveiiwcuv441bpcbrrs93hedmxaiuge1aizdodawr4hr2', 7);
INSERT INTO "playlist_songs" ("song_id", "playlist_id", "order") VALUES ('12e6ck12shndf4878ly7v7hkh6zdk0bh1q2zxmdttk3tepq136', 'uvo54cveiiwcuv441bpcbrrs93hedmxaiuge1aizdodawr4hr2', 4);
INSERT INTO "playlist_songs" ("song_id", "playlist_id", "order") VALUES ('by17bv6hcqp2wiwylrm5l0vu27hw036l9mo7h0feofep0cd9gi', 'uvo54cveiiwcuv441bpcbrrs93hedmxaiuge1aizdodawr4hr2', 5);
INSERT INTO "playlist_songs" ("song_id", "playlist_id", "order") VALUES ('ffvmk74m1yijmzw6cuonwth30do5k745eribquqd054w2nz9eh', 'uvo54cveiiwcuv441bpcbrrs93hedmxaiuge1aizdodawr4hr2', 8);
INSERT INTO "playlist_songs" ("song_id", "playlist_id", "order") VALUES ('5lw4g0azbyaf74ddpohr18x47ylx7sjke4xfqzi9ug24mxznek', 'uvo54cveiiwcuv441bpcbrrs93hedmxaiuge1aizdodawr4hr2', 3);
INSERT INTO "playlist_songs" ("song_id", "playlist_id", "order") VALUES ('dpmnutiig5nt65p5bnoj4eo3thby43tywbz0u433g3ospc6se5', 'uvo54cveiiwcuv441bpcbrrs93hedmxaiuge1aizdodawr4hr2', 2);
INSERT INTO "playlist" ("id", "name", "created_at", "user_id") VALUES ('kkdz3uqtz93a17umhsbeseert3tl1j4jhef6r7wfoytk4vxkyu', 'Playlist 1', '2023-11-17 17:00:08.000','ms5gxmmwjk1a93p');
INSERT INTO "playlist_songs" ("song_id", "playlist_id", "order") VALUES ('7oyrvv8bbh6e9ce09aifwa7sdpdlk27s2dc2z09klxzjqjd9z2', 'kkdz3uqtz93a17umhsbeseert3tl1j4jhef6r7wfoytk4vxkyu', 0);
INSERT INTO "playlist_songs" ("song_id", "playlist_id", "order") VALUES ('yjk2ixdni9kuqkk28b8lbznys2x3iku4zmtnmbgp8g0jsg9q71', 'kkdz3uqtz93a17umhsbeseert3tl1j4jhef6r7wfoytk4vxkyu', 4);
INSERT INTO "playlist_songs" ("song_id", "playlist_id", "order") VALUES ('5d77j0co1tih6nw7t4mqmql03crxhnulxvmy2fobqo013ash2w', 'kkdz3uqtz93a17umhsbeseert3tl1j4jhef6r7wfoytk4vxkyu', 1);
INSERT INTO "playlist_songs" ("song_id", "playlist_id", "order") VALUES ('h58x49c03xpo5g5yzkk26r4o2mw3n2tvol3bcoe5d0js4p6eto', 'kkdz3uqtz93a17umhsbeseert3tl1j4jhef6r7wfoytk4vxkyu', 6);
INSERT INTO "playlist_songs" ("song_id", "playlist_id", "order") VALUES ('64ggjxhjrnxl3jbzvezd9g70x9g74qjwj16xjb1005lcsyd35a', 'kkdz3uqtz93a17umhsbeseert3tl1j4jhef6r7wfoytk4vxkyu', 2);
INSERT INTO "playlist_songs" ("song_id", "playlist_id", "order") VALUES ('qagz8oflzmfjfks2x42di8tnef5pvrc5f4s59tcpdhusgg9f5v', 'kkdz3uqtz93a17umhsbeseert3tl1j4jhef6r7wfoytk4vxkyu', 8);
INSERT INTO "playlist_songs" ("song_id", "playlist_id", "order") VALUES ('37h7pez8fiokqanqykkxh3gxmt0b5t6c8cma4ylgr64e9rqu1q', 'kkdz3uqtz93a17umhsbeseert3tl1j4jhef6r7wfoytk4vxkyu', 5);
INSERT INTO "playlist_songs" ("song_id", "playlist_id", "order") VALUES ('7wp81yt7rzfx79uukpqrtr5oxh4cdpoly9u7h0su1z3lnutkvs', 'kkdz3uqtz93a17umhsbeseert3tl1j4jhef6r7wfoytk4vxkyu', 7);
INSERT INTO "playlist_songs" ("song_id", "playlist_id", "order") VALUES ('vqlu5f6o2qxbgrihaumwpqoj49zseu6p3c4xkho6eh7vqj9qnj', 'kkdz3uqtz93a17umhsbeseert3tl1j4jhef6r7wfoytk4vxkyu', 3);
INSERT INTO "playlist_songs" ("song_id", "playlist_id", "order") VALUES ('qsq58ak71ljkznw7awb6nf8b1u4j7dskm06lza2i30te3ifm25', 'kkdz3uqtz93a17umhsbeseert3tl1j4jhef6r7wfoytk4vxkyu', 9);
INSERT INTO "playlist" ("id", "name", "created_at", "user_id") VALUES ('1dmh30uehli04ixur6k9je2oqg8a3f7yb0pbk6gp7vpkkkdbp3', 'Playlist 0', '2023-11-17 17:00:08.000','r6em9gfc7ihcq2s');
INSERT INTO "playlist_songs" ("song_id", "playlist_id", "order") VALUES ('x0qq38diwekysgihz5zmuugtrmv910imr423w27s1h37687sil', '1dmh30uehli04ixur6k9je2oqg8a3f7yb0pbk6gp7vpkkkdbp3', 0);
INSERT INTO "playlist_songs" ("song_id", "playlist_id", "order") VALUES ('d316n05w99qzkb6vozdp2thi10kpbooyuwfhxt3np45580n3ib', '1dmh30uehli04ixur6k9je2oqg8a3f7yb0pbk6gp7vpkkkdbp3', 3);
INSERT INTO "playlist_songs" ("song_id", "playlist_id", "order") VALUES ('htgr52tfobbffc2uhy5n82kd8npvoi3dqt8fom8iv5cmtczs2r', '1dmh30uehli04ixur6k9je2oqg8a3f7yb0pbk6gp7vpkkkdbp3', 4);
INSERT INTO "playlist_songs" ("song_id", "playlist_id", "order") VALUES ('xnrg8lvb6cew8tvxnxhts6iinyv1ceqz3sl86me711r38msvtl', '1dmh30uehli04ixur6k9je2oqg8a3f7yb0pbk6gp7vpkkkdbp3', 1);
INSERT INTO "playlist_songs" ("song_id", "playlist_id", "order") VALUES ('5qa7s16wr48m07brflaog5nlo1z4f1uk3dir08ok13fuf8sni0', '1dmh30uehli04ixur6k9je2oqg8a3f7yb0pbk6gp7vpkkkdbp3', 7);
INSERT INTO "playlist_songs" ("song_id", "playlist_id", "order") VALUES ('7qg23ucevqx4ym17f0eaol2iydvghshk0nrmrtagzxirrdg0rf', '1dmh30uehli04ixur6k9je2oqg8a3f7yb0pbk6gp7vpkkkdbp3', 2);
INSERT INTO "playlist_songs" ("song_id", "playlist_id", "order") VALUES ('a05jrhcj9na8u0rqveghjna98jwimfom1n3dv88c8mh4q09epp', '1dmh30uehli04ixur6k9je2oqg8a3f7yb0pbk6gp7vpkkkdbp3', 6);
INSERT INTO "playlist_songs" ("song_id", "playlist_id", "order") VALUES ('oyu07zi03vy5ecqw99atyfd9n8d2tqk6glql6k5155g248gf9b', '1dmh30uehli04ixur6k9je2oqg8a3f7yb0pbk6gp7vpkkkdbp3', 8);
INSERT INTO "playlist_songs" ("song_id", "playlist_id", "order") VALUES ('wo83e1jqo9rvrugu1bfuwxu5zdf1cm1tq6z0rnkk7rr4ogt9nj', '1dmh30uehli04ixur6k9je2oqg8a3f7yb0pbk6gp7vpkkkdbp3', 9);
INSERT INTO "playlist_songs" ("song_id", "playlist_id", "order") VALUES ('gy03q7x1ldjnbvzmmotvsa52vosroh8sb9a0kyxqzvn37ejlg0', '1dmh30uehli04ixur6k9je2oqg8a3f7yb0pbk6gp7vpkkkdbp3', 5);
INSERT INTO "playlist" ("id", "name", "created_at", "user_id") VALUES ('j5j2i0g0lm39m0acp8oi386zs1ah3eo8eld21wu880ln5eqfek', 'Playlist 1', '2023-11-17 17:00:08.000','r6em9gfc7ihcq2s');
INSERT INTO "playlist_songs" ("song_id", "playlist_id", "order") VALUES ('9hav66ls1twtfhlzmomntmb6vhnxh1gi9ka0nyg5axceo2q1uz', 'j5j2i0g0lm39m0acp8oi386zs1ah3eo8eld21wu880ln5eqfek', 0);
INSERT INTO "playlist_songs" ("song_id", "playlist_id", "order") VALUES ('4c36inhkdfqo41edyk07cv05edt3re00zgy3usthkfpgn9mjkp', 'j5j2i0g0lm39m0acp8oi386zs1ah3eo8eld21wu880ln5eqfek', 2);
INSERT INTO "playlist_songs" ("song_id", "playlist_id", "order") VALUES ('flhyzba4yefqvgyo99jqa3exjdimr6p4zweoxosmn47sy28d5s', 'j5j2i0g0lm39m0acp8oi386zs1ah3eo8eld21wu880ln5eqfek', 8);
INSERT INTO "playlist_songs" ("song_id", "playlist_id", "order") VALUES ('szjx3xcc2723guta1kc861oqzougg0o44e08cearn9cc9gdzd2', 'j5j2i0g0lm39m0acp8oi386zs1ah3eo8eld21wu880ln5eqfek', 6);
INSERT INTO "playlist_songs" ("song_id", "playlist_id", "order") VALUES ('vyime8h1d3h9b5njzilxpaocd20l93a0hg82mboc7m7ad95suo', 'j5j2i0g0lm39m0acp8oi386zs1ah3eo8eld21wu880ln5eqfek', 3);
INSERT INTO "playlist_songs" ("song_id", "playlist_id", "order") VALUES ('ejddz9j19w1914h2b0nqnt2e6l47grl5ky37xfhztq21jr9b9h', 'j5j2i0g0lm39m0acp8oi386zs1ah3eo8eld21wu880ln5eqfek', 9);
INSERT INTO "playlist_songs" ("song_id", "playlist_id", "order") VALUES ('wol9xb7bkveftqtw9gpdmk51h1qrbhgi6tv56wg7h38f7qz5di', 'j5j2i0g0lm39m0acp8oi386zs1ah3eo8eld21wu880ln5eqfek', 1);
INSERT INTO "playlist_songs" ("song_id", "playlist_id", "order") VALUES ('ps81bqb2ftewpmkwpijqeb78x9anz4zjwep6hqr7k0eokrwhfj', 'j5j2i0g0lm39m0acp8oi386zs1ah3eo8eld21wu880ln5eqfek', 7);
INSERT INTO "playlist_songs" ("song_id", "playlist_id", "order") VALUES ('e4hv9dwpp7ba2smkn2wi64nekjlixcesjyph393s7l6w89dt6p', 'j5j2i0g0lm39m0acp8oi386zs1ah3eo8eld21wu880ln5eqfek', 5);
INSERT INTO "playlist_songs" ("song_id", "playlist_id", "order") VALUES ('1x33wcqtb4g6zj0ilu7c8fjdbsi29jdikfps632gdaef7p1dnn', 'j5j2i0g0lm39m0acp8oi386zs1ah3eo8eld21wu880ln5eqfek', 4);
INSERT INTO "playlist" ("id", "name", "created_at", "user_id") VALUES ('tk97v4hu2n9hxtv00ckr5flkezl67m6r2f5vn4oovmdp8d93ek', 'Playlist 0', '2023-11-17 17:00:08.000','t0mupf97ak4jsnf');
INSERT INTO "playlist_songs" ("song_id", "playlist_id", "order") VALUES ('mn0y0qwlc9ml26smlnddx0n4q4mik3by57gybtv3ev87ub73ue', 'tk97v4hu2n9hxtv00ckr5flkezl67m6r2f5vn4oovmdp8d93ek', 0);
INSERT INTO "playlist_songs" ("song_id", "playlist_id", "order") VALUES ('hq8pwj9b50a7y60s149scr4ar4mytxmafpxdlzdb7jhvxl0nbg', 'tk97v4hu2n9hxtv00ckr5flkezl67m6r2f5vn4oovmdp8d93ek', 2);
INSERT INTO "playlist_songs" ("song_id", "playlist_id", "order") VALUES ('usrfhqt4ltjybc1r4tw486qdywo2u9lcp80kruo8nr0pz5hpr9', 'tk97v4hu2n9hxtv00ckr5flkezl67m6r2f5vn4oovmdp8d93ek', 3);
INSERT INTO "playlist_songs" ("song_id", "playlist_id", "order") VALUES ('mxxs9f97cqk7fhars8kyrzcyx5xb0jwqwee87ynbbmddxruxdj', 'tk97v4hu2n9hxtv00ckr5flkezl67m6r2f5vn4oovmdp8d93ek', 1);
INSERT INTO "playlist_songs" ("song_id", "playlist_id", "order") VALUES ('9ptmwrwl8rqf2uqi6mctoh94w55erdoq95t463dqcvp7nhhl8x', 'tk97v4hu2n9hxtv00ckr5flkezl67m6r2f5vn4oovmdp8d93ek', 9);
INSERT INTO "playlist_songs" ("song_id", "playlist_id", "order") VALUES ('d50irtz8a5f51uoqhx9k0xkiycpdp4rmh75rik6bcmvh81qw9b', 'tk97v4hu2n9hxtv00ckr5flkezl67m6r2f5vn4oovmdp8d93ek', 5);
INSERT INTO "playlist_songs" ("song_id", "playlist_id", "order") VALUES ('u97lrtyx7lied7d2lls6qaj4hl4r6ya5zffa3o1fe5810caag3', 'tk97v4hu2n9hxtv00ckr5flkezl67m6r2f5vn4oovmdp8d93ek', 8);
INSERT INTO "playlist_songs" ("song_id", "playlist_id", "order") VALUES ('uqz3zi2uwnd401t5bo953hycp1amk3n83op2rtksdwti3ydmol', 'tk97v4hu2n9hxtv00ckr5flkezl67m6r2f5vn4oovmdp8d93ek', 4);
INSERT INTO "playlist_songs" ("song_id", "playlist_id", "order") VALUES ('melkijdnwnmrxyx097zwg5zha4yqt1wdzgwpqk7vg8lejdz7qc', 'tk97v4hu2n9hxtv00ckr5flkezl67m6r2f5vn4oovmdp8d93ek', 7);
INSERT INTO "playlist_songs" ("song_id", "playlist_id", "order") VALUES ('seajghjl8v9ofw89p1kdwb2elihwkif40huyek69ouw1ew3n4g', 'tk97v4hu2n9hxtv00ckr5flkezl67m6r2f5vn4oovmdp8d93ek', 6);
INSERT INTO "playlist" ("id", "name", "created_at", "user_id") VALUES ('y53b77uxbymmwb85dg42sbqovnnjm2o2eci2gc2kxmlrl2102r', 'Playlist 1', '2023-11-17 17:00:08.000','t0mupf97ak4jsnf');
INSERT INTO "playlist_songs" ("song_id", "playlist_id", "order") VALUES ('cjw5thchsl31q5oxev2a8i1xtj3v0lsdwy8rowi3cenat8ho95', 'y53b77uxbymmwb85dg42sbqovnnjm2o2eci2gc2kxmlrl2102r', 4);
INSERT INTO "playlist_songs" ("song_id", "playlist_id", "order") VALUES ('1en6s6hrso81bj1dxymwpkdj0j70jv95a5yin591njgy6dfp6v', 'y53b77uxbymmwb85dg42sbqovnnjm2o2eci2gc2kxmlrl2102r', 5);
INSERT INTO "playlist_songs" ("song_id", "playlist_id", "order") VALUES ('m092nlrue1o15fjivqro7g17pajfmyvolo8xn4nkotb6udlt9v', 'y53b77uxbymmwb85dg42sbqovnnjm2o2eci2gc2kxmlrl2102r', 8);
INSERT INTO "playlist_songs" ("song_id", "playlist_id", "order") VALUES ('bfyhitdg09owo3tjnciu6tvc1um64hluc3m1o4odje6h529xln', 'y53b77uxbymmwb85dg42sbqovnnjm2o2eci2gc2kxmlrl2102r', 0);
INSERT INTO "playlist_songs" ("song_id", "playlist_id", "order") VALUES ('3yqtzqbtt205h9i5xto1ydp65qwajjqycde8wu3gjur0ckqonj', 'y53b77uxbymmwb85dg42sbqovnnjm2o2eci2gc2kxmlrl2102r', 7);
INSERT INTO "playlist_songs" ("song_id", "playlist_id", "order") VALUES ('w7ufo2fe7iouo6qkm908uzeepa5x8dg68lcn6ho4khijj6svo7', 'y53b77uxbymmwb85dg42sbqovnnjm2o2eci2gc2kxmlrl2102r', 2);
INSERT INTO "playlist_songs" ("song_id", "playlist_id", "order") VALUES ('282qxrqsgitimh8rt99nbn8j85utpyvo88hv1kms6165cn8v4g', 'y53b77uxbymmwb85dg42sbqovnnjm2o2eci2gc2kxmlrl2102r', 6);
INSERT INTO "playlist_songs" ("song_id", "playlist_id", "order") VALUES ('25pwtqoho0p63qllubczskp1ap1zbgj865fr2raef40ulf01h6', 'y53b77uxbymmwb85dg42sbqovnnjm2o2eci2gc2kxmlrl2102r', 1);
INSERT INTO "playlist_songs" ("song_id", "playlist_id", "order") VALUES ('b0b3gglgnisj629rp4ip6s2qqsdnflybweq2t1u6nvqwju1yrs', 'y53b77uxbymmwb85dg42sbqovnnjm2o2eci2gc2kxmlrl2102r', 3);
INSERT INTO "playlist_songs" ("song_id", "playlist_id", "order") VALUES ('swiim390n98q48kg721i138s43inybu0gmas3rq1ysg37v4s5a', 'y53b77uxbymmwb85dg42sbqovnnjm2o2eci2gc2kxmlrl2102r', 9);
INSERT INTO "playlist" ("id", "name", "created_at", "user_id") VALUES ('147xobpm4mm89oft6oq9j5yq6mysricuq5o4gvfwkb4p1deuwu', 'Playlist 0', '2023-11-17 17:00:08.000','houhask03jin4bc');
INSERT INTO "playlist_songs" ("song_id", "playlist_id", "order") VALUES ('0n92cfermlo4q2gv2ivzz8kxlz21ftmace9zmqc4qfwzwa9n90', '147xobpm4mm89oft6oq9j5yq6mysricuq5o4gvfwkb4p1deuwu', 0);
INSERT INTO "playlist_songs" ("song_id", "playlist_id", "order") VALUES ('9vuh6w7v5bxshur88ifj51xtfyju5hx623ryq9notyth7olz7t', '147xobpm4mm89oft6oq9j5yq6mysricuq5o4gvfwkb4p1deuwu', 3);
INSERT INTO "playlist_songs" ("song_id", "playlist_id", "order") VALUES ('jrmo39srpyjsnlnbynrgmi232goc35s6ybrxbj1jp5vs5ruxcr', '147xobpm4mm89oft6oq9j5yq6mysricuq5o4gvfwkb4p1deuwu', 1);
INSERT INTO "playlist_songs" ("song_id", "playlist_id", "order") VALUES ('4yeq001h17fp5uaveos7qknwpz7xsv031nw4qfnjt49s5z2f7e', '147xobpm4mm89oft6oq9j5yq6mysricuq5o4gvfwkb4p1deuwu', 2);
INSERT INTO "playlist_songs" ("song_id", "playlist_id", "order") VALUES ('ihp28kpju6tr7gz31pdnov14k0ei9io4q8b34u7v8jpsnewbva', '147xobpm4mm89oft6oq9j5yq6mysricuq5o4gvfwkb4p1deuwu', 8);
INSERT INTO "playlist_songs" ("song_id", "playlist_id", "order") VALUES ('rfojulzpa29f2qqddqbgf2u2mgd7yi5504hsflkhvsec89f72r', '147xobpm4mm89oft6oq9j5yq6mysricuq5o4gvfwkb4p1deuwu', 6);
INSERT INTO "playlist_songs" ("song_id", "playlist_id", "order") VALUES ('3i4d6w2gigknr5h4kirctkld167ffp7zr2wnqy9v8udjxrxlcq', '147xobpm4mm89oft6oq9j5yq6mysricuq5o4gvfwkb4p1deuwu', 4);
INSERT INTO "playlist_songs" ("song_id", "playlist_id", "order") VALUES ('64ggjxhjrnxl3jbzvezd9g70x9g74qjwj16xjb1005lcsyd35a', '147xobpm4mm89oft6oq9j5yq6mysricuq5o4gvfwkb4p1deuwu', 9);
INSERT INTO "playlist_songs" ("song_id", "playlist_id", "order") VALUES ('xnrg8lvb6cew8tvxnxhts6iinyv1ceqz3sl86me711r38msvtl', '147xobpm4mm89oft6oq9j5yq6mysricuq5o4gvfwkb4p1deuwu', 5);
INSERT INTO "playlist_songs" ("song_id", "playlist_id", "order") VALUES ('2y0hx0d7ynzcf3psnj72b4w8bp34pr7pcufypk2lv9024txwi6', '147xobpm4mm89oft6oq9j5yq6mysricuq5o4gvfwkb4p1deuwu', 7);
INSERT INTO "playlist" ("id", "name", "created_at", "user_id") VALUES ('4f7kv7konr3gycciwqnugi055wztdn4q94hy8f3b27ne7dn8bt', 'Playlist 1', '2023-11-17 17:00:08.000','houhask03jin4bc');
INSERT INTO "playlist_songs" ("song_id", "playlist_id", "order") VALUES ('xnrg8lvb6cew8tvxnxhts6iinyv1ceqz3sl86me711r38msvtl', '4f7kv7konr3gycciwqnugi055wztdn4q94hy8f3b27ne7dn8bt', 0);
INSERT INTO "playlist_songs" ("song_id", "playlist_id", "order") VALUES ('ifr6s3gz6blcjv45qpvhky6a7df35qwm66vymjx91kyd6kdusg', '4f7kv7konr3gycciwqnugi055wztdn4q94hy8f3b27ne7dn8bt', 1);
INSERT INTO "playlist_songs" ("song_id", "playlist_id", "order") VALUES ('xl9cub5nz2m7waakwir1hy4d4xf6v2t12ribjws4te0u1pcsr8', '4f7kv7konr3gycciwqnugi055wztdn4q94hy8f3b27ne7dn8bt', 7);
INSERT INTO "playlist_songs" ("song_id", "playlist_id", "order") VALUES ('teyprcjqx3mbxl74qocdr15flaf3axc4mgmqmcz73lf4gvaoov', '4f7kv7konr3gycciwqnugi055wztdn4q94hy8f3b27ne7dn8bt', 5);
INSERT INTO "playlist_songs" ("song_id", "playlist_id", "order") VALUES ('e4hv9dwpp7ba2smkn2wi64nekjlixcesjyph393s7l6w89dt6p', '4f7kv7konr3gycciwqnugi055wztdn4q94hy8f3b27ne7dn8bt', 6);
INSERT INTO "playlist_songs" ("song_id", "playlist_id", "order") VALUES ('ikbzd4rpn0z74d9678eeqredsldjbyxnnerx8pfcgxtspeaj2x', '4f7kv7konr3gycciwqnugi055wztdn4q94hy8f3b27ne7dn8bt', 9);
INSERT INTO "playlist_songs" ("song_id", "playlist_id", "order") VALUES ('yu6innx3o06ms87s6brp7bqts7c5l0bfrtmsm216exdhtkxi7u', '4f7kv7konr3gycciwqnugi055wztdn4q94hy8f3b27ne7dn8bt', 3);
INSERT INTO "playlist_songs" ("song_id", "playlist_id", "order") VALUES ('im52v4wyfzc3p5d5izkac3wra5fq5x2p2dw38i7duc54yswdmi', '4f7kv7konr3gycciwqnugi055wztdn4q94hy8f3b27ne7dn8bt', 8);
INSERT INTO "playlist_songs" ("song_id", "playlist_id", "order") VALUES ('4yeq001h17fp5uaveos7qknwpz7xsv031nw4qfnjt49s5z2f7e', '4f7kv7konr3gycciwqnugi055wztdn4q94hy8f3b27ne7dn8bt', 2);
INSERT INTO "playlist_songs" ("song_id", "playlist_id", "order") VALUES ('85zy97ad39lytntr6u7swfboi6rlbculi6gg49n1h2zp010jvy', '4f7kv7konr3gycciwqnugi055wztdn4q94hy8f3b27ne7dn8bt', 4);
INSERT INTO "playlist" ("id", "name", "created_at", "user_id") VALUES ('fj75yxzuzwjihmy0u43incasff0s6ltfnbowxzdl0oudpsg7rt', 'Playlist 0', '2023-11-17 17:00:08.000','icqlt67n2fd7p34');
INSERT INTO "playlist_songs" ("song_id", "playlist_id", "order") VALUES ('eixrg0uvawg6kybywamsipsx2djglvfrz38tftxotrnrzd3xj5', 'fj75yxzuzwjihmy0u43incasff0s6ltfnbowxzdl0oudpsg7rt', 2);
INSERT INTO "playlist_songs" ("song_id", "playlist_id", "order") VALUES ('az9eyw4nmtf6gth96fle0027ttanooo8o1r9qzf8s9phtjbvz8', 'fj75yxzuzwjihmy0u43incasff0s6ltfnbowxzdl0oudpsg7rt', 4);
INSERT INTO "playlist_songs" ("song_id", "playlist_id", "order") VALUES ('vs3vplyoka4h1dtl3em0v0lmoon4h4tvkt5l4jivzrj1nuuy7k', 'fj75yxzuzwjihmy0u43incasff0s6ltfnbowxzdl0oudpsg7rt', 3);
INSERT INTO "playlist_songs" ("song_id", "playlist_id", "order") VALUES ('60gvhvc52fg9x392e3fx0ahhepnjqxv63s7bf21jqhvbyiyx9x', 'fj75yxzuzwjihmy0u43incasff0s6ltfnbowxzdl0oudpsg7rt', 7);
INSERT INTO "playlist_songs" ("song_id", "playlist_id", "order") VALUES ('7clm2vhprzd7y2049r3nf9sa7nv5pgv36dc4y3g15dqzknewd1', 'fj75yxzuzwjihmy0u43incasff0s6ltfnbowxzdl0oudpsg7rt', 8);
INSERT INTO "playlist_songs" ("song_id", "playlist_id", "order") VALUES ('4yeq001h17fp5uaveos7qknwpz7xsv031nw4qfnjt49s5z2f7e', 'fj75yxzuzwjihmy0u43incasff0s6ltfnbowxzdl0oudpsg7rt', 6);
INSERT INTO "playlist_songs" ("song_id", "playlist_id", "order") VALUES ('v3mm2ltnh46vewwp01l8w7et7w8bv6pexo4iyhhledechxa6ax', 'fj75yxzuzwjihmy0u43incasff0s6ltfnbowxzdl0oudpsg7rt', 0);
INSERT INTO "playlist_songs" ("song_id", "playlist_id", "order") VALUES ('7wp81yt7rzfx79uukpqrtr5oxh4cdpoly9u7h0su1z3lnutkvs', 'fj75yxzuzwjihmy0u43incasff0s6ltfnbowxzdl0oudpsg7rt', 5);
INSERT INTO "playlist_songs" ("song_id", "playlist_id", "order") VALUES ('ob6cvhkcd5xx19eaj9k0je08ui6iv0ou8qmuxibry5w9tvpz73', 'fj75yxzuzwjihmy0u43incasff0s6ltfnbowxzdl0oudpsg7rt', 9);
INSERT INTO "playlist_songs" ("song_id", "playlist_id", "order") VALUES ('r5xcdx1veehwt7njcu827ht732ee6kilgeqkr5efxkzifgshd4', 'fj75yxzuzwjihmy0u43incasff0s6ltfnbowxzdl0oudpsg7rt', 1);
INSERT INTO "playlist" ("id", "name", "created_at", "user_id") VALUES ('80q44adz870wvfzhex6oyokkj9eukw0n86wllwp3y0wa0cj8al', 'Playlist 1', '2023-11-17 17:00:08.000','icqlt67n2fd7p34');
INSERT INTO "playlist_songs" ("song_id", "playlist_id", "order") VALUES ('t2571qkfcf4ico2be3fxdlayehyjtsgi4uupw9cghevby3pvgk', '80q44adz870wvfzhex6oyokkj9eukw0n86wllwp3y0wa0cj8al', 0);
INSERT INTO "playlist_songs" ("song_id", "playlist_id", "order") VALUES ('mue86c3m98a43s58ohaofqur1ed98c9979ssp7wd5p24pzwam8', '80q44adz870wvfzhex6oyokkj9eukw0n86wllwp3y0wa0cj8al', 7);
INSERT INTO "playlist_songs" ("song_id", "playlist_id", "order") VALUES ('az9eyw4nmtf6gth96fle0027ttanooo8o1r9qzf8s9phtjbvz8', '80q44adz870wvfzhex6oyokkj9eukw0n86wllwp3y0wa0cj8al', 3);
INSERT INTO "playlist_songs" ("song_id", "playlist_id", "order") VALUES ('xpts46j50g4pi1d93scwnblv7hhst9utkbd743xmw6qevwsb29', '80q44adz870wvfzhex6oyokkj9eukw0n86wllwp3y0wa0cj8al', 2);
INSERT INTO "playlist_songs" ("song_id", "playlist_id", "order") VALUES ('5cr0vuisks2t7dyyi4ogtmle6np945zjoni6iqrg9emt7mva0n', '80q44adz870wvfzhex6oyokkj9eukw0n86wllwp3y0wa0cj8al', 1);
INSERT INTO "playlist_songs" ("song_id", "playlist_id", "order") VALUES ('d9huouenp4s2o836krea8bthal2eoxb5135gd5nnryj934amy2', '80q44adz870wvfzhex6oyokkj9eukw0n86wllwp3y0wa0cj8al', 5);
INSERT INTO "playlist_songs" ("song_id", "playlist_id", "order") VALUES ('11uzatntlojfgtt1r9v5zwepqifvi09fq295w9dgh5nftrcxkn', '80q44adz870wvfzhex6oyokkj9eukw0n86wllwp3y0wa0cj8al', 6);
INSERT INTO "playlist_songs" ("song_id", "playlist_id", "order") VALUES ('5lwihgie7gid5a6yu5a885ruzi8wb37uv8bjwx3ffwjyvcfwph', '80q44adz870wvfzhex6oyokkj9eukw0n86wllwp3y0wa0cj8al', 9);
INSERT INTO "playlist_songs" ("song_id", "playlist_id", "order") VALUES ('ehmxjjjy240qewrckcvzrmemo68k7dd7jclunqspf1yrq1ry82', '80q44adz870wvfzhex6oyokkj9eukw0n86wllwp3y0wa0cj8al', 8);
INSERT INTO "playlist_songs" ("song_id", "playlist_id", "order") VALUES ('mtzhnnoyyi3ngc3yyfexzppplc1y98lokx5g1wolgumyh69anr', '80q44adz870wvfzhex6oyokkj9eukw0n86wllwp3y0wa0cj8al', 4);
-- User Likes
INSERT INTO "user_likes" ("user_id", "song_id") VALUES ('n4ui9y09tewznoe', '5cr0vuisks2t7dyyi4ogtmle6np945zjoni6iqrg9emt7mva0n');
INSERT INTO "user_likes" ("user_id", "song_id") VALUES ('n4ui9y09tewznoe', 'aon9eyg3twl0xnhjyzhckg6okc6arqtgmqzdwbrrdszbjb2uka');
INSERT INTO "user_likes" ("user_id", "song_id") VALUES ('n4ui9y09tewznoe', 'mn0y0qwlc9ml26smlnddx0n4q4mik3by57gybtv3ev87ub73ue');
INSERT INTO "user_likes" ("user_id", "song_id") VALUES ('n4ui9y09tewznoe', '9ptmwrwl8rqf2uqi6mctoh94w55erdoq95t463dqcvp7nhhl8x');
INSERT INTO "user_likes" ("user_id", "song_id") VALUES ('n4ui9y09tewznoe', 'uu23gxueqmgpza0t96xokl7hjemog9v3j533pda3p092e7urfv');
INSERT INTO "user_likes" ("user_id", "song_id") VALUES ('n4ui9y09tewznoe', 'zjuka8uhx0q2a5cu6s0olayjoz29lfhsrx63advyjxvgp8kv4l');
INSERT INTO "user_likes" ("user_id", "song_id") VALUES ('n4ui9y09tewznoe', 'o44do1mlvz6vlzrls8qs9ucx62sft094xmpha8n8siau22iai9');
INSERT INTO "user_likes" ("user_id", "song_id") VALUES ('n4ui9y09tewznoe', 're5y4b2n9ju2e2twudjb28n6uurt1f5pi9jczu9ohmljj2kjb0');
INSERT INTO "user_likes" ("user_id", "song_id") VALUES ('n4ui9y09tewznoe', 'f4pesdom7kjhbe92hxozmwcaylhae2uvxsec6vrljnrhbxuulp');
INSERT INTO "user_likes" ("user_id", "song_id") VALUES ('n4ui9y09tewznoe', 'm0wdm6uacgj3p5r4an8nm3wmrslsr0glck72auwk099eh54h4i');
INSERT INTO "user_likes" ("user_id", "song_id") VALUES ('n4ui9y09tewznoe', '37rfw6th3gdavh1mve4sre7inkaw2ly78cmkdg222a1rwikda1');
INSERT INTO "user_likes" ("user_id", "song_id") VALUES ('n4ui9y09tewznoe', 'ffvmk74m1yijmzw6cuonwth30do5k745eribquqd054w2nz9eh');
INSERT INTO "user_likes" ("user_id", "song_id") VALUES ('n4ui9y09tewznoe', 'x7q9lqxnx58653gbi1mc8vprzkw4ktq0ix970k274dyxovg2d7');
INSERT INTO "user_likes" ("user_id", "song_id") VALUES ('n4ui9y09tewznoe', '7qg23ucevqx4ym17f0eaol2iydvghshk0nrmrtagzxirrdg0rf');
INSERT INTO "user_likes" ("user_id", "song_id") VALUES ('n4ui9y09tewznoe', '2bfzz5macothqljj3n53vfw5aoman1s1n148j18gwo0geg3x6k');
INSERT INTO "user_likes" ("user_id", "song_id") VALUES ('fg4y77qklwmyyo0', 'n2xfp55gawucbodcmyemjcxz49dlssm8hae59du89xe9unkkx2');
INSERT INTO "user_likes" ("user_id", "song_id") VALUES ('fg4y77qklwmyyo0', '8or5shs5dexymh9yvrtd5kp63csuhipfubk3m8sxqbi9vxou2x');
INSERT INTO "user_likes" ("user_id", "song_id") VALUES ('fg4y77qklwmyyo0', '0jagwlnf81dvugvcfgykmm9arswljwa1n3zs3f4s7ojst12ejn');
INSERT INTO "user_likes" ("user_id", "song_id") VALUES ('fg4y77qklwmyyo0', '6gtjo4fvn6xku31spp0htxrujkmthssft4er7zdm2chkh6nnyz');
INSERT INTO "user_likes" ("user_id", "song_id") VALUES ('fg4y77qklwmyyo0', '0947vd9etovbu63m0oc10p5mbh04xpatwzuwvcwiqse8chpdlv');
INSERT INTO "user_likes" ("user_id", "song_id") VALUES ('fg4y77qklwmyyo0', '2bfzz5macothqljj3n53vfw5aoman1s1n148j18gwo0geg3x6k');
INSERT INTO "user_likes" ("user_id", "song_id") VALUES ('fg4y77qklwmyyo0', 'z02qkseaxczmeuh20jxqqdmkzgp092a7cc9cciso0vj1tqx4p3');
INSERT INTO "user_likes" ("user_id", "song_id") VALUES ('fg4y77qklwmyyo0', '0q6onmqf4emugi5ivj81375xiow612acohfv1ir3ws82u49obi');
INSERT INTO "user_likes" ("user_id", "song_id") VALUES ('fg4y77qklwmyyo0', 'jg276ucqn51cvszzsdzmlyslna0tz0m0d91t8o2booko5bl9fr');
INSERT INTO "user_likes" ("user_id", "song_id") VALUES ('fg4y77qklwmyyo0', 'zjuka8uhx0q2a5cu6s0olayjoz29lfhsrx63advyjxvgp8kv4l');
INSERT INTO "user_likes" ("user_id", "song_id") VALUES ('fg4y77qklwmyyo0', 'tu5f9j9o8f86qqno6nhls9xpeqoogr0yc4hz5e6yjfs0iq5na5');
INSERT INTO "user_likes" ("user_id", "song_id") VALUES ('fg4y77qklwmyyo0', '6y2asiirvgorlfm8xeyodmvsgjgsp34vn8isfkrs0qo0fy5lvw');
INSERT INTO "user_likes" ("user_id", "song_id") VALUES ('fg4y77qklwmyyo0', 'jaifpy08ayp98s1cz5h7gimb1m8f1vbo17exc9djdlkxqfprd6');
INSERT INTO "user_likes" ("user_id", "song_id") VALUES ('fg4y77qklwmyyo0', '5o8deqwihzoc0eiqo34tjosgr7oftg1xp84mv0p9fdmttz1k9y');
INSERT INTO "user_likes" ("user_id", "song_id") VALUES ('fg4y77qklwmyyo0', '4ckp4gx3af3jocbxux8vyn1bl5cjs2780lmsf62knvmfvtb4vz');
INSERT INTO "user_likes" ("user_id", "song_id") VALUES ('mtpfpk9v3ev87ai', 'bbpzi0we7y9xacfahi3z5c35slfhe2s9tpgq6m4s8nh8ipshdk');
INSERT INTO "user_likes" ("user_id", "song_id") VALUES ('mtpfpk9v3ev87ai', 'ucmzhvkyxeu51b9qdso3sxwugcv6csyys1f76otb7dl7dbsgqw');
INSERT INTO "user_likes" ("user_id", "song_id") VALUES ('mtpfpk9v3ev87ai', 'c09vipslk01el537runr94km8qc23l6fkzewiqk3r2651s2e9j');
INSERT INTO "user_likes" ("user_id", "song_id") VALUES ('mtpfpk9v3ev87ai', 'rky3j36ffgo5fwtw5tyxpjqa69d4nha0px232roh294azpe45n');
INSERT INTO "user_likes" ("user_id", "song_id") VALUES ('mtpfpk9v3ev87ai', 'wol9xb7bkveftqtw9gpdmk51h1qrbhgi6tv56wg7h38f7qz5di');
INSERT INTO "user_likes" ("user_id", "song_id") VALUES ('mtpfpk9v3ev87ai', 'im52v4wyfzc3p5d5izkac3wra5fq5x2p2dw38i7duc54yswdmi');
INSERT INTO "user_likes" ("user_id", "song_id") VALUES ('mtpfpk9v3ev87ai', 'oyu07zi03vy5ecqw99atyfd9n8d2tqk6glql6k5155g248gf9b');
INSERT INTO "user_likes" ("user_id", "song_id") VALUES ('mtpfpk9v3ev87ai', '27lb7e4fcs572r3nte0ue6zj2tyli4irt2xu6xc2csb5nbsulr');
INSERT INTO "user_likes" ("user_id", "song_id") VALUES ('mtpfpk9v3ev87ai', 'rs63z6t5mbcavvueykkvdp2ukup7hh8y9bdl3z3v7h2xv1ydzt');
INSERT INTO "user_likes" ("user_id", "song_id") VALUES ('mtpfpk9v3ev87ai', '5qa7s16wr48m07brflaog5nlo1z4f1uk3dir08ok13fuf8sni0');
INSERT INTO "user_likes" ("user_id", "song_id") VALUES ('mtpfpk9v3ev87ai', '6gtjo4fvn6xku31spp0htxrujkmthssft4er7zdm2chkh6nnyz');
INSERT INTO "user_likes" ("user_id", "song_id") VALUES ('mtpfpk9v3ev87ai', 'x7q9lqxnx58653gbi1mc8vprzkw4ktq0ix970k274dyxovg2d7');
INSERT INTO "user_likes" ("user_id", "song_id") VALUES ('mtpfpk9v3ev87ai', 'rrb4vq2qircu8te65bg2gp201er4h7cguqlfh4lacuziv4xhyj');
INSERT INTO "user_likes" ("user_id", "song_id") VALUES ('mtpfpk9v3ev87ai', '573pm4uq0yu2cp56lrc6ntszv1ad5t1qetpsvcdg46jltznfah');
INSERT INTO "user_likes" ("user_id", "song_id") VALUES ('mtpfpk9v3ev87ai', 'xnrg8lvb6cew8tvxnxhts6iinyv1ceqz3sl86me711r38msvtl');
INSERT INTO "user_likes" ("user_id", "song_id") VALUES ('wf8quespmaf9ye7', 'e04mfvgsvtf8vzf9gg85z8u6jldxtvh0xbpy123xs3mg21b6s1');
INSERT INTO "user_likes" ("user_id", "song_id") VALUES ('wf8quespmaf9ye7', 'x87hinyr500z7wc1b0auw74wmzr5047tptxu1jn70xd7eile25');
INSERT INTO "user_likes" ("user_id", "song_id") VALUES ('wf8quespmaf9ye7', 'rxczjtgr5h7gam49f7k49f5kqirucuxn0lzsnauxgev33kt9f2');
INSERT INTO "user_likes" ("user_id", "song_id") VALUES ('wf8quespmaf9ye7', 'z0hxuemaqz6k9m2j3db7fu0d967zjcnocrl2mkztd1mrsa6loh');
INSERT INTO "user_likes" ("user_id", "song_id") VALUES ('wf8quespmaf9ye7', 'nitz8cpwvil579ckstmyqikz3kzmee7zsm5cin38v09m815t3p');
INSERT INTO "user_likes" ("user_id", "song_id") VALUES ('wf8quespmaf9ye7', 'vihiq28e2gnnjwdnkrmwck1atc27vmetgbfqfxd53cnkcse9mr');
INSERT INTO "user_likes" ("user_id", "song_id") VALUES ('wf8quespmaf9ye7', 'e4hv9dwpp7ba2smkn2wi64nekjlixcesjyph393s7l6w89dt6p');
INSERT INTO "user_likes" ("user_id", "song_id") VALUES ('wf8quespmaf9ye7', 'ixq4fox8myilqbdep9t5zmcopd3myo34azwm2v7j7265exex4r');
INSERT INTO "user_likes" ("user_id", "song_id") VALUES ('wf8quespmaf9ye7', 'a8rqbhlplom4871qoezhzeujazr7c1in374h4ppmfkjhiithif');
INSERT INTO "user_likes" ("user_id", "song_id") VALUES ('wf8quespmaf9ye7', 'nv03m3288aq59fyyymt9ptmuhxehezemg4f9ppvw36gvdslfsq');
INSERT INTO "user_likes" ("user_id", "song_id") VALUES ('wf8quespmaf9ye7', 'q0q1zaet4rnc8e94xvv9k3v33zgjfint2iyhrt7owhiry86j63');
INSERT INTO "user_likes" ("user_id", "song_id") VALUES ('wf8quespmaf9ye7', '2j9ywa7sl7oo1b558acnnogabso4d2b629sg276jk37bbdxlif');
INSERT INTO "user_likes" ("user_id", "song_id") VALUES ('wf8quespmaf9ye7', 'u03d87sg8fhaxxr27be284fb0vjoaj6hnfhvda44g76onraadx');
INSERT INTO "user_likes" ("user_id", "song_id") VALUES ('wf8quespmaf9ye7', 'usrfhqt4ltjybc1r4tw486qdywo2u9lcp80kruo8nr0pz5hpr9');
INSERT INTO "user_likes" ("user_id", "song_id") VALUES ('wf8quespmaf9ye7', 'r6pd5fxzwav14t3euh6c7yn6b6cmys6f7ugnzl5y6kecwn4tg5');
INSERT INTO "user_likes" ("user_id", "song_id") VALUES ('otoox1klhz0a3lm', '184zh8gjkxju4kbyn5kouqn633ihr8evlge3px3ivy99ndd2ze');
INSERT INTO "user_likes" ("user_id", "song_id") VALUES ('otoox1klhz0a3lm', 'bbpzi0we7y9xacfahi3z5c35slfhe2s9tpgq6m4s8nh8ipshdk');
INSERT INTO "user_likes" ("user_id", "song_id") VALUES ('otoox1klhz0a3lm', 'bo6b7g8kt56pzn3154onxg33fm4t3iihbsq80irg7skkw8aj18');
INSERT INTO "user_likes" ("user_id", "song_id") VALUES ('otoox1klhz0a3lm', 'jzdeve7kuxnk2w56x7uth0hyx6za0dir5unqseqp6o0xllzszj');
INSERT INTO "user_likes" ("user_id", "song_id") VALUES ('otoox1klhz0a3lm', 'eiybte5uzduma3yk3hzgwvwm72zvrl9itf28yx1e8ajqads3sa');
INSERT INTO "user_likes" ("user_id", "song_id") VALUES ('otoox1klhz0a3lm', 'n1pc1j4m54nush0j0u29weonc1l9vlv88xfy6c1kf9xd7bxswv');
INSERT INTO "user_likes" ("user_id", "song_id") VALUES ('otoox1klhz0a3lm', '37rfw6th3gdavh1mve4sre7inkaw2ly78cmkdg222a1rwikda1');
INSERT INTO "user_likes" ("user_id", "song_id") VALUES ('otoox1klhz0a3lm', '6pj49t71j08xd0fg9vr9coloxd4fzvb406vksabro4kc76ktqx');
INSERT INTO "user_likes" ("user_id", "song_id") VALUES ('otoox1klhz0a3lm', 'wp7op9n7eqfu6lwlh3i7x2dcz9uuzjimk68in4fc13wh14to8p');
INSERT INTO "user_likes" ("user_id", "song_id") VALUES ('otoox1klhz0a3lm', 'g8ig3jn18765bgjndvyv74h8wim2s4rpaubwi1lprf3knb2h8v');
INSERT INTO "user_likes" ("user_id", "song_id") VALUES ('otoox1klhz0a3lm', 'xl9cub5nz2m7waakwir1hy4d4xf6v2t12ribjws4te0u1pcsr8');
INSERT INTO "user_likes" ("user_id", "song_id") VALUES ('otoox1klhz0a3lm', 'l4344lm8ayrgzps56lsa63268ywt2jtuj6cnrau3mwhm8cac2y');
INSERT INTO "user_likes" ("user_id", "song_id") VALUES ('otoox1klhz0a3lm', 'ivoek61cknbd3v2bhpoztps1e46aa694ida27tw5yeqr1e4wgu');
INSERT INTO "user_likes" ("user_id", "song_id") VALUES ('otoox1klhz0a3lm', 'r6pd5fxzwav14t3euh6c7yn6b6cmys6f7ugnzl5y6kecwn4tg5');
INSERT INTO "user_likes" ("user_id", "song_id") VALUES ('otoox1klhz0a3lm', 'iid09i6488gevksjl114p717bpnd6siytgj8qia6mfc3pb43ax');
INSERT INTO "user_likes" ("user_id", "song_id") VALUES ('j4fzpxduhkq981v', 'm0wdm6uacgj3p5r4an8nm3wmrslsr0glck72auwk099eh54h4i');
INSERT INTO "user_likes" ("user_id", "song_id") VALUES ('j4fzpxduhkq981v', 'yjk2ixdni9kuqkk28b8lbznys2x3iku4zmtnmbgp8g0jsg9q71');
INSERT INTO "user_likes" ("user_id", "song_id") VALUES ('j4fzpxduhkq981v', '7o08armbjf1cbtyu5wvj568tvtxmx00ffdyitgyhbtf4hhy6ac');
INSERT INTO "user_likes" ("user_id", "song_id") VALUES ('j4fzpxduhkq981v', 'd316n05w99qzkb6vozdp2thi10kpbooyuwfhxt3np45580n3ib');
INSERT INTO "user_likes" ("user_id", "song_id") VALUES ('j4fzpxduhkq981v', '573pm4uq0yu2cp56lrc6ntszv1ad5t1qetpsvcdg46jltznfah');
INSERT INTO "user_likes" ("user_id", "song_id") VALUES ('j4fzpxduhkq981v', 'n8zfdd61gtdf91y50z6teep0ro3l46fmcgycg0hi9rdi40p67r');
INSERT INTO "user_likes" ("user_id", "song_id") VALUES ('j4fzpxduhkq981v', 'ehmxjjjy240qewrckcvzrmemo68k7dd7jclunqspf1yrq1ry82');
INSERT INTO "user_likes" ("user_id", "song_id") VALUES ('j4fzpxduhkq981v', 'bjnqrkpj4wr3amcig8nvcqiehcge4lfw6fufvttrqazqcfpuio');
INSERT INTO "user_likes" ("user_id", "song_id") VALUES ('j4fzpxduhkq981v', 'w5mv28mlnqs7iqqzevasmyq65e00cldmym34hun5ri1ij75yuf');
INSERT INTO "user_likes" ("user_id", "song_id") VALUES ('j4fzpxduhkq981v', 'u03d87sg8fhaxxr27be284fb0vjoaj6hnfhvda44g76onraadx');
INSERT INTO "user_likes" ("user_id", "song_id") VALUES ('j4fzpxduhkq981v', 'nitz8cpwvil579ckstmyqikz3kzmee7zsm5cin38v09m815t3p');
INSERT INTO "user_likes" ("user_id", "song_id") VALUES ('j4fzpxduhkq981v', 'v3mm2ltnh46vewwp01l8w7et7w8bv6pexo4iyhhledechxa6ax');
INSERT INTO "user_likes" ("user_id", "song_id") VALUES ('j4fzpxduhkq981v', 'xd5o8d7yts2edx832cthuwjqbg88c6zr3wgk8yf6aurof8m06q');
INSERT INTO "user_likes" ("user_id", "song_id") VALUES ('j4fzpxduhkq981v', '3b7ls661xqtcyrylvoe91jj1sxvabjj56m1s1k1wcxscyhkkt8');
INSERT INTO "user_likes" ("user_id", "song_id") VALUES ('j4fzpxduhkq981v', '3f50yrcp7qixb91pz6iz8s0toadqmo1tvm5vti2wfq1tx8aw3q');
INSERT INTO "user_likes" ("user_id", "song_id") VALUES ('ms5gxmmwjk1a93p', 'yupicu922dmxf0d78b4silunewm7f9m1c34o4ka9510x93c69t');
INSERT INTO "user_likes" ("user_id", "song_id") VALUES ('ms5gxmmwjk1a93p', '1zwuzn2al6exkto0vut8lsa93tt700ul6raioc8o2nv1007nkf');
INSERT INTO "user_likes" ("user_id", "song_id") VALUES ('ms5gxmmwjk1a93p', 'e1yr4eb77jpfe5l93ezdekmqelv4p7fo306883f7op1dwzpk4r');
INSERT INTO "user_likes" ("user_id", "song_id") VALUES ('ms5gxmmwjk1a93p', 'xl9cub5nz2m7waakwir1hy4d4xf6v2t12ribjws4te0u1pcsr8');
INSERT INTO "user_likes" ("user_id", "song_id") VALUES ('ms5gxmmwjk1a93p', 'f4g4i5p02cfqupx1zmz6yznbt58i6mjpkjb8dqqh4x4212tb46');
INSERT INTO "user_likes" ("user_id", "song_id") VALUES ('ms5gxmmwjk1a93p', 'm0wdm6uacgj3p5r4an8nm3wmrslsr0glck72auwk099eh54h4i');
INSERT INTO "user_likes" ("user_id", "song_id") VALUES ('ms5gxmmwjk1a93p', '9z2tb1s7evtogunyhwn56hpq96hvbs7g5o38t3v555gl04cg0p');
INSERT INTO "user_likes" ("user_id", "song_id") VALUES ('ms5gxmmwjk1a93p', 'l7xp1nloc1gwdjknbon3n7ryxdt847i3lirjbior69lhson3h3');
INSERT INTO "user_likes" ("user_id", "song_id") VALUES ('ms5gxmmwjk1a93p', 'yffg6bvgrqdrpf3ka9ixyr69zxtfsbjohghvqdnx4xpq0l7g70');
INSERT INTO "user_likes" ("user_id", "song_id") VALUES ('ms5gxmmwjk1a93p', 'z60lpo1cilyo5j2cv3p6dlli371dxica8tx4cc53rfdpvdhus7');
INSERT INTO "user_likes" ("user_id", "song_id") VALUES ('ms5gxmmwjk1a93p', 'az7g02twfaqk4q0zft0n9pm7w0i3mhxa2ywkn8b3x5o2dytouz');
INSERT INTO "user_likes" ("user_id", "song_id") VALUES ('ms5gxmmwjk1a93p', 'dih634k1vse3r4igi1wp3rnljnzyudhgxoi640aycmc8lu8y2v');
INSERT INTO "user_likes" ("user_id", "song_id") VALUES ('ms5gxmmwjk1a93p', '85zy97ad39lytntr6u7swfboi6rlbculi6gg49n1h2zp010jvy');
INSERT INTO "user_likes" ("user_id", "song_id") VALUES ('ms5gxmmwjk1a93p', '3f50yrcp7qixb91pz6iz8s0toadqmo1tvm5vti2wfq1tx8aw3q');
INSERT INTO "user_likes" ("user_id", "song_id") VALUES ('ms5gxmmwjk1a93p', 'fns7vvgnuo6vstoo69gdsi7u8fxel6cm5af5ixxkw453r4thcd');
INSERT INTO "user_likes" ("user_id", "song_id") VALUES ('r6em9gfc7ihcq2s', '5o8deqwihzoc0eiqo34tjosgr7oftg1xp84mv0p9fdmttz1k9y');
INSERT INTO "user_likes" ("user_id", "song_id") VALUES ('r6em9gfc7ihcq2s', '9ffr693q9dnc39jlo4ugwg5au6m7sfy4qzlzudbcohb8j8ckzd');
INSERT INTO "user_likes" ("user_id", "song_id") VALUES ('r6em9gfc7ihcq2s', 'yge2cptgd0bniuexjh95w655h1fb5ygntgjhwlybfci5fhjduv');
INSERT INTO "user_likes" ("user_id", "song_id") VALUES ('r6em9gfc7ihcq2s', 'pu7srdo8v6aoo7rg0u1xc7h7xetn5894hyd50u97k6a8womk0n');
INSERT INTO "user_likes" ("user_id", "song_id") VALUES ('r6em9gfc7ihcq2s', 'ihwhevl5rshuza219tilezb32ra1t3j0f98ycriz0mprzjhj9j');
INSERT INTO "user_likes" ("user_id", "song_id") VALUES ('r6em9gfc7ihcq2s', 'o44do1mlvz6vlzrls8qs9ucx62sft094xmpha8n8siau22iai9');
INSERT INTO "user_likes" ("user_id", "song_id") VALUES ('r6em9gfc7ihcq2s', 'nhrhegnrrq3jmw63ultlz5cyjlbuuspqza5crs0c6k3y1n72kw');
INSERT INTO "user_likes" ("user_id", "song_id") VALUES ('r6em9gfc7ihcq2s', 'l5t65gpmydh2phjh6i738r3uklz5rplr2iilmtsj7s2nsvvpe7');
INSERT INTO "user_likes" ("user_id", "song_id") VALUES ('r6em9gfc7ihcq2s', '3prmlvh71oh9pi14m004a25clgrvdonrmtl3fti42cr216xo4n');
INSERT INTO "user_likes" ("user_id", "song_id") VALUES ('r6em9gfc7ihcq2s', 'qh9z8myrgbbz24lhrmcxefqsiby9bositojufsrmcwaer5y8b4');
INSERT INTO "user_likes" ("user_id", "song_id") VALUES ('r6em9gfc7ihcq2s', '9hav66ls1twtfhlzmomntmb6vhnxh1gi9ka0nyg5axceo2q1uz');
INSERT INTO "user_likes" ("user_id", "song_id") VALUES ('r6em9gfc7ihcq2s', 'm092nlrue1o15fjivqro7g17pajfmyvolo8xn4nkotb6udlt9v');
INSERT INTO "user_likes" ("user_id", "song_id") VALUES ('r6em9gfc7ihcq2s', 'wlp4ikdae0r2g97bntbf9747ws6p39rh38rwu3uid0qcaagp23');
INSERT INTO "user_likes" ("user_id", "song_id") VALUES ('r6em9gfc7ihcq2s', '5qa7s16wr48m07brflaog5nlo1z4f1uk3dir08ok13fuf8sni0');
INSERT INTO "user_likes" ("user_id", "song_id") VALUES ('r6em9gfc7ihcq2s', 'hq8pwj9b50a7y60s149scr4ar4mytxmafpxdlzdb7jhvxl0nbg');
INSERT INTO "user_likes" ("user_id", "song_id") VALUES ('t0mupf97ak4jsnf', 'b0b3gglgnisj629rp4ip6s2qqsdnflybweq2t1u6nvqwju1yrs');
INSERT INTO "user_likes" ("user_id", "song_id") VALUES ('t0mupf97ak4jsnf', 'iaf50onh5pa8qz0unvqlagnmx0rxec1m0gtb310bza3lxgv2nb');
INSERT INTO "user_likes" ("user_id", "song_id") VALUES ('t0mupf97ak4jsnf', 'jaifpy08ayp98s1cz5h7gimb1m8f1vbo17exc9djdlkxqfprd6');
INSERT INTO "user_likes" ("user_id", "song_id") VALUES ('t0mupf97ak4jsnf', '6m3ii1mc29c9mdjyrts7m39u4m6rrk1twbq6283nub2p20hgtb');
INSERT INTO "user_likes" ("user_id", "song_id") VALUES ('t0mupf97ak4jsnf', 'xl9cub5nz2m7waakwir1hy4d4xf6v2t12ribjws4te0u1pcsr8');
INSERT INTO "user_likes" ("user_id", "song_id") VALUES ('t0mupf97ak4jsnf', 'x571y56p1zd1z7z7kh3s0t5j5amh1q4vzxsjy6if8oo5f79zir');
INSERT INTO "user_likes" ("user_id", "song_id") VALUES ('t0mupf97ak4jsnf', 'mnv920pjaylo5rub8o23v7pks3vpqamv9k50fwk6t3wtowzq6i');
INSERT INTO "user_likes" ("user_id", "song_id") VALUES ('t0mupf97ak4jsnf', 'yfwkk01vfxy7mew9cccnvjfs4zndpuyrzexy9tdhcf4dku7sp4');
INSERT INTO "user_likes" ("user_id", "song_id") VALUES ('t0mupf97ak4jsnf', 'lwa4f2r4uufrz6nsw82uh28g6i8l3yiskoerps2ksdf2ojgqth');
INSERT INTO "user_likes" ("user_id", "song_id") VALUES ('t0mupf97ak4jsnf', 'ffvmk74m1yijmzw6cuonwth30do5k745eribquqd054w2nz9eh');
INSERT INTO "user_likes" ("user_id", "song_id") VALUES ('t0mupf97ak4jsnf', 'iid09i6488gevksjl114p717bpnd6siytgj8qia6mfc3pb43ax');
INSERT INTO "user_likes" ("user_id", "song_id") VALUES ('t0mupf97ak4jsnf', 'dt3uu1q4aqilkkwvdg2zyltjbxxgafcndnjvvwyfn8dphuckhl');
INSERT INTO "user_likes" ("user_id", "song_id") VALUES ('t0mupf97ak4jsnf', 'sjz1vj1qumudln3akmmuqzz88xr1hnaygmt08alosokvh1gxe5');
INSERT INTO "user_likes" ("user_id", "song_id") VALUES ('t0mupf97ak4jsnf', '50w1ncf5p36v4ez1ev79h7ro8i1siw19snbf5u75p20w86ygcu');
INSERT INTO "user_likes" ("user_id", "song_id") VALUES ('t0mupf97ak4jsnf', '9hav66ls1twtfhlzmomntmb6vhnxh1gi9ka0nyg5axceo2q1uz');
INSERT INTO "user_likes" ("user_id", "song_id") VALUES ('houhask03jin4bc', 'k78c41oyshghpjlzr12osamm7tsudjpch321zuvopezehenxur');
INSERT INTO "user_likes" ("user_id", "song_id") VALUES ('houhask03jin4bc', '85ccmr2ymgrr270kknqyil6wmz8d17tc9oyeowzvn8pg6ju7i3');
INSERT INTO "user_likes" ("user_id", "song_id") VALUES ('houhask03jin4bc', '50w1ncf5p36v4ez1ev79h7ro8i1siw19snbf5u75p20w86ygcu');
INSERT INTO "user_likes" ("user_id", "song_id") VALUES ('houhask03jin4bc', 'xpts46j50g4pi1d93scwnblv7hhst9utkbd743xmw6qevwsb29');
INSERT INTO "user_likes" ("user_id", "song_id") VALUES ('houhask03jin4bc', 'ijt4z4euw3t4mrlbatqwk60r3itvdtlwjt3b12wp78h40h0tia');
INSERT INTO "user_likes" ("user_id", "song_id") VALUES ('houhask03jin4bc', 'egw2gloqycid3dtvm1vv8tvbunw45gfuv7irztf03j00hawoaa');
INSERT INTO "user_likes" ("user_id", "song_id") VALUES ('houhask03jin4bc', 'i1vh9p2p3ixsf36ugqn6e04g8pyep6lrmsufzojhu5peo0kpyt');
INSERT INTO "user_likes" ("user_id", "song_id") VALUES ('houhask03jin4bc', 'x571y56p1zd1z7z7kh3s0t5j5amh1q4vzxsjy6if8oo5f79zir');
INSERT INTO "user_likes" ("user_id", "song_id") VALUES ('houhask03jin4bc', 'szjx3xcc2723guta1kc861oqzougg0o44e08cearn9cc9gdzd2');
INSERT INTO "user_likes" ("user_id", "song_id") VALUES ('houhask03jin4bc', '1fuk8vyvxbqty5lkfwmxt0fx1tyksegcn0jwpln18sgdkse4v9');
INSERT INTO "user_likes" ("user_id", "song_id") VALUES ('houhask03jin4bc', '5qa7s16wr48m07brflaog5nlo1z4f1uk3dir08ok13fuf8sni0');
INSERT INTO "user_likes" ("user_id", "song_id") VALUES ('houhask03jin4bc', 'd9huouenp4s2o836krea8bthal2eoxb5135gd5nnryj934amy2');
INSERT INTO "user_likes" ("user_id", "song_id") VALUES ('houhask03jin4bc', '89hcqnkqya2dbm40wp571o3tmkl82jdashhbl9q3pzho9omolu');
INSERT INTO "user_likes" ("user_id", "song_id") VALUES ('houhask03jin4bc', '9hav66ls1twtfhlzmomntmb6vhnxh1gi9ka0nyg5axceo2q1uz');
INSERT INTO "user_likes" ("user_id", "song_id") VALUES ('houhask03jin4bc', '31uziyypet8i6je8n8cboa5m4xf8cqomtna12rtu720xjl916h');
INSERT INTO "user_likes" ("user_id", "song_id") VALUES ('icqlt67n2fd7p34', '7oyrvv8bbh6e9ce09aifwa7sdpdlk27s2dc2z09klxzjqjd9z2');
INSERT INTO "user_likes" ("user_id", "song_id") VALUES ('icqlt67n2fd7p34', 'n8zfdd61gtdf91y50z6teep0ro3l46fmcgycg0hi9rdi40p67r');
INSERT INTO "user_likes" ("user_id", "song_id") VALUES ('icqlt67n2fd7p34', 'pu7srdo8v6aoo7rg0u1xc7h7xetn5894hyd50u97k6a8womk0n');
INSERT INTO "user_likes" ("user_id", "song_id") VALUES ('icqlt67n2fd7p34', 'dy9xhnpbm85on6rduhk0yc2af164o5mlh1kv8gbi9n5hqwbl2r');
INSERT INTO "user_likes" ("user_id", "song_id") VALUES ('icqlt67n2fd7p34', 'p6jx361bk0uv7d9lftbri9dhq0ay5zoe34jmvkfmqnqmmz8t9b');
INSERT INTO "user_likes" ("user_id", "song_id") VALUES ('icqlt67n2fd7p34', 'xq5wwa3aktll156lnrh6q8h9fvokluw5n9g4f4up731x4r4ryt');
INSERT INTO "user_likes" ("user_id", "song_id") VALUES ('icqlt67n2fd7p34', 'x8lzo8npgcfvzdhqt28zqw07ifqjwu5lm9c5fa1jfzklpgc95k');
INSERT INTO "user_likes" ("user_id", "song_id") VALUES ('icqlt67n2fd7p34', 'ihp28kpju6tr7gz31pdnov14k0ei9io4q8b34u7v8jpsnewbva');
INSERT INTO "user_likes" ("user_id", "song_id") VALUES ('icqlt67n2fd7p34', '5o8deqwihzoc0eiqo34tjosgr7oftg1xp84mv0p9fdmttz1k9y');
INSERT INTO "user_likes" ("user_id", "song_id") VALUES ('icqlt67n2fd7p34', 'i1vh9p2p3ixsf36ugqn6e04g8pyep6lrmsufzojhu5peo0kpyt');
INSERT INTO "user_likes" ("user_id", "song_id") VALUES ('icqlt67n2fd7p34', '807n1uex9rhkcdvg3yfmxbsx32ugniwy0i7qfrfari8bgd1v3l');
INSERT INTO "user_likes" ("user_id", "song_id") VALUES ('icqlt67n2fd7p34', 'ff79bg3k4zlphs6ube4xyuspjhqce89x3wk2ih1c8wwny6swqq');
INSERT INTO "user_likes" ("user_id", "song_id") VALUES ('icqlt67n2fd7p34', 'lk9a6i2bczfr05nx1688x4lj54xixlafk6mu5kjgi4znwsi8k1');
INSERT INTO "user_likes" ("user_id", "song_id") VALUES ('icqlt67n2fd7p34', '282qxrqsgitimh8rt99nbn8j85utpyvo88hv1kms6165cn8v4g');
INSERT INTO "user_likes" ("user_id", "song_id") VALUES ('icqlt67n2fd7p34', 'hzmkylohwqbkdmqakkkrzb69o21nukz7eqsboi25955rm8iol1');
-- User Song Recommendations
INSERT INTO "user_song_recommendations" ("id", "user_id", "song_id", "created_at") VALUES ('dz0lk945nrnyv925iltqv9etqg9ne8g3r7jmvdvdx2jzg9cyy9', 'n4ui9y09tewznoe', 'gle9ito4ixoqxlty8dv4tmjrd976khwoyx6e2291du2mg2x2sf', '2023-11-17 17:00:08.000');
INSERT INTO "user_song_recommendations" ("id", "user_id", "song_id", "created_at") VALUES ('h437iaf94cw91757eeq5ibwqn0ha7ivge392w3pv1ims30vx9x', 'n4ui9y09tewznoe', '747z3xkv2n5smercmp87xrvxywy8dtc30e42o40zus07t4l7yf', '2023-11-17 17:00:08.000');
INSERT INTO "user_song_recommendations" ("id", "user_id", "song_id", "created_at") VALUES ('bun5bma3didyeppue1s04xbeew0gzrqrxuhmw3x2romn6vzpgp', 'n4ui9y09tewznoe', 'ejddz9j19w1914h2b0nqnt2e6l47grl5ky37xfhztq21jr9b9h', '2023-11-17 17:00:08.000');
INSERT INTO "user_song_recommendations" ("id", "user_id", "song_id", "created_at") VALUES ('6wc4iyp507qpnbzty4zsmqzi9bcmfxka95xe5hqmovq8cnki6o', 'n4ui9y09tewznoe', '0wv5f2kko4olc29xmvy9fug0bx8bbleki1vuhs24zebq78a3du', '2023-11-17 17:00:08.000');
INSERT INTO "user_song_recommendations" ("id", "user_id", "song_id", "created_at") VALUES ('m5b6yy5oq6vciypj1v3xdhurmy7ndxpr876ppf7cxibqlthzt6', 'n4ui9y09tewznoe', '4ckp4gx3af3jocbxux8vyn1bl5cjs2780lmsf62knvmfvtb4vz', '2023-11-17 17:00:08.000');
INSERT INTO "user_song_recommendations" ("id", "user_id", "song_id", "created_at") VALUES ('3xgtvic974f2642k5k8pl7mqrlwktasegy9vyzia2kjh5mf4j3', 'n4ui9y09tewznoe', 'vmisct6636gjswjns7b1oogz6nhwoz3i6wavqurnez6eqghyhe', '2023-11-17 17:00:08.000');
INSERT INTO "user_song_recommendations" ("id", "user_id", "song_id", "created_at") VALUES ('8p6w42lzw21984zme9nzm3lmp9mk3lnjmqtgr8pgp1wynj3ghf', 'n4ui9y09tewznoe', '62yhc2gvdwk90eld7l2vyrn6o9nbsw7yrr96pf9pvq7m6517gm', '2023-11-17 17:00:08.000');
INSERT INTO "user_song_recommendations" ("id", "user_id", "song_id", "created_at") VALUES ('n12m25yr99fqqhha4g9nnis7w5mpi767jaintuqy8f57f9hezn', 'n4ui9y09tewznoe', '7ykl880gakjirag73nhedrjcimlpfq9o6qidmm6w72ksy9tdu8', '2023-11-17 17:00:08.000');
INSERT INTO "user_song_recommendations" ("id", "user_id", "song_id", "created_at") VALUES ('kvedmd5epu1k15tvxeu2b3ex8nben6tnsd5msxo36967orsdg4', 'fg4y77qklwmyyo0', 'aon9eyg3twl0xnhjyzhckg6okc6arqtgmqzdwbrrdszbjb2uka', '2023-11-17 17:00:08.000');
INSERT INTO "user_song_recommendations" ("id", "user_id", "song_id", "created_at") VALUES ('n7ewnkxrb1pqz7y85913ibphl5tm0vhgia9frc164veb0kt0iy', 'fg4y77qklwmyyo0', 'i1igdcvjfqvsvx7c4lewcuox3xu8c8eyrnqhxnqpd1y2vorb91', '2023-11-17 17:00:08.000');
INSERT INTO "user_song_recommendations" ("id", "user_id", "song_id", "created_at") VALUES ('z1i3fcf2pnnfhp3sxkx42n54r8lcj7pqdvg1lt5nkato6xcpuq', 'fg4y77qklwmyyo0', 'yjk2ixdni9kuqkk28b8lbznys2x3iku4zmtnmbgp8g0jsg9q71', '2023-11-17 17:00:08.000');
INSERT INTO "user_song_recommendations" ("id", "user_id", "song_id", "created_at") VALUES ('n1zz0jajs82or28viyug42fyi1cduxsxe2pjfretr2r90pg2g2', 'fg4y77qklwmyyo0', '747z3xkv2n5smercmp87xrvxywy8dtc30e42o40zus07t4l7yf', '2023-11-17 17:00:08.000');
INSERT INTO "user_song_recommendations" ("id", "user_id", "song_id", "created_at") VALUES ('djxqy6b1d43el4s9435kbd61468ebqduptcnz3dx9bc9tiade5', 'fg4y77qklwmyyo0', 'f2b79ortni7w4rsj60iczy0ctzya9oetnm8op0id2z7sebzmz4', '2023-11-17 17:00:08.000');
INSERT INTO "user_song_recommendations" ("id", "user_id", "song_id", "created_at") VALUES ('i774jeh0jqnhnb229b3vewtfszz4iqnyyup6gcou1la6us2hmc', 'fg4y77qklwmyyo0', 'wp7op9n7eqfu6lwlh3i7x2dcz9uuzjimk68in4fc13wh14to8p', '2023-11-17 17:00:08.000');
INSERT INTO "user_song_recommendations" ("id", "user_id", "song_id", "created_at") VALUES ('t9r6eeet42r6z29xca0w10h1ym8cnkkmxauwuf1g3xjf5sq4yr', 'fg4y77qklwmyyo0', 'br3y7gf7s23ny7e8qh6rjpum0lyam9oz2yt3uamrlpqfrmwo8m', '2023-11-17 17:00:08.000');
INSERT INTO "user_song_recommendations" ("id", "user_id", "song_id", "created_at") VALUES ('t176n7w4yi38jywcox0q9f4xr7dlsv2j7jwr7f9l46g2f5omtu', 'fg4y77qklwmyyo0', 'd0c1j8tfluhbjxw9t2bvvivtvx5tuwuf5t1wvyyyo2xv7wkgc7', '2023-11-17 17:00:08.000');
INSERT INTO "user_song_recommendations" ("id", "user_id", "song_id", "created_at") VALUES ('rro7u0mtejwauskll4z2f7ywuzy2uqtrna9mdidst5ztkqoi1r', 'mtpfpk9v3ev87ai', 'bjnqrkpj4wr3amcig8nvcqiehcge4lfw6fufvttrqazqcfpuio', '2023-11-17 17:00:08.000');
INSERT INTO "user_song_recommendations" ("id", "user_id", "song_id", "created_at") VALUES ('sjk9r40qhaetk60o76lv3hjw7s1d58kde6u6rnrw9p3s61iuwn', 'mtpfpk9v3ev87ai', 'c7oxh0xmmlld2mvbx54gafyq2bh16ohnzid26uqe9m81kxbeq0', '2023-11-17 17:00:08.000');
INSERT INTO "user_song_recommendations" ("id", "user_id", "song_id", "created_at") VALUES ('em579fjw3v5qn7z8nm3o0nhzhukjtrxm0jrwsj0wmi7sqojm98', 'mtpfpk9v3ev87ai', 'hxfjetbmfsmqhexy6khk772e2vknaniqakbbvyqdnsnihgjqxw', '2023-11-17 17:00:08.000');
INSERT INTO "user_song_recommendations" ("id", "user_id", "song_id", "created_at") VALUES ('gl8ak632sazfne6wwovqmqkr9xfc5s3n76pg14aqkhsz0jp9zu', 'mtpfpk9v3ev87ai', '3age2cm185ehs2g2tkkdgnrpsw8lz18tuyq7ygy2cy9lxycpft', '2023-11-17 17:00:08.000');
INSERT INTO "user_song_recommendations" ("id", "user_id", "song_id", "created_at") VALUES ('7gulxrosudyx3arfc49qz0tbrpcc8ae5nndhc81pwkvsfaweq1', 'mtpfpk9v3ev87ai', '74agrgkc4we7v7j73d0f4sl4rftk89gq40yhe03758a1vq8lwf', '2023-11-17 17:00:08.000');
INSERT INTO "user_song_recommendations" ("id", "user_id", "song_id", "created_at") VALUES ('3ucd05yzk7deingcvk1cwwuhjzo2lad53fuwbepcy1yjcah7km', 'mtpfpk9v3ev87ai', 'v3mm2ltnh46vewwp01l8w7et7w8bv6pexo4iyhhledechxa6ax', '2023-11-17 17:00:08.000');
INSERT INTO "user_song_recommendations" ("id", "user_id", "song_id", "created_at") VALUES ('p3d75yucacotmvyaydyafox4axqgh9gev5yql5onso9ke7o6ih', 'mtpfpk9v3ev87ai', 'ap21m3xvy2kfmmvfppwgg8ydah2r8sxfql8cb7trb85g5fhmur', '2023-11-17 17:00:08.000');
INSERT INTO "user_song_recommendations" ("id", "user_id", "song_id", "created_at") VALUES ('e6e0bexu53hi31cut0j0gen8l0xp62msc5dkxrhj3bzxpnhf4a', 'mtpfpk9v3ev87ai', 'j1g7zvshf9yqfsyzozilp3i4csxi4u7q6o619509nefi7z3jze', '2023-11-17 17:00:08.000');
INSERT INTO "user_song_recommendations" ("id", "user_id", "song_id", "created_at") VALUES ('irnt1bo4ony0p7cyw7h3vu36z05efss7bvylzt74f5tpn3zil7', 'wf8quespmaf9ye7', 'f4g4i5p02cfqupx1zmz6yznbt58i6mjpkjb8dqqh4x4212tb46', '2023-11-17 17:00:08.000');
INSERT INTO "user_song_recommendations" ("id", "user_id", "song_id", "created_at") VALUES ('5m7zezfnyolbxgyl9u33ghut45snstoy84f55p460isk20mnhx', 'wf8quespmaf9ye7', '0n92cfermlo4q2gv2ivzz8kxlz21ftmace9zmqc4qfwzwa9n90', '2023-11-17 17:00:08.000');
INSERT INTO "user_song_recommendations" ("id", "user_id", "song_id", "created_at") VALUES ('ntfs5cgdyvs0ckchjz2djqd6mbfejaxh97i9ioqud5ubz9jy55', 'wf8quespmaf9ye7', 'i2du040lkxxcz4vbwau6a0b83c15tnwswmi0if9msxggj5jmev', '2023-11-17 17:00:08.000');
INSERT INTO "user_song_recommendations" ("id", "user_id", "song_id", "created_at") VALUES ('7e6nsc7d5006mau8m7tja6m7nncudeirzg464e2pg97dfvq97g', 'wf8quespmaf9ye7', 'b093t3d9skl3uxi844zkltp0ft6pcrfx48jjcy3k9a1ijk5l1t', '2023-11-17 17:00:08.000');
INSERT INTO "user_song_recommendations" ("id", "user_id", "song_id", "created_at") VALUES ('phrm9dlw8ym102z7ncfoe34t6bc8nuv3aqkgbkyk9uu45nzcoz', 'wf8quespmaf9ye7', 'vmisct6636gjswjns7b1oogz6nhwoz3i6wavqurnez6eqghyhe', '2023-11-17 17:00:08.000');
INSERT INTO "user_song_recommendations" ("id", "user_id", "song_id", "created_at") VALUES ('emm6vq9gz22iiww4qy477sckvcki35r67i3b63r0kwh2h9mdti', 'wf8quespmaf9ye7', 'q0q1zaet4rnc8e94xvv9k3v33zgjfint2iyhrt7owhiry86j63', '2023-11-17 17:00:08.000');
INSERT INTO "user_song_recommendations" ("id", "user_id", "song_id", "created_at") VALUES ('k5uue2fv2wvga2arrd0rw023jzyvvxvklzrnq22xn3qnfy198e', 'wf8quespmaf9ye7', 'z5sv63z2o7jkpcolhgl7rpvs22kzkwf6poigryrllbwuwrwynd', '2023-11-17 17:00:08.000');
INSERT INTO "user_song_recommendations" ("id", "user_id", "song_id", "created_at") VALUES ('j5fy0xos14rhxzk1870a37ezr0fiosrileqxnteun46jwxcm1s', 'wf8quespmaf9ye7', 'bc7z1a9wiz3rizraqpomy4nsyp8rqzd88p1gmaan52kwf8cban', '2023-11-17 17:00:08.000');
INSERT INTO "user_song_recommendations" ("id", "user_id", "song_id", "created_at") VALUES ('8y04zgh0dgrav0piezx3jkjk504fq0x3lqe7kujvid9h11oc1j', 'otoox1klhz0a3lm', 'rky3j36ffgo5fwtw5tyxpjqa69d4nha0px232roh294azpe45n', '2023-11-17 17:00:08.000');
INSERT INTO "user_song_recommendations" ("id", "user_id", "song_id", "created_at") VALUES ('tvpbht7t3g94uey1fwlevvre63077bdjc2t8uu860fdkfdag8q', 'otoox1klhz0a3lm', 'vyime8h1d3h9b5njzilxpaocd20l93a0hg82mboc7m7ad95suo', '2023-11-17 17:00:08.000');
INSERT INTO "user_song_recommendations" ("id", "user_id", "song_id", "created_at") VALUES ('3hvc58u9b2a11kx3njv3masksim0bfvv6lijhm1pwidp705aus', 'otoox1klhz0a3lm', 'lh4ytes3min0n77blitrygd4mn6d90yz8mnyfrexg9cz4yw57i', '2023-11-17 17:00:08.000');
INSERT INTO "user_song_recommendations" ("id", "user_id", "song_id", "created_at") VALUES ('libvfeemje14sj9mbb9houi14796yvp78fyvn3wfm7r82uel7t', 'otoox1klhz0a3lm', '6y2asiirvgorlfm8xeyodmvsgjgsp34vn8isfkrs0qo0fy5lvw', '2023-11-17 17:00:08.000');
INSERT INTO "user_song_recommendations" ("id", "user_id", "song_id", "created_at") VALUES ('m5expno55crx2c2ecqe59l2yxf5vwiv1wjela0g3lf8f3h66c9', 'otoox1klhz0a3lm', 'd0c1j8tfluhbjxw9t2bvvivtvx5tuwuf5t1wvyyyo2xv7wkgc7', '2023-11-17 17:00:08.000');
INSERT INTO "user_song_recommendations" ("id", "user_id", "song_id", "created_at") VALUES ('amxv8wr37jodke70ndpd7avhv8l77ehy7gr2yub8aw1skzprhf', 'otoox1klhz0a3lm', 'o99znevaqkfetixx6zr4ybos4xr1jjdjearl9lsmjcbeqs6inx', '2023-11-17 17:00:08.000');
INSERT INTO "user_song_recommendations" ("id", "user_id", "song_id", "created_at") VALUES ('7v0ynfeqt84rmox4mr6j8j30czzbw3rhx8k1f43sd6rwblki8m', 'otoox1klhz0a3lm', '807n1uex9rhkcdvg3yfmxbsx32ugniwy0i7qfrfari8bgd1v3l', '2023-11-17 17:00:08.000');
INSERT INTO "user_song_recommendations" ("id", "user_id", "song_id", "created_at") VALUES ('o1gskcro2hx2k6uxz4bvgicv93lt8wtblbwb6lyzgzm7cfyz7y', 'otoox1klhz0a3lm', '1s9jdbd53wbd9m5giegjxwyitqtq7n7iigxr5ivthnfaryzfxs', '2023-11-17 17:00:08.000');
INSERT INTO "user_song_recommendations" ("id", "user_id", "song_id", "created_at") VALUES ('0x2j6kkjlw69v217sebq0w80e9i6gq1fx6tiveb1cdfty6m1pc', 'j4fzpxduhkq981v', 'flhyzba4yefqvgyo99jqa3exjdimr6p4zweoxosmn47sy28d5s', '2023-11-17 17:00:08.000');
INSERT INTO "user_song_recommendations" ("id", "user_id", "song_id", "created_at") VALUES ('lwirr6f8fxz0o19ke0w323a0vfu4gcf6gvh08tqf4ef41xrdg2', 'j4fzpxduhkq981v', 'iaf50onh5pa8qz0unvqlagnmx0rxec1m0gtb310bza3lxgv2nb', '2023-11-17 17:00:08.000');
INSERT INTO "user_song_recommendations" ("id", "user_id", "song_id", "created_at") VALUES ('bsymf89ph3zl6o0b45pvtfw0be00kgsnsptiyxjbsx14pmpqon', 'j4fzpxduhkq981v', 'jzoc3mvt4vgq4linvv2oxhuz41j0vmy93eqrls2wifv3pw5vmv', '2023-11-17 17:00:08.000');
INSERT INTO "user_song_recommendations" ("id", "user_id", "song_id", "created_at") VALUES ('aqly2nqj2s74arhpcuqm2sc8zhqo3sxen6pk13ehkskfkuss04', 'j4fzpxduhkq981v', 'b0b3gglgnisj629rp4ip6s2qqsdnflybweq2t1u6nvqwju1yrs', '2023-11-17 17:00:08.000');
INSERT INTO "user_song_recommendations" ("id", "user_id", "song_id", "created_at") VALUES ('8yawqer8dudknkg5r0btqad30rfq20wjfkmcymga7fzsqti2m0', 'j4fzpxduhkq981v', 'wlp4ikdae0r2g97bntbf9747ws6p39rh38rwu3uid0qcaagp23', '2023-11-17 17:00:08.000');
INSERT INTO "user_song_recommendations" ("id", "user_id", "song_id", "created_at") VALUES ('zet7zlwzll35agn6xjmj8vtaj64qe323u1u3dfs8plc2w47x6o', 'j4fzpxduhkq981v', 'rlcd05zgjg15d5rhyboc8ztry6ygwnd5hz8ktgqn73p7ux4zny', '2023-11-17 17:00:08.000');
INSERT INTO "user_song_recommendations" ("id", "user_id", "song_id", "created_at") VALUES ('asg2gml0sdkzgt00h18k8nh5irhmdz4y0yd827dmgw8aockhxs', 'j4fzpxduhkq981v', '3ptpyvgmuryepk6smlmxu6wyuajvkz59lzl08we6qcj7jfz8y2', '2023-11-17 17:00:08.000');
INSERT INTO "user_song_recommendations" ("id", "user_id", "song_id", "created_at") VALUES ('4rmr8zt4ryddn8fd29hayvih7qaq1fe7cl1j0rkghe6z7sbryf', 'j4fzpxduhkq981v', '9ptmwrwl8rqf2uqi6mctoh94w55erdoq95t463dqcvp7nhhl8x', '2023-11-17 17:00:08.000');
INSERT INTO "user_song_recommendations" ("id", "user_id", "song_id", "created_at") VALUES ('di4w5syxjzifcfjbi8ylt2hf1iqut7sys29o7pbjrr2enxnvjd', 'ms5gxmmwjk1a93p', '301rp09dsb89t8dalfgd95e1lc7nrip42nthz3yunw6j3snqv6', '2023-11-17 17:00:08.000');
INSERT INTO "user_song_recommendations" ("id", "user_id", "song_id", "created_at") VALUES ('ltnqw81mjj3ysplradgvvfp5956hccjblmhtm4xe2bvbawxjtp', 'ms5gxmmwjk1a93p', 'nd1x2ghn0ditxqe23p6bbv814t6zbx7vjjnd29l3orcnz4r59t', '2023-11-17 17:00:08.000');
INSERT INTO "user_song_recommendations" ("id", "user_id", "song_id", "created_at") VALUES ('3dn2ikgi6ryhel5rgrnk20fjjxral8gfxbl6si9sdfqmhea025', 'ms5gxmmwjk1a93p', 'xl9cub5nz2m7waakwir1hy4d4xf6v2t12ribjws4te0u1pcsr8', '2023-11-17 17:00:08.000');
INSERT INTO "user_song_recommendations" ("id", "user_id", "song_id", "created_at") VALUES ('8wfwhfxsxltx97spkrvyeol1xo0x0gl52fhpygzpj36155r6df', 'ms5gxmmwjk1a93p', 'zonagelmbtzyp1dz0q7zg1h1hudx6yxe6t227hgut2s1404x2l', '2023-11-17 17:00:08.000');
INSERT INTO "user_song_recommendations" ("id", "user_id", "song_id", "created_at") VALUES ('08wmd648u7tdc7s70ilmo2ru8ognyfu12611ami0dpowzqz8ea', 'ms5gxmmwjk1a93p', 'x8lzo8npgcfvzdhqt28zqw07ifqjwu5lm9c5fa1jfzklpgc95k', '2023-11-17 17:00:08.000');
INSERT INTO "user_song_recommendations" ("id", "user_id", "song_id", "created_at") VALUES ('i5h5kvujhpa7op2zbpaw1k66nphzwjmmu1u9y4fijfpwgpf9yx', 'ms5gxmmwjk1a93p', 'r5xcdx1veehwt7njcu827ht732ee6kilgeqkr5efxkzifgshd4', '2023-11-17 17:00:08.000');
INSERT INTO "user_song_recommendations" ("id", "user_id", "song_id", "created_at") VALUES ('wh5jkc258cxzhad107y1hpmtkqjtdsv7d8w1lmndjqqfjh5aut', 'ms5gxmmwjk1a93p', 'k5j77qgi7wppnw8ti5q9y47jd0jfl7ucfmod3wlhcxst7aahn3', '2023-11-17 17:00:08.000');
INSERT INTO "user_song_recommendations" ("id", "user_id", "song_id", "created_at") VALUES ('c53psxtnmzmypvrhg9ewtoqmuudwtgxa3ifznitgda7rhb5v7p', 'ms5gxmmwjk1a93p', 'ob6cvhkcd5xx19eaj9k0je08ui6iv0ou8qmuxibry5w9tvpz73', '2023-11-17 17:00:08.000');
INSERT INTO "user_song_recommendations" ("id", "user_id", "song_id", "created_at") VALUES ('kmsnr3tfp40ncixynd5zpt61itsypi0bc6ixgbshkzynwc224k', 'r6em9gfc7ihcq2s', 'fvp27v61i0odv8fmuakaxrt59vuquv42fhooxovcgj4p6ai9w1', '2023-11-17 17:00:08.000');
INSERT INTO "user_song_recommendations" ("id", "user_id", "song_id", "created_at") VALUES ('2359bepn0ya02r5lz414xnqyu0hq58ubf45oi9tvfq3uqyv4yb', 'r6em9gfc7ihcq2s', 'c8r7hhqagr78rvpbsh6x1dysslhkkqpu8kfttecqkqozx19455', '2023-11-17 17:00:08.000');
INSERT INTO "user_song_recommendations" ("id", "user_id", "song_id", "created_at") VALUES ('uigc7yviump5d64xqpokc9szrpu27zr4mffnqoq32hn1ki20kn', 'r6em9gfc7ihcq2s', '60gvhvc52fg9x392e3fx0ahhepnjqxv63s7bf21jqhvbyiyx9x', '2023-11-17 17:00:08.000');
INSERT INTO "user_song_recommendations" ("id", "user_id", "song_id", "created_at") VALUES ('q1bpo7gq83oo91xn16eayuyoyftuxdc36crswop2msdwtl9ywz', 'r6em9gfc7ihcq2s', 'blqgip7ww9m3mttfealjjk4vjmdkadt2o2y5z896lron86n0sn', '2023-11-17 17:00:08.000');
INSERT INTO "user_song_recommendations" ("id", "user_id", "song_id", "created_at") VALUES ('d5e96o9wgw8sumvscn2h4fu8d523h097zoe9m38745if8foi7w', 'r6em9gfc7ihcq2s', 'rxczjtgr5h7gam49f7k49f5kqirucuxn0lzsnauxgev33kt9f2', '2023-11-17 17:00:08.000');
INSERT INTO "user_song_recommendations" ("id", "user_id", "song_id", "created_at") VALUES ('jmsxks171ct6ag38i9ifqhjakkcfsaxq7w1yu8siwwa8p4dnf1', 'r6em9gfc7ihcq2s', 'zgdpjn3ijug8qobc8u7bk9f4xfe3bgtjeiic15fve3s00wmsmf', '2023-11-17 17:00:08.000');
INSERT INTO "user_song_recommendations" ("id", "user_id", "song_id", "created_at") VALUES ('w9vtct87pnlub8rshma076ix1zc5qc9siihgpyca0wnzfklwq3', 'r6em9gfc7ihcq2s', '1x33wcqtb4g6zj0ilu7c8fjdbsi29jdikfps632gdaef7p1dnn', '2023-11-17 17:00:08.000');
INSERT INTO "user_song_recommendations" ("id", "user_id", "song_id", "created_at") VALUES ('9x59dfbaucvcvyc3kugr0al8k0m5ak2fg9ccxnaymo8auen35j', 'r6em9gfc7ihcq2s', 'z5sv63z2o7jkpcolhgl7rpvs22kzkwf6poigryrllbwuwrwynd', '2023-11-17 17:00:08.000');
INSERT INTO "user_song_recommendations" ("id", "user_id", "song_id", "created_at") VALUES ('e4zcsgrf4condbhpm9ao3xoth4w8j9xz022q4wi2ytlbmkztw1', 't0mupf97ak4jsnf', 'ei8ekfpxepcc47d1djat70jbzk33zqhmiaq1iyej6veboy213z', '2023-11-17 17:00:08.000');
INSERT INTO "user_song_recommendations" ("id", "user_id", "song_id", "created_at") VALUES ('v2scq457fnr7jm1qkkf7un0ajpl3r5cqp2ehzb9l412bgwpnsz', 't0mupf97ak4jsnf', 'ihp28kpju6tr7gz31pdnov14k0ei9io4q8b34u7v8jpsnewbva', '2023-11-17 17:00:08.000');
INSERT INTO "user_song_recommendations" ("id", "user_id", "song_id", "created_at") VALUES ('2ystjs1odl49ycrplrs9119lv4szfsrpxcr0jdb3601upmcxry', 't0mupf97ak4jsnf', 'nitz8cpwvil579ckstmyqikz3kzmee7zsm5cin38v09m815t3p', '2023-11-17 17:00:08.000');
INSERT INTO "user_song_recommendations" ("id", "user_id", "song_id", "created_at") VALUES ('ahss0zqoou6vivmxlhcvsf9zzoa9s841c19fycxxsjlp2ilwp5', 't0mupf97ak4jsnf', 'zgdpjn3ijug8qobc8u7bk9f4xfe3bgtjeiic15fve3s00wmsmf', '2023-11-17 17:00:08.000');
INSERT INTO "user_song_recommendations" ("id", "user_id", "song_id", "created_at") VALUES ('r65hzzaziqrl2xq1gsxz4olft4gth54lwp6qpuzth4vclpu190', 't0mupf97ak4jsnf', 'iaf50onh5pa8qz0unvqlagnmx0rxec1m0gtb310bza3lxgv2nb', '2023-11-17 17:00:08.000');
INSERT INTO "user_song_recommendations" ("id", "user_id", "song_id", "created_at") VALUES ('wrksxt7gr1a31pkqb8fd347zdi2o9psuecsbgymmzwmrokjsif', 't0mupf97ak4jsnf', '7ykl880gakjirag73nhedrjcimlpfq9o6qidmm6w72ksy9tdu8', '2023-11-17 17:00:08.000');
INSERT INTO "user_song_recommendations" ("id", "user_id", "song_id", "created_at") VALUES ('24rjw9qs9lplnb82qaj7bhce6mihqlt4piucr5z8e9hm8lsvbg', 't0mupf97ak4jsnf', '6r2fi1tvlc2fihlxvasf476fb3u70px1ietu23bjskxaov0q4b', '2023-11-17 17:00:08.000');
INSERT INTO "user_song_recommendations" ("id", "user_id", "song_id", "created_at") VALUES ('w132swh49fxxmlfzhakt04yvn1q1d0zpbbekrc2yiqgvow481s', 't0mupf97ak4jsnf', 'swiim390n98q48kg721i138s43inybu0gmas3rq1ysg37v4s5a', '2023-11-17 17:00:08.000');
INSERT INTO "user_song_recommendations" ("id", "user_id", "song_id", "created_at") VALUES ('jjwz4b6rzs1tbg8c4u38nu0y67a6mmijx8jnyl5t6fsf3q8zsn', 'houhask03jin4bc', 'fs3unrxnn4ow1xd4aac7v4qmz34kdb9u69m8h2kestuzrzcrkz', '2023-11-17 17:00:08.000');
INSERT INTO "user_song_recommendations" ("id", "user_id", "song_id", "created_at") VALUES ('y80umwwucumjnqk49h1ce9voezzas1dd5xsvjz85h9woaw6bz0', 'houhask03jin4bc', 'u03d87sg8fhaxxr27be284fb0vjoaj6hnfhvda44g76onraadx', '2023-11-17 17:00:08.000');
INSERT INTO "user_song_recommendations" ("id", "user_id", "song_id", "created_at") VALUES ('3n644aplcvrjqsf2rx4skmct4zgdduf0q7cwm01paetfsnw14j', 'houhask03jin4bc', 'vyime8h1d3h9b5njzilxpaocd20l93a0hg82mboc7m7ad95suo', '2023-11-17 17:00:08.000');
INSERT INTO "user_song_recommendations" ("id", "user_id", "song_id", "created_at") VALUES ('vnogxz6esim1q1rv91mahakjjgtpebbtrsgf64o60z9vung1jv', 'houhask03jin4bc', 'x571y56p1zd1z7z7kh3s0t5j5amh1q4vzxsjy6if8oo5f79zir', '2023-11-17 17:00:08.000');
INSERT INTO "user_song_recommendations" ("id", "user_id", "song_id", "created_at") VALUES ('6bp6lsgoa1s9w31nithte24f4rfhjuiia6olqxjk58kgr4oxez', 'houhask03jin4bc', 'crfekst9t9wfvp11e7rx0rv0y834eqvoy664m14aucrjbqq2p1', '2023-11-17 17:00:08.000');
INSERT INTO "user_song_recommendations" ("id", "user_id", "song_id", "created_at") VALUES ('bu453h4eu8fnuxefku6kmj5bu2rpwc531mhp3qco7bqcf1vjil', 'houhask03jin4bc', 'l0op5duy6070cs15ukzwf7avs5ygkroqyx3eo0cnjau1rmf53z', '2023-11-17 17:00:08.000');
INSERT INTO "user_song_recommendations" ("id", "user_id", "song_id", "created_at") VALUES ('tkdu305qewhswy1gmb6pfqjq69k9pfx43syqrjg2xgrqfrrgaz', 'houhask03jin4bc', 'ei8ekfpxepcc47d1djat70jbzk33zqhmiaq1iyej6veboy213z', '2023-11-17 17:00:08.000');
INSERT INTO "user_song_recommendations" ("id", "user_id", "song_id", "created_at") VALUES ('qd8hjlbvii0waftwgz2csxvmh1khf7bbrfiblj0p558tjcl8mf', 'houhask03jin4bc', 'r4e5a719qhhyhkefmdvsjmz303t3gcmp34rjrpbnwkgcce9f0c', '2023-11-17 17:00:08.000');
INSERT INTO "user_song_recommendations" ("id", "user_id", "song_id", "created_at") VALUES ('jqrcbglaict2o5dpk4y5nozflh59mqvbzp83znf4nemw91q327', 'icqlt67n2fd7p34', 'ntb40a60o9yy8ckxyvr8htw3s5lba0la99oyxvd1n9eq58roy2', '2023-11-17 17:00:08.000');
INSERT INTO "user_song_recommendations" ("id", "user_id", "song_id", "created_at") VALUES ('kl7zjyte0w1nec4rxvtbhtv1cqi2xarykndq3ocsgly4lmzglr', 'icqlt67n2fd7p34', 'mvm6mc0bseaxl4hku2kth9j6h8abw46eu7zn6ycpscajrihn0q', '2023-11-17 17:00:08.000');
INSERT INTO "user_song_recommendations" ("id", "user_id", "song_id", "created_at") VALUES ('awvet71hrwpy79mgwm6lo0wdjnw1aomjmclswxe1viu5rllg2y', 'icqlt67n2fd7p34', 'i1igdcvjfqvsvx7c4lewcuox3xu8c8eyrnqhxnqpd1y2vorb91', '2023-11-17 17:00:08.000');
INSERT INTO "user_song_recommendations" ("id", "user_id", "song_id", "created_at") VALUES ('lve9omrxdhfmj7vcue5jvhbdrmds507h6biig00kia85rjq9dn', 'icqlt67n2fd7p34', 'rswrq4cryp3odh7wv1b35zgqvldgurbutewm5j0jgzaubxeza8', '2023-11-17 17:00:08.000');
INSERT INTO "user_song_recommendations" ("id", "user_id", "song_id", "created_at") VALUES ('szf54o3yei2u0ya6def6t4yn208dra5vv21wfuvds3xph5i8zk', 'icqlt67n2fd7p34', '14gmoh0ska6oigzyy4wm0wnnnckfn24gn5gn1e9lfacis4bbve', '2023-11-17 17:00:08.000');
INSERT INTO "user_song_recommendations" ("id", "user_id", "song_id", "created_at") VALUES ('ulllwlsg7n5un2vg903bpghgc15dgkhe3rfmbikimnaedbgpl6', 'icqlt67n2fd7p34', 'p3awl7ladjmti44sawhcyl6ti80bwrd4clvne558tlx7x8e51h', '2023-11-17 17:00:08.000');
INSERT INTO "user_song_recommendations" ("id", "user_id", "song_id", "created_at") VALUES ('ud53jim4q3ph7c58t23rnirkjv90oonlz2gltvl46hxz6e5x9j', 'icqlt67n2fd7p34', 'z60lpo1cilyo5j2cv3p6dlli371dxica8tx4cc53rfdpvdhus7', '2023-11-17 17:00:08.000');
INSERT INTO "user_song_recommendations" ("id", "user_id", "song_id", "created_at") VALUES ('xfg9yk0hkw1jxhqoyynjknemzki5qw8lrmjwp7n6aqt2plz3q7', 'icqlt67n2fd7p34', 'jaifpy08ayp98s1cz5h7gimb1m8f1vbo17exc9djdlkxqfprd6', '2023-11-17 17:00:08.000');
