-- Users
INSERT INTO "auth_user" ("id", "username", "email", "profile_image_url", "created_at") VALUES ('fygaat19wgbv908', 'Alice Johnson (0)', '0@g.com', NULL,'2023-11-17 17:00:08.000');
INSERT INTO "user_key" ("id", "user_id", "hashed_password") VALUES ('email:0@g.com', 'fygaat19wgbv908', 's2:ypixvsa9kdptdm5e:9772b9b97a807a7f47ec6097088d2a4024dba58149f0ca73e063e373505e7d6d73558d9111681e34fee10c4b14d8ee4af03030521f41d555cc1fef79872ce189');
INSERT INTO "auth_user" ("id", "username", "email", "profile_image_url", "created_at") VALUES ('3nlidq313d8ztl0', 'Diana Smith (1)', '1@g.com', NULL,'2023-11-17 17:00:08.000');
INSERT INTO "user_key" ("id", "user_id", "hashed_password") VALUES ('email:1@g.com', '3nlidq313d8ztl0', 's2:ypixvsa9kdptdm5e:9772b9b97a807a7f47ec6097088d2a4024dba58149f0ca73e063e373505e7d6d73558d9111681e34fee10c4b14d8ee4af03030521f41d555cc1fef79872ce189');
INSERT INTO "auth_user" ("id", "username", "email", "profile_image_url", "created_at") VALUES ('hvnibsldmuyqlj6', 'Fiona Rodriguez (2)', '2@g.com', NULL,'2023-11-17 17:00:08.000');
INSERT INTO "user_key" ("id", "user_id", "hashed_password") VALUES ('email:2@g.com', 'hvnibsldmuyqlj6', 's2:ypixvsa9kdptdm5e:9772b9b97a807a7f47ec6097088d2a4024dba58149f0ca73e063e373505e7d6d73558d9111681e34fee10c4b14d8ee4af03030521f41d555cc1fef79872ce189');
INSERT INTO "auth_user" ("id", "username", "email", "profile_image_url", "created_at") VALUES ('s6a76i6dmvpw3q3', 'George Rodriguez (3)', '3@g.com', NULL,'2023-11-17 17:00:08.000');
INSERT INTO "user_key" ("id", "user_id", "hashed_password") VALUES ('email:3@g.com', 's6a76i6dmvpw3q3', 's2:ypixvsa9kdptdm5e:9772b9b97a807a7f47ec6097088d2a4024dba58149f0ca73e063e373505e7d6d73558d9111681e34fee10c4b14d8ee4af03030521f41d555cc1fef79872ce189');
INSERT INTO "auth_user" ("id", "username", "email", "profile_image_url", "created_at") VALUES ('suk3j8xg44nshl9', 'Fiona Smith (4)', '4@g.com', NULL,'2023-11-17 17:00:08.000');
INSERT INTO "user_key" ("id", "user_id", "hashed_password") VALUES ('email:4@g.com', 'suk3j8xg44nshl9', 's2:ypixvsa9kdptdm5e:9772b9b97a807a7f47ec6097088d2a4024dba58149f0ca73e063e373505e7d6d73558d9111681e34fee10c4b14d8ee4af03030521f41d555cc1fef79872ce189');
INSERT INTO "auth_user" ("id", "username", "email", "profile_image_url", "created_at") VALUES ('aeayzzdcsr3z8np', 'Alice Garcia (5)', '5@g.com', NULL,'2023-11-17 17:00:08.000');
INSERT INTO "user_key" ("id", "user_id", "hashed_password") VALUES ('email:5@g.com', 'aeayzzdcsr3z8np', 's2:ypixvsa9kdptdm5e:9772b9b97a807a7f47ec6097088d2a4024dba58149f0ca73e063e373505e7d6d73558d9111681e34fee10c4b14d8ee4af03030521f41d555cc1fef79872ce189');
INSERT INTO "auth_user" ("id", "username", "email", "profile_image_url", "created_at") VALUES ('vlqxtgrgwwiu3lj', 'Charlie Jones (6)', '6@g.com', NULL,'2023-11-17 17:00:08.000');
INSERT INTO "user_key" ("id", "user_id", "hashed_password") VALUES ('email:6@g.com', 'vlqxtgrgwwiu3lj', 's2:ypixvsa9kdptdm5e:9772b9b97a807a7f47ec6097088d2a4024dba58149f0ca73e063e373505e7d6d73558d9111681e34fee10c4b14d8ee4af03030521f41d555cc1fef79872ce189');
INSERT INTO "auth_user" ("id", "username", "email", "profile_image_url", "created_at") VALUES ('45p9mm3xyx6hp2h', 'Edward Martinez (7)', '7@g.com', NULL,'2023-11-17 17:00:08.000');
INSERT INTO "user_key" ("id", "user_id", "hashed_password") VALUES ('email:7@g.com', '45p9mm3xyx6hp2h', 's2:ypixvsa9kdptdm5e:9772b9b97a807a7f47ec6097088d2a4024dba58149f0ca73e063e373505e7d6d73558d9111681e34fee10c4b14d8ee4af03030521f41d555cc1fef79872ce189');
INSERT INTO "auth_user" ("id", "username", "email", "profile_image_url", "created_at") VALUES ('itterl5zs2amzb8', 'Bob Davis (8)', '8@g.com', NULL,'2023-11-17 17:00:08.000');
INSERT INTO "user_key" ("id", "user_id", "hashed_password") VALUES ('email:8@g.com', 'itterl5zs2amzb8', 's2:ypixvsa9kdptdm5e:9772b9b97a807a7f47ec6097088d2a4024dba58149f0ca73e063e373505e7d6d73558d9111681e34fee10c4b14d8ee4af03030521f41d555cc1fef79872ce189');
INSERT INTO "auth_user" ("id", "username", "email", "profile_image_url", "created_at") VALUES ('sv1aoe191pgq7qb', 'Julia Jones (9)', '9@g.com', NULL,'2023-11-17 17:00:08.000');
INSERT INTO "user_key" ("id", "user_id", "hashed_password") VALUES ('email:9@g.com', 'sv1aoe191pgq7qb', 's2:ypixvsa9kdptdm5e:9772b9b97a807a7f47ec6097088d2a4024dba58149f0ca73e063e373505e7d6d73558d9111681e34fee10c4b14d8ee4af03030521f41d555cc1fef79872ce189');
-- Playlists
INSERT INTO "playlist" ("id", "name", "created_at", "user_id") VALUES ('zxdk5up9i0movo0fgt0dm7rml7gahlwq16jp42kmfcub8vhf6v', 'Playlist 0', '2023-11-17 17:00:08.000','fygaat19wgbv908');
INSERT INTO "playlist_songs" ("song_id", "playlist_id", "order") VALUES ('77qcrq1gr6l86mfhx9uxaa28b72cbirsa0w2mhn349c7dbgkyy', 'zxdk5up9i0movo0fgt0dm7rml7gahlwq16jp42kmfcub8vhf6v', 0);
INSERT INTO "playlist_songs" ("song_id", "playlist_id", "order") VALUES ('3l06q0nwd7ycbv0vpsle571bkg2ljkl6zvakf7u99rq72bz04w', 'zxdk5up9i0movo0fgt0dm7rml7gahlwq16jp42kmfcub8vhf6v', 9);
INSERT INTO "playlist_songs" ("song_id", "playlist_id", "order") VALUES ('mx262a3l8ug9hmt7bsxyijfgxu8255lhxi3tvftuzvhx9y46t3', 'zxdk5up9i0movo0fgt0dm7rml7gahlwq16jp42kmfcub8vhf6v', 4);
INSERT INTO "playlist_songs" ("song_id", "playlist_id", "order") VALUES ('kj73wd2hneebyq7dflwy1dba3ivybgszjuat3kfz5vkgku342k', 'zxdk5up9i0movo0fgt0dm7rml7gahlwq16jp42kmfcub8vhf6v', 8);
INSERT INTO "playlist_songs" ("song_id", "playlist_id", "order") VALUES ('rg4ej3yszhxcksf1gxdxrgms56tmrt32zq3mpw8rh1pef9850s', 'zxdk5up9i0movo0fgt0dm7rml7gahlwq16jp42kmfcub8vhf6v', 2);
INSERT INTO "playlist_songs" ("song_id", "playlist_id", "order") VALUES ('x4doop38fm3g6rti54emb68jocypzowbjhfpc8cwgvdoyiejo9', 'zxdk5up9i0movo0fgt0dm7rml7gahlwq16jp42kmfcub8vhf6v', 5);
INSERT INTO "playlist_songs" ("song_id", "playlist_id", "order") VALUES ('7se7vrk91k2ph8jd64imzqkn8dwuw5bnv5c7zi1agaug5d7khj', 'zxdk5up9i0movo0fgt0dm7rml7gahlwq16jp42kmfcub8vhf6v', 7);
INSERT INTO "playlist_songs" ("song_id", "playlist_id", "order") VALUES ('6z8zc4bhle3ve1e2qagjjambezqi46xxe2ryauakb3cvswd8hr', 'zxdk5up9i0movo0fgt0dm7rml7gahlwq16jp42kmfcub8vhf6v', 1);
INSERT INTO "playlist_songs" ("song_id", "playlist_id", "order") VALUES ('tzgmn5fh9iqkyfmmt7ikt8f994zileqpk2hwpx9p6socab0mci', 'zxdk5up9i0movo0fgt0dm7rml7gahlwq16jp42kmfcub8vhf6v', 6);
INSERT INTO "playlist_songs" ("song_id", "playlist_id", "order") VALUES ('4cfvsxdjfvg7birovp544uwk7i0tgx7a7ogr0j8kwhqd4odlcr', 'zxdk5up9i0movo0fgt0dm7rml7gahlwq16jp42kmfcub8vhf6v', 3);
INSERT INTO "playlist" ("id", "name", "created_at", "user_id") VALUES ('aljpl97pnzhcbn2qfpxq3zkibg18s017jgv31cuk0swkudc3ht', 'Playlist 1', '2023-11-17 17:00:08.000','fygaat19wgbv908');
INSERT INTO "playlist_songs" ("song_id", "playlist_id", "order") VALUES ('bpoqwhlanhga4imt0azypr5pxywy9p69qypq9o2o7w83ocsfjv', 'aljpl97pnzhcbn2qfpxq3zkibg18s017jgv31cuk0swkudc3ht', 0);
INSERT INTO "playlist_songs" ("song_id", "playlist_id", "order") VALUES ('wvfh41js4pvxwno0nu72qgiu83rz4147ka0cn0tuzl0bqgp9bk', 'aljpl97pnzhcbn2qfpxq3zkibg18s017jgv31cuk0swkudc3ht', 4);
INSERT INTO "playlist_songs" ("song_id", "playlist_id", "order") VALUES ('e6bjuzifnhtu368wzg33btpf74muuvrgesnesmmb0hk35u3nvp', 'aljpl97pnzhcbn2qfpxq3zkibg18s017jgv31cuk0swkudc3ht', 9);
INSERT INTO "playlist_songs" ("song_id", "playlist_id", "order") VALUES ('j0tfq5lbeykifimgv7sksytwql3mzgtrgu4w1q9qlgh8yfec4g', 'aljpl97pnzhcbn2qfpxq3zkibg18s017jgv31cuk0swkudc3ht', 7);
INSERT INTO "playlist_songs" ("song_id", "playlist_id", "order") VALUES ('yg46a28tl8mbyo73ihlr9l67yf5dt22kej7d79mutqu86ephqr', 'aljpl97pnzhcbn2qfpxq3zkibg18s017jgv31cuk0swkudc3ht', 2);
INSERT INTO "playlist_songs" ("song_id", "playlist_id", "order") VALUES ('t0f24m3noercyiv49no6ivbdfand8t9s5ikjaihrgtam8zu7nd', 'aljpl97pnzhcbn2qfpxq3zkibg18s017jgv31cuk0swkudc3ht', 3);
INSERT INTO "playlist_songs" ("song_id", "playlist_id", "order") VALUES ('h90gasji4jodhgfunyw9w8g5xguvaf04h7qt2nmujeuzawsuwe', 'aljpl97pnzhcbn2qfpxq3zkibg18s017jgv31cuk0swkudc3ht', 6);
INSERT INTO "playlist_songs" ("song_id", "playlist_id", "order") VALUES ('p9ilfw9g8j5mh1tp0n6zz2z9hhxeit8sel1al2eobczvuntu4y', 'aljpl97pnzhcbn2qfpxq3zkibg18s017jgv31cuk0swkudc3ht', 5);
INSERT INTO "playlist_songs" ("song_id", "playlist_id", "order") VALUES ('n6agiq4uvmtoffucq9j8ncufi7cxan7b9g917wc7060xf4okt7', 'aljpl97pnzhcbn2qfpxq3zkibg18s017jgv31cuk0swkudc3ht', 1);
INSERT INTO "playlist_songs" ("song_id", "playlist_id", "order") VALUES ('ny518qjfytd6ufjm7gki8nouhb2zu9dh1ptcvt8poz83vr3rb9', 'aljpl97pnzhcbn2qfpxq3zkibg18s017jgv31cuk0swkudc3ht', 8);
INSERT INTO "playlist" ("id", "name", "created_at", "user_id") VALUES ('jjqc6y3jxxvu3r8vqd16m3vzvahak3zvlc07mec7hgcl61hvhr', 'Playlist 0', '2023-11-17 17:00:08.000','3nlidq313d8ztl0');
INSERT INTO "playlist_songs" ("song_id", "playlist_id", "order") VALUES ('zs2o3gf8ryxhkk48xk9ebcf22su9nhhpzouq7t9lhpj7t8d7y8', 'jjqc6y3jxxvu3r8vqd16m3vzvahak3zvlc07mec7hgcl61hvhr', 0);
INSERT INTO "playlist_songs" ("song_id", "playlist_id", "order") VALUES ('usjthzf6eamojts96gk0gfzs5b8lqxyzvc990pfckf4hmwr51c', 'jjqc6y3jxxvu3r8vqd16m3vzvahak3zvlc07mec7hgcl61hvhr', 5);
INSERT INTO "playlist_songs" ("song_id", "playlist_id", "order") VALUES ('y3m3f7f8wcur19zy6mzxcirbgcdbpa2tse8co9f9xbwhhtyczg', 'jjqc6y3jxxvu3r8vqd16m3vzvahak3zvlc07mec7hgcl61hvhr', 7);
INSERT INTO "playlist_songs" ("song_id", "playlist_id", "order") VALUES ('7se7vrk91k2ph8jd64imzqkn8dwuw5bnv5c7zi1agaug5d7khj', 'jjqc6y3jxxvu3r8vqd16m3vzvahak3zvlc07mec7hgcl61hvhr', 6);
INSERT INTO "playlist_songs" ("song_id", "playlist_id", "order") VALUES ('m2lt5iwck7l0nqi33w55jxl69ztom92do0xpb6ossuy98ytpjj', 'jjqc6y3jxxvu3r8vqd16m3vzvahak3zvlc07mec7hgcl61hvhr', 9);
INSERT INTO "playlist_songs" ("song_id", "playlist_id", "order") VALUES ('sahr32imhiqzdw6eu2aiod6ht8etuta8o6zxrzsmcoq7pipopx', 'jjqc6y3jxxvu3r8vqd16m3vzvahak3zvlc07mec7hgcl61hvhr', 8);
INSERT INTO "playlist_songs" ("song_id", "playlist_id", "order") VALUES ('xsdod2g1hu4ttkxztqrafwpnmp7m1thgjbzvjpo0lp53bl863u', 'jjqc6y3jxxvu3r8vqd16m3vzvahak3zvlc07mec7hgcl61hvhr', 4);
INSERT INTO "playlist_songs" ("song_id", "playlist_id", "order") VALUES ('7i6ftzooiclja2cn0focim7egv62rfd2jpib3betbv7v45mz1j', 'jjqc6y3jxxvu3r8vqd16m3vzvahak3zvlc07mec7hgcl61hvhr', 3);
INSERT INTO "playlist_songs" ("song_id", "playlist_id", "order") VALUES ('3m0qin3gdcbkqho8dw2dvnnn47cbe5rfbfz6y5le6nu1k5g4nt', 'jjqc6y3jxxvu3r8vqd16m3vzvahak3zvlc07mec7hgcl61hvhr', 2);
INSERT INTO "playlist_songs" ("song_id", "playlist_id", "order") VALUES ('0tj44su08h1imb0swbcttesvh8r0oc1kw6siwyi97yyrj2ezj1', 'jjqc6y3jxxvu3r8vqd16m3vzvahak3zvlc07mec7hgcl61hvhr', 1);
INSERT INTO "playlist" ("id", "name", "created_at", "user_id") VALUES ('j0n6uo4l0rh611k8h8oh6kq5dxczjsfm62vvqjmn43vd4ycrwi', 'Playlist 1', '2023-11-17 17:00:08.000','3nlidq313d8ztl0');
INSERT INTO "playlist_songs" ("song_id", "playlist_id", "order") VALUES ('doo3pzapd9c35xpfhxh1rpsx667ti74eumwlpt5lr5p654vit0', 'j0n6uo4l0rh611k8h8oh6kq5dxczjsfm62vvqjmn43vd4ycrwi', 0);
INSERT INTO "playlist_songs" ("song_id", "playlist_id", "order") VALUES ('xq8w2wtxqgqigxzyde6b8riv3z5ljtkms97d9w90gvggr8lwsb', 'j0n6uo4l0rh611k8h8oh6kq5dxczjsfm62vvqjmn43vd4ycrwi', 2);
INSERT INTO "playlist_songs" ("song_id", "playlist_id", "order") VALUES ('uzd3c5c9ixkix3bp8w50z820nzo9rukv8nu23i6rdzerhspmxt', 'j0n6uo4l0rh611k8h8oh6kq5dxczjsfm62vvqjmn43vd4ycrwi', 1);
INSERT INTO "playlist_songs" ("song_id", "playlist_id", "order") VALUES ('uxtvwup0wxgq3w741fwq3dj8rhhrw8fu1pzidc8lg8p7mlskve', 'j0n6uo4l0rh611k8h8oh6kq5dxczjsfm62vvqjmn43vd4ycrwi', 8);
INSERT INTO "playlist_songs" ("song_id", "playlist_id", "order") VALUES ('tdsmpyjgyce0r0p0cpwn4ugyab082gdwlpfmytig42apxdslya', 'j0n6uo4l0rh611k8h8oh6kq5dxczjsfm62vvqjmn43vd4ycrwi', 6);
INSERT INTO "playlist_songs" ("song_id", "playlist_id", "order") VALUES ('6wyyr4ojj2aqetjbjirszyc53yt2wt5wmf70pcnef99yeons1q', 'j0n6uo4l0rh611k8h8oh6kq5dxczjsfm62vvqjmn43vd4ycrwi', 7);
INSERT INTO "playlist_songs" ("song_id", "playlist_id", "order") VALUES ('c87iufqa199zusuhb9oc8zi8yhy2ojq58fxufvuiepu71gw078', 'j0n6uo4l0rh611k8h8oh6kq5dxczjsfm62vvqjmn43vd4ycrwi', 5);
INSERT INTO "playlist_songs" ("song_id", "playlist_id", "order") VALUES ('fjc5uqc9acynrhtxet3s5khe76wrv6v5tm4sn0qmcyxv3o07dw', 'j0n6uo4l0rh611k8h8oh6kq5dxczjsfm62vvqjmn43vd4ycrwi', 3);
INSERT INTO "playlist_songs" ("song_id", "playlist_id", "order") VALUES ('e9a00ilsrdzrnaqc1q7q9t1fcskti9sbsfc4wv0bgbi20p3jgs', 'j0n6uo4l0rh611k8h8oh6kq5dxczjsfm62vvqjmn43vd4ycrwi', 4);
INSERT INTO "playlist_songs" ("song_id", "playlist_id", "order") VALUES ('q7walm29a9esfqm8xg8exw8iupvh52gttwgyf15fjgj0n9hjky', 'j0n6uo4l0rh611k8h8oh6kq5dxczjsfm62vvqjmn43vd4ycrwi', 9);
INSERT INTO "playlist" ("id", "name", "created_at", "user_id") VALUES ('ikg78gbbj0svl2kw8883oiha1femp0szklo3teyvpuf4h5y4u9', 'Playlist 0', '2023-11-17 17:00:08.000','hvnibsldmuyqlj6');
INSERT INTO "playlist_songs" ("song_id", "playlist_id", "order") VALUES ('irq1ofm6w0zhyu2kfo3rdfku2z9s3aimd0y2rd3jo3nhqklm7a', 'ikg78gbbj0svl2kw8883oiha1femp0szklo3teyvpuf4h5y4u9', 0);
INSERT INTO "playlist_songs" ("song_id", "playlist_id", "order") VALUES ('um5yls7yde292mqmm4cd8jovg5cljce2jlfcbziimis0vqpmp6', 'ikg78gbbj0svl2kw8883oiha1femp0szklo3teyvpuf4h5y4u9', 2);
INSERT INTO "playlist_songs" ("song_id", "playlist_id", "order") VALUES ('wtbckxokywodsk04dj6njxivqdb6n22p17jrf8qj79ov2r9jzi', 'ikg78gbbj0svl2kw8883oiha1femp0szklo3teyvpuf4h5y4u9', 9);
INSERT INTO "playlist_songs" ("song_id", "playlist_id", "order") VALUES ('owzex26u8ary2s5mkjux3gvdsv0ny9z5x7atrxna8jqw1lmsts', 'ikg78gbbj0svl2kw8883oiha1femp0szklo3teyvpuf4h5y4u9', 1);
INSERT INTO "playlist_songs" ("song_id", "playlist_id", "order") VALUES ('65p36432fiwizot6ayzou8eik0zvgen9pai10sotn37aptpolz', 'ikg78gbbj0svl2kw8883oiha1femp0szklo3teyvpuf4h5y4u9', 3);
INSERT INTO "playlist_songs" ("song_id", "playlist_id", "order") VALUES ('0jsbanye2jaqytvwayrtqo02bxfc8j2cw2y75ttir6pbz0n0wd', 'ikg78gbbj0svl2kw8883oiha1femp0szklo3teyvpuf4h5y4u9', 4);
INSERT INTO "playlist_songs" ("song_id", "playlist_id", "order") VALUES ('2t6o5lsq6rn74r4lgjtw5mwme1062igm4utkwffgfs55jrrbqk', 'ikg78gbbj0svl2kw8883oiha1femp0szklo3teyvpuf4h5y4u9', 5);
INSERT INTO "playlist_songs" ("song_id", "playlist_id", "order") VALUES ('1285pzodpgdp1tgjakoidhtjkgwy806akxx145yw5hfecethkx', 'ikg78gbbj0svl2kw8883oiha1femp0szklo3teyvpuf4h5y4u9', 6);
INSERT INTO "playlist_songs" ("song_id", "playlist_id", "order") VALUES ('moq4ix0f6ir2vnq52ocaq599ygfyjmjzdvf30hte7bihq4syfc', 'ikg78gbbj0svl2kw8883oiha1femp0szklo3teyvpuf4h5y4u9', 7);
INSERT INTO "playlist_songs" ("song_id", "playlist_id", "order") VALUES ('iomzzk05qcyzfqoj361d4p9lvv123m2h7notqvs2r6gq7jw1jz', 'ikg78gbbj0svl2kw8883oiha1femp0szklo3teyvpuf4h5y4u9', 8);
INSERT INTO "playlist" ("id", "name", "created_at", "user_id") VALUES ('3owvvtvxg13d731mihzu3bb3uggcxq7yhvpznxcehoq6ene0f2', 'Playlist 1', '2023-11-17 17:00:08.000','hvnibsldmuyqlj6');
INSERT INTO "playlist_songs" ("song_id", "playlist_id", "order") VALUES ('rsrbaxc8kgjm6ucgv4zbakqmloa5oxbvj5i83czk5a33so3kqy', '3owvvtvxg13d731mihzu3bb3uggcxq7yhvpznxcehoq6ene0f2', 0);
INSERT INTO "playlist_songs" ("song_id", "playlist_id", "order") VALUES ('x4doop38fm3g6rti54emb68jocypzowbjhfpc8cwgvdoyiejo9', '3owvvtvxg13d731mihzu3bb3uggcxq7yhvpznxcehoq6ene0f2', 3);
INSERT INTO "playlist_songs" ("song_id", "playlist_id", "order") VALUES ('t0f24m3noercyiv49no6ivbdfand8t9s5ikjaihrgtam8zu7nd', '3owvvtvxg13d731mihzu3bb3uggcxq7yhvpznxcehoq6ene0f2', 4);
INSERT INTO "playlist_songs" ("song_id", "playlist_id", "order") VALUES ('q03vwgl7dw151d0wvf17ujtbgri5ael8cljxltvfyfllcwmi49', '3owvvtvxg13d731mihzu3bb3uggcxq7yhvpznxcehoq6ene0f2', 2);
INSERT INTO "playlist_songs" ("song_id", "playlist_id", "order") VALUES ('6dalr30uz2swmqqt9ye2f5n2lgmjidz6rjup96bu80ua7y3gyo', '3owvvtvxg13d731mihzu3bb3uggcxq7yhvpznxcehoq6ene0f2', 8);
INSERT INTO "playlist_songs" ("song_id", "playlist_id", "order") VALUES ('8bx409xktlbtchve4d71j6n4xdopj6m5do88b4yvuuorstpuws', '3owvvtvxg13d731mihzu3bb3uggcxq7yhvpznxcehoq6ene0f2', 6);
INSERT INTO "playlist_songs" ("song_id", "playlist_id", "order") VALUES ('iomzzk05qcyzfqoj361d4p9lvv123m2h7notqvs2r6gq7jw1jz', '3owvvtvxg13d731mihzu3bb3uggcxq7yhvpznxcehoq6ene0f2', 1);
INSERT INTO "playlist_songs" ("song_id", "playlist_id", "order") VALUES ('5uxb6dtx500wj6bfuws6j4217xbfiwd8ajjvd4a2j3zyz3slfh', '3owvvtvxg13d731mihzu3bb3uggcxq7yhvpznxcehoq6ene0f2', 9);
INSERT INTO "playlist_songs" ("song_id", "playlist_id", "order") VALUES ('hs5hz3cc58c5w7czoo2nwbs8ydas3oebdx7ws4zf3eljrw0gtx', '3owvvtvxg13d731mihzu3bb3uggcxq7yhvpznxcehoq6ene0f2', 7);
INSERT INTO "playlist_songs" ("song_id", "playlist_id", "order") VALUES ('topk7datjytarwnl6pgxg6u3hab0qzlx78l9wnubo2x0lhwfj8', '3owvvtvxg13d731mihzu3bb3uggcxq7yhvpznxcehoq6ene0f2', 5);
INSERT INTO "playlist" ("id", "name", "created_at", "user_id") VALUES ('dw2blibn3zf06akt2g13zhzxxtd374sqskaij6q5mrux8cij0c', 'Playlist 0', '2023-11-17 17:00:08.000','s6a76i6dmvpw3q3');
INSERT INTO "playlist_songs" ("song_id", "playlist_id", "order") VALUES ('hru0ffbo7295mbrzzorktyrzzzrg6z3sx7n84iwayri2hkk849', 'dw2blibn3zf06akt2g13zhzxxtd374sqskaij6q5mrux8cij0c', 0);
INSERT INTO "playlist_songs" ("song_id", "playlist_id", "order") VALUES ('wtbckxokywodsk04dj6njxivqdb6n22p17jrf8qj79ov2r9jzi', 'dw2blibn3zf06akt2g13zhzxxtd374sqskaij6q5mrux8cij0c', 5);
INSERT INTO "playlist_songs" ("song_id", "playlist_id", "order") VALUES ('m8tubaxxl7g5gk38x9774f2ljncaf1ednxl3qnhtlvcum4do42', 'dw2blibn3zf06akt2g13zhzxxtd374sqskaij6q5mrux8cij0c', 3);
INSERT INTO "playlist_songs" ("song_id", "playlist_id", "order") VALUES ('or89h6stg7q9u047b56xhnkobb1rjhdp6fnrobxq4j2wfo6g62', 'dw2blibn3zf06akt2g13zhzxxtd374sqskaij6q5mrux8cij0c', 6);
INSERT INTO "playlist_songs" ("song_id", "playlist_id", "order") VALUES ('vqibkbpfdietxkitns3pehf4xijdlvl4lgugbnisq8tyyy4jqa', 'dw2blibn3zf06akt2g13zhzxxtd374sqskaij6q5mrux8cij0c', 4);
INSERT INTO "playlist_songs" ("song_id", "playlist_id", "order") VALUES ('62cpdk3c7k3nw803t2criczzguhc4l5bfwu8crfzxgecm7y3cl', 'dw2blibn3zf06akt2g13zhzxxtd374sqskaij6q5mrux8cij0c', 8);
INSERT INTO "playlist_songs" ("song_id", "playlist_id", "order") VALUES ('0gaeibsee0b008jfjndnnlrbqgu7cuua0nps81h1ldudzryc0j', 'dw2blibn3zf06akt2g13zhzxxtd374sqskaij6q5mrux8cij0c', 9);
INSERT INTO "playlist_songs" ("song_id", "playlist_id", "order") VALUES ('m81y789zaluxirozv46rb9bceto9indm21hdrl2lkw5xvikik7', 'dw2blibn3zf06akt2g13zhzxxtd374sqskaij6q5mrux8cij0c', 1);
INSERT INTO "playlist_songs" ("song_id", "playlist_id", "order") VALUES ('gsyi306zara7w3c964lydow9lqgeut9shydscpmc9kykr1xpsn', 'dw2blibn3zf06akt2g13zhzxxtd374sqskaij6q5mrux8cij0c', 2);
INSERT INTO "playlist_songs" ("song_id", "playlist_id", "order") VALUES ('wxi955jbevgdwifninybygu4lyjfuuumuisswcv3nlwh3psu18', 'dw2blibn3zf06akt2g13zhzxxtd374sqskaij6q5mrux8cij0c', 7);
INSERT INTO "playlist" ("id", "name", "created_at", "user_id") VALUES ('k7lgor5456hjv5m2juwq10yeemx51l5rhxutj1xgmwjg17ch4z', 'Playlist 1', '2023-11-17 17:00:08.000','s6a76i6dmvpw3q3');
INSERT INTO "playlist_songs" ("song_id", "playlist_id", "order") VALUES ('vxg2lq20jmjxgwl1feiv63hzx4qhv1yxavnzx0k6i1d7qmmqac', 'k7lgor5456hjv5m2juwq10yeemx51l5rhxutj1xgmwjg17ch4z', 0);
INSERT INTO "playlist_songs" ("song_id", "playlist_id", "order") VALUES ('77qcrq1gr6l86mfhx9uxaa28b72cbirsa0w2mhn349c7dbgkyy', 'k7lgor5456hjv5m2juwq10yeemx51l5rhxutj1xgmwjg17ch4z', 4);
INSERT INTO "playlist_songs" ("song_id", "playlist_id", "order") VALUES ('4cfvsxdjfvg7birovp544uwk7i0tgx7a7ogr0j8kwhqd4odlcr', 'k7lgor5456hjv5m2juwq10yeemx51l5rhxutj1xgmwjg17ch4z', 2);
INSERT INTO "playlist_songs" ("song_id", "playlist_id", "order") VALUES ('s1sp4wrt2i8qh0zoqlfegabmrqglux6p91mcu072x5tbevz79t', 'k7lgor5456hjv5m2juwq10yeemx51l5rhxutj1xgmwjg17ch4z', 6);
INSERT INTO "playlist_songs" ("song_id", "playlist_id", "order") VALUES ('25mp65tpy930vpb2ub8si95fgjauualcp402i43z5c71rnsg08', 'k7lgor5456hjv5m2juwq10yeemx51l5rhxutj1xgmwjg17ch4z', 9);
INSERT INTO "playlist_songs" ("song_id", "playlist_id", "order") VALUES ('u7hi3w1ajizbl7gbtkacznqvaw1xxjrpv04yv1kf4prlzgteho', 'k7lgor5456hjv5m2juwq10yeemx51l5rhxutj1xgmwjg17ch4z', 7);
INSERT INTO "playlist_songs" ("song_id", "playlist_id", "order") VALUES ('6hpye01uk6e63ruvv1u40ttvdb288s20a9gchvdcvjw0vemdo7', 'k7lgor5456hjv5m2juwq10yeemx51l5rhxutj1xgmwjg17ch4z', 1);
INSERT INTO "playlist_songs" ("song_id", "playlist_id", "order") VALUES ('qciwefrc203scw3fxv06xonm4fpef28e5tfg1pzzfux0p1hrc4', 'k7lgor5456hjv5m2juwq10yeemx51l5rhxutj1xgmwjg17ch4z', 5);
INSERT INTO "playlist_songs" ("song_id", "playlist_id", "order") VALUES ('e9a00ilsrdzrnaqc1q7q9t1fcskti9sbsfc4wv0bgbi20p3jgs', 'k7lgor5456hjv5m2juwq10yeemx51l5rhxutj1xgmwjg17ch4z', 8);
INSERT INTO "playlist_songs" ("song_id", "playlist_id", "order") VALUES ('arxzti8thqs3tpxahv7sbst7t7pkfcv84bqde2fq8zrduxnkjo', 'k7lgor5456hjv5m2juwq10yeemx51l5rhxutj1xgmwjg17ch4z', 3);
INSERT INTO "playlist" ("id", "name", "created_at", "user_id") VALUES ('a1x1as444po4cu95nwqke9wy30rys4fzglq21na0si4vyatz35', 'Playlist 0', '2023-11-17 17:00:08.000','suk3j8xg44nshl9');
INSERT INTO "playlist_songs" ("song_id", "playlist_id", "order") VALUES ('0xcsmcxe5mepqsezrytgkjef4k6or4ggcols0h3164xerigxcs', 'a1x1as444po4cu95nwqke9wy30rys4fzglq21na0si4vyatz35', 2);
INSERT INTO "playlist_songs" ("song_id", "playlist_id", "order") VALUES ('d65xwfubtad1tlibnhqiw2urmbjxpucplr5xzdwvf7vz7fct1k', 'a1x1as444po4cu95nwqke9wy30rys4fzglq21na0si4vyatz35', 9);
INSERT INTO "playlist_songs" ("song_id", "playlist_id", "order") VALUES ('fuhyv0le8hox4wwzci6afv4kem5m3nh2btkbfrslnboqzc4m7z', 'a1x1as444po4cu95nwqke9wy30rys4fzglq21na0si4vyatz35', 3);
INSERT INTO "playlist_songs" ("song_id", "playlist_id", "order") VALUES ('6e6ul3z4rzeudz6gmhtezerouxpch47r56gi5pgpeexy8ukmoi', 'a1x1as444po4cu95nwqke9wy30rys4fzglq21na0si4vyatz35', 0);
INSERT INTO "playlist_songs" ("song_id", "playlist_id", "order") VALUES ('uzr1c67i61cb7kecgjkn7fkd9yudabqnlxdkhjptx6gkhtu5vh', 'a1x1as444po4cu95nwqke9wy30rys4fzglq21na0si4vyatz35', 7);
INSERT INTO "playlist_songs" ("song_id", "playlist_id", "order") VALUES ('6lafcij9bza8phdap90ny0p54d8531gzbsu6wor8ybphvsch1q', 'a1x1as444po4cu95nwqke9wy30rys4fzglq21na0si4vyatz35', 4);
INSERT INTO "playlist_songs" ("song_id", "playlist_id", "order") VALUES ('qciwefrc203scw3fxv06xonm4fpef28e5tfg1pzzfux0p1hrc4', 'a1x1as444po4cu95nwqke9wy30rys4fzglq21na0si4vyatz35', 6);
INSERT INTO "playlist_songs" ("song_id", "playlist_id", "order") VALUES ('wlw0bqxyhkgkufz8b1ukkc27abtmj0qt3t7dts9s24uj6ars9t', 'a1x1as444po4cu95nwqke9wy30rys4fzglq21na0si4vyatz35', 1);
INSERT INTO "playlist_songs" ("song_id", "playlist_id", "order") VALUES ('4cfvsxdjfvg7birovp544uwk7i0tgx7a7ogr0j8kwhqd4odlcr', 'a1x1as444po4cu95nwqke9wy30rys4fzglq21na0si4vyatz35', 5);
INSERT INTO "playlist_songs" ("song_id", "playlist_id", "order") VALUES ('d1cps508a6hst36nb7atb98jm6xk77jv3imgtwpicxuezn5v43', 'a1x1as444po4cu95nwqke9wy30rys4fzglq21na0si4vyatz35', 8);
INSERT INTO "playlist" ("id", "name", "created_at", "user_id") VALUES ('t8mopq2qdgy3rtcqzgihb7zk6cbm1pew60ab4a5x3vet03svo6', 'Playlist 1', '2023-11-17 17:00:08.000','suk3j8xg44nshl9');
INSERT INTO "playlist_songs" ("song_id", "playlist_id", "order") VALUES ('c7acc45xzt3g3qgnc2vlu3z1fe77dj7k434kr54ff9y0n9itu5', 't8mopq2qdgy3rtcqzgihb7zk6cbm1pew60ab4a5x3vet03svo6', 0);
INSERT INTO "playlist_songs" ("song_id", "playlist_id", "order") VALUES ('40vqzb0n5imu8221n7u3v3g4qitppm3f3kr60hdwcb87j4xgjr', 't8mopq2qdgy3rtcqzgihb7zk6cbm1pew60ab4a5x3vet03svo6', 6);
INSERT INTO "playlist_songs" ("song_id", "playlist_id", "order") VALUES ('kzl3lb0h9uh7gen2jejsmm1pxtmdibjk31bk2bkm4seyox598z', 't8mopq2qdgy3rtcqzgihb7zk6cbm1pew60ab4a5x3vet03svo6', 1);
INSERT INTO "playlist_songs" ("song_id", "playlist_id", "order") VALUES ('oxxipvicyj7iryve4ufv8iqmycv6wvs6twpc6rb33hoyqv9agx', 't8mopq2qdgy3rtcqzgihb7zk6cbm1pew60ab4a5x3vet03svo6', 5);
INSERT INTO "playlist_songs" ("song_id", "playlist_id", "order") VALUES ('j3u2bu12u7kt5yhf5cq15xb78pytwxf4m1yh03oyssym60xchx', 't8mopq2qdgy3rtcqzgihb7zk6cbm1pew60ab4a5x3vet03svo6', 8);
INSERT INTO "playlist_songs" ("song_id", "playlist_id", "order") VALUES ('vy6ez97bi1lr098ca4x3s5lvbbm2tzwg39mn2xqnkajgygs9mf', 't8mopq2qdgy3rtcqzgihb7zk6cbm1pew60ab4a5x3vet03svo6', 2);
INSERT INTO "playlist_songs" ("song_id", "playlist_id", "order") VALUES ('cwajxa28awbkkwv5ha7u5h62jsy083jew6bcx2dikn7k328sr4', 't8mopq2qdgy3rtcqzgihb7zk6cbm1pew60ab4a5x3vet03svo6', 9);
INSERT INTO "playlist_songs" ("song_id", "playlist_id", "order") VALUES ('nzp0ucrd8yi8mrt41xyv9elpbikemqz1yuzprdvfyylr6h9ony', 't8mopq2qdgy3rtcqzgihb7zk6cbm1pew60ab4a5x3vet03svo6', 7);
INSERT INTO "playlist_songs" ("song_id", "playlist_id", "order") VALUES ('44wyxxr9in1fj9u5n05ewqm3mz2yxshlc5i2oqx3z8krvvxhqh', 't8mopq2qdgy3rtcqzgihb7zk6cbm1pew60ab4a5x3vet03svo6', 3);
INSERT INTO "playlist_songs" ("song_id", "playlist_id", "order") VALUES ('qxfmuumvoamvhd3fvpra0fogjk17xj23aes2zi062b32h8wojh', 't8mopq2qdgy3rtcqzgihb7zk6cbm1pew60ab4a5x3vet03svo6', 4);
INSERT INTO "playlist" ("id", "name", "created_at", "user_id") VALUES ('bc5d99tejrejion4g40gorkurydkwtfnmcguzgb4loq0qovwww', 'Playlist 0', '2023-11-17 17:00:08.000','aeayzzdcsr3z8np');
INSERT INTO "playlist_songs" ("song_id", "playlist_id", "order") VALUES ('aiw7ls76sw2qxu461269b36ydovikmywdou62ml6f9fftqwzcw', 'bc5d99tejrejion4g40gorkurydkwtfnmcguzgb4loq0qovwww', 0);
INSERT INTO "playlist_songs" ("song_id", "playlist_id", "order") VALUES ('8zuftrc5jc6ak40kf6fp8xnr8qqtpkz98l1x8va9qaatxi1crh', 'bc5d99tejrejion4g40gorkurydkwtfnmcguzgb4loq0qovwww', 1);
INSERT INTO "playlist_songs" ("song_id", "playlist_id", "order") VALUES ('yhh8nl09p801xgrvo3ksal20cj5wznugd24kkwg1z9raykpxzz', 'bc5d99tejrejion4g40gorkurydkwtfnmcguzgb4loq0qovwww', 2);
INSERT INTO "playlist_songs" ("song_id", "playlist_id", "order") VALUES ('4cfvsxdjfvg7birovp544uwk7i0tgx7a7ogr0j8kwhqd4odlcr', 'bc5d99tejrejion4g40gorkurydkwtfnmcguzgb4loq0qovwww', 3);
INSERT INTO "playlist_songs" ("song_id", "playlist_id", "order") VALUES ('7jss8ilxg4r9lemzzqq56pyex52xywf14sjqoagz78wizfvltu', 'bc5d99tejrejion4g40gorkurydkwtfnmcguzgb4loq0qovwww', 5);
INSERT INTO "playlist_songs" ("song_id", "playlist_id", "order") VALUES ('e9a00ilsrdzrnaqc1q7q9t1fcskti9sbsfc4wv0bgbi20p3jgs', 'bc5d99tejrejion4g40gorkurydkwtfnmcguzgb4loq0qovwww', 4);
INSERT INTO "playlist_songs" ("song_id", "playlist_id", "order") VALUES ('z7heug7vmry24r3k57hhdu1z11pktvju5z906xfo2yb684l119', 'bc5d99tejrejion4g40gorkurydkwtfnmcguzgb4loq0qovwww', 8);
INSERT INTO "playlist_songs" ("song_id", "playlist_id", "order") VALUES ('vy6ez97bi1lr098ca4x3s5lvbbm2tzwg39mn2xqnkajgygs9mf', 'bc5d99tejrejion4g40gorkurydkwtfnmcguzgb4loq0qovwww', 9);
INSERT INTO "playlist_songs" ("song_id", "playlist_id", "order") VALUES ('gfu5jczvdkunftb50n3ieo775jos7a7e757bpu3n6u5s8hwp14', 'bc5d99tejrejion4g40gorkurydkwtfnmcguzgb4loq0qovwww', 6);
INSERT INTO "playlist_songs" ("song_id", "playlist_id", "order") VALUES ('o157laauq98fsuuk13wkiclsdgrgp4n0go015az3uy65cgq32p', 'bc5d99tejrejion4g40gorkurydkwtfnmcguzgb4loq0qovwww', 7);
INSERT INTO "playlist" ("id", "name", "created_at", "user_id") VALUES ('qva5bx7wjr90eqn3jmuaikusyofd1842e6an0m99fxsgcufd0c', 'Playlist 1', '2023-11-17 17:00:08.000','aeayzzdcsr3z8np');
INSERT INTO "playlist_songs" ("song_id", "playlist_id", "order") VALUES ('my0ys52gtie1bij6bnxzt6iu8dr1u1g0tmg02ce760qb0pkeg2', 'qva5bx7wjr90eqn3jmuaikusyofd1842e6an0m99fxsgcufd0c', 0);
INSERT INTO "playlist_songs" ("song_id", "playlist_id", "order") VALUES ('1pf93vjriss1i3gozrnfh1ijph67udgux46g2gc94kxioxpkhg', 'qva5bx7wjr90eqn3jmuaikusyofd1842e6an0m99fxsgcufd0c', 3);
INSERT INTO "playlist_songs" ("song_id", "playlist_id", "order") VALUES ('ahp9ocvly9q93x1kwgix3cakbatie03pis8k4suuaonuzl571j', 'qva5bx7wjr90eqn3jmuaikusyofd1842e6an0m99fxsgcufd0c', 9);
INSERT INTO "playlist_songs" ("song_id", "playlist_id", "order") VALUES ('p9ilfw9g8j5mh1tp0n6zz2z9hhxeit8sel1al2eobczvuntu4y', 'qva5bx7wjr90eqn3jmuaikusyofd1842e6an0m99fxsgcufd0c', 4);
INSERT INTO "playlist_songs" ("song_id", "playlist_id", "order") VALUES ('c3lzwy0lffhr9yrhghrm0pidxgtopptqx171s9zogc4iur18au', 'qva5bx7wjr90eqn3jmuaikusyofd1842e6an0m99fxsgcufd0c', 8);
INSERT INTO "playlist_songs" ("song_id", "playlist_id", "order") VALUES ('2l9vrdf0if4vgvizbhs09mo2b8vgw9tfjg8ufjyre7n8soo5dp', 'qva5bx7wjr90eqn3jmuaikusyofd1842e6an0m99fxsgcufd0c', 7);
INSERT INTO "playlist_songs" ("song_id", "playlist_id", "order") VALUES ('7jss8ilxg4r9lemzzqq56pyex52xywf14sjqoagz78wizfvltu', 'qva5bx7wjr90eqn3jmuaikusyofd1842e6an0m99fxsgcufd0c', 1);
INSERT INTO "playlist_songs" ("song_id", "playlist_id", "order") VALUES ('gpik5z6a3q3m1b1l7kzg2ye7lzcesvc5y1woprb9d0tezdcqpz', 'qva5bx7wjr90eqn3jmuaikusyofd1842e6an0m99fxsgcufd0c', 6);
INSERT INTO "playlist_songs" ("song_id", "playlist_id", "order") VALUES ('8koz8dr66ldafs476c1g7gg5f0aax3lvyjo8wedjfkv9wrilse', 'qva5bx7wjr90eqn3jmuaikusyofd1842e6an0m99fxsgcufd0c', 5);
INSERT INTO "playlist_songs" ("song_id", "playlist_id", "order") VALUES ('9s1r0y5haoc38x0feo3nf92l13k6g2kh2qxccq2d2jx3erxrk2', 'qva5bx7wjr90eqn3jmuaikusyofd1842e6an0m99fxsgcufd0c', 2);
INSERT INTO "playlist" ("id", "name", "created_at", "user_id") VALUES ('n23tcuujonh0j7zt901w91lhgyjxthstz7iocbrf8vya36bl9n', 'Playlist 0', '2023-11-17 17:00:08.000','vlqxtgrgwwiu3lj');
INSERT INTO "playlist_songs" ("song_id", "playlist_id", "order") VALUES ('t5p1bdqwrtpp7eo0pwjyuuzd77ql6bamo9t1h7zm7ujou2h3xw', 'n23tcuujonh0j7zt901w91lhgyjxthstz7iocbrf8vya36bl9n', 0);
INSERT INTO "playlist_songs" ("song_id", "playlist_id", "order") VALUES ('7xo91ulb27qmdoc7n2nt2l32qzqcvtmd4qs6aojebmpfv2v5y0', 'n23tcuujonh0j7zt901w91lhgyjxthstz7iocbrf8vya36bl9n', 9);
INSERT INTO "playlist_songs" ("song_id", "playlist_id", "order") VALUES ('sovilkvnxud7f5cmhrzk3nqs8z9zee8q2t0pybrsm9boten17e', 'n23tcuujonh0j7zt901w91lhgyjxthstz7iocbrf8vya36bl9n', 5);
INSERT INTO "playlist_songs" ("song_id", "playlist_id", "order") VALUES ('ye713mjerovsukabuw8ipv3erkec5ul545hafjjo6kp02ucua4', 'n23tcuujonh0j7zt901w91lhgyjxthstz7iocbrf8vya36bl9n', 8);
INSERT INTO "playlist_songs" ("song_id", "playlist_id", "order") VALUES ('0x59xvndyimq3dddk9lsipl8p0vg81jy4qbt6zq4uslbj7huwg', 'n23tcuujonh0j7zt901w91lhgyjxthstz7iocbrf8vya36bl9n', 2);
INSERT INTO "playlist_songs" ("song_id", "playlist_id", "order") VALUES ('ny518qjfytd6ufjm7gki8nouhb2zu9dh1ptcvt8poz83vr3rb9', 'n23tcuujonh0j7zt901w91lhgyjxthstz7iocbrf8vya36bl9n', 1);
INSERT INTO "playlist_songs" ("song_id", "playlist_id", "order") VALUES ('kj73wd2hneebyq7dflwy1dba3ivybgszjuat3kfz5vkgku342k', 'n23tcuujonh0j7zt901w91lhgyjxthstz7iocbrf8vya36bl9n', 6);
INSERT INTO "playlist_songs" ("song_id", "playlist_id", "order") VALUES ('33xfyqt1rogz8970va0ppu34ejieuhpnlbiru5z0wcvrkr6g47', 'n23tcuujonh0j7zt901w91lhgyjxthstz7iocbrf8vya36bl9n', 7);
INSERT INTO "playlist_songs" ("song_id", "playlist_id", "order") VALUES ('moq4ix0f6ir2vnq52ocaq599ygfyjmjzdvf30hte7bihq4syfc', 'n23tcuujonh0j7zt901w91lhgyjxthstz7iocbrf8vya36bl9n', 3);
INSERT INTO "playlist_songs" ("song_id", "playlist_id", "order") VALUES ('gja5y61axnpavai96r06k832b1h3zdhvlbvgxsp8w4w5ygkhtp', 'n23tcuujonh0j7zt901w91lhgyjxthstz7iocbrf8vya36bl9n', 4);
INSERT INTO "playlist" ("id", "name", "created_at", "user_id") VALUES ('ma0ztum9rcf76t8dwthgowhc9q2pbxmn399zwdn7dqtk3s10l3', 'Playlist 1', '2023-11-17 17:00:08.000','vlqxtgrgwwiu3lj');
INSERT INTO "playlist_songs" ("song_id", "playlist_id", "order") VALUES ('uxtvwup0wxgq3w741fwq3dj8rhhrw8fu1pzidc8lg8p7mlskve', 'ma0ztum9rcf76t8dwthgowhc9q2pbxmn399zwdn7dqtk3s10l3', 0);
INSERT INTO "playlist_songs" ("song_id", "playlist_id", "order") VALUES ('m3wezlwozuogq9i6sub1ex1oe6ka1r7ppmrfw3sre4jd2k7ff7', 'ma0ztum9rcf76t8dwthgowhc9q2pbxmn399zwdn7dqtk3s10l3', 5);
INSERT INTO "playlist_songs" ("song_id", "playlist_id", "order") VALUES ('z0l4bfmq9asth043lgahrva4jwjknnzrunzpewcupnho13mylm', 'ma0ztum9rcf76t8dwthgowhc9q2pbxmn399zwdn7dqtk3s10l3', 7);
INSERT INTO "playlist_songs" ("song_id", "playlist_id", "order") VALUES ('vjywdn3sj7n0a9fsjar8qi2marravz67es3nc06ekvdzxjifyq', 'ma0ztum9rcf76t8dwthgowhc9q2pbxmn399zwdn7dqtk3s10l3', 9);
INSERT INTO "playlist_songs" ("song_id", "playlist_id", "order") VALUES ('02zgcfmpbip4c6tr36lwat05mh3cv6x074800inlb52p6x17jp', 'ma0ztum9rcf76t8dwthgowhc9q2pbxmn399zwdn7dqtk3s10l3', 6);
INSERT INTO "playlist_songs" ("song_id", "playlist_id", "order") VALUES ('0jsbanye2jaqytvwayrtqo02bxfc8j2cw2y75ttir6pbz0n0wd', 'ma0ztum9rcf76t8dwthgowhc9q2pbxmn399zwdn7dqtk3s10l3', 2);
INSERT INTO "playlist_songs" ("song_id", "playlist_id", "order") VALUES ('2crhnrypoi0jqna6lz0un30oq0qqrl1cvr1sezzrd6863qx08u', 'ma0ztum9rcf76t8dwthgowhc9q2pbxmn399zwdn7dqtk3s10l3', 8);
INSERT INTO "playlist_songs" ("song_id", "playlist_id", "order") VALUES ('65nhz9sujwyk8vpygacagqobodjpbud0aehaek0gnobty78aud', 'ma0ztum9rcf76t8dwthgowhc9q2pbxmn399zwdn7dqtk3s10l3', 1);
INSERT INTO "playlist_songs" ("song_id", "playlist_id", "order") VALUES ('1ph5nykbaewhttzojtpxvilkzcru34x3ncohpursy950u4tt1y', 'ma0ztum9rcf76t8dwthgowhc9q2pbxmn399zwdn7dqtk3s10l3', 3);
INSERT INTO "playlist_songs" ("song_id", "playlist_id", "order") VALUES ('owzex26u8ary2s5mkjux3gvdsv0ny9z5x7atrxna8jqw1lmsts', 'ma0ztum9rcf76t8dwthgowhc9q2pbxmn399zwdn7dqtk3s10l3', 4);
INSERT INTO "playlist" ("id", "name", "created_at", "user_id") VALUES ('6p24fiwi1h7kqxeqwhoo4tvdvlu5bsyeo9gqnov9jgkoubzrsa', 'Playlist 0', '2023-11-17 17:00:08.000','45p9mm3xyx6hp2h');
INSERT INTO "playlist_songs" ("song_id", "playlist_id", "order") VALUES ('t5p1bdqwrtpp7eo0pwjyuuzd77ql6bamo9t1h7zm7ujou2h3xw', '6p24fiwi1h7kqxeqwhoo4tvdvlu5bsyeo9gqnov9jgkoubzrsa', 0);
INSERT INTO "playlist_songs" ("song_id", "playlist_id", "order") VALUES ('tteq8j2c3b00hlqs02sz0t4ntnjx6pfrk20s15nsxcohsitckx', '6p24fiwi1h7kqxeqwhoo4tvdvlu5bsyeo9gqnov9jgkoubzrsa', 5);
INSERT INTO "playlist_songs" ("song_id", "playlist_id", "order") VALUES ('fuhyv0le8hox4wwzci6afv4kem5m3nh2btkbfrslnboqzc4m7z', '6p24fiwi1h7kqxeqwhoo4tvdvlu5bsyeo9gqnov9jgkoubzrsa', 1);
INSERT INTO "playlist_songs" ("song_id", "playlist_id", "order") VALUES ('1xdyv2j5g6054jz5w3jdc3ycutdnu4tf3cpksyoyoi2wgogxp1', '6p24fiwi1h7kqxeqwhoo4tvdvlu5bsyeo9gqnov9jgkoubzrsa', 3);
INSERT INTO "playlist_songs" ("song_id", "playlist_id", "order") VALUES ('k5nzca33yul944q4h0l0n2517i0ig8bmlu9a94jctzuzckt8ry', '6p24fiwi1h7kqxeqwhoo4tvdvlu5bsyeo9gqnov9jgkoubzrsa', 4);
INSERT INTO "playlist_songs" ("song_id", "playlist_id", "order") VALUES ('aiw7ls76sw2qxu461269b36ydovikmywdou62ml6f9fftqwzcw', '6p24fiwi1h7kqxeqwhoo4tvdvlu5bsyeo9gqnov9jgkoubzrsa', 2);
INSERT INTO "playlist_songs" ("song_id", "playlist_id", "order") VALUES ('rhagt0m3kpmochx0kbgs6o3j6v8p1qhc0a5ng3cw8cfab0x15l', '6p24fiwi1h7kqxeqwhoo4tvdvlu5bsyeo9gqnov9jgkoubzrsa', 7);
INSERT INTO "playlist_songs" ("song_id", "playlist_id", "order") VALUES ('tdsmpyjgyce0r0p0cpwn4ugyab082gdwlpfmytig42apxdslya', '6p24fiwi1h7kqxeqwhoo4tvdvlu5bsyeo9gqnov9jgkoubzrsa', 9);
INSERT INTO "playlist_songs" ("song_id", "playlist_id", "order") VALUES ('1c5e2ggicjjrgfa4bje2e773xjbx9e7hdi8l3vjx0jenhfsh37', '6p24fiwi1h7kqxeqwhoo4tvdvlu5bsyeo9gqnov9jgkoubzrsa', 8);
INSERT INTO "playlist_songs" ("song_id", "playlist_id", "order") VALUES ('f260r64mmp8x5yz6yszruz63jky8gqbs8rf11wv8lzi5cljjr6', '6p24fiwi1h7kqxeqwhoo4tvdvlu5bsyeo9gqnov9jgkoubzrsa', 6);
INSERT INTO "playlist" ("id", "name", "created_at", "user_id") VALUES ('jgqr8wig373qrpen54wt39kiri8qmbdey9crp7wwmstoai4w86', 'Playlist 1', '2023-11-17 17:00:08.000','45p9mm3xyx6hp2h');
INSERT INTO "playlist_songs" ("song_id", "playlist_id", "order") VALUES ('pshcufoapzlt4fua6s4wzclmkke5jblax3xxseeyh1mnbyunug', 'jgqr8wig373qrpen54wt39kiri8qmbdey9crp7wwmstoai4w86', 5);
INSERT INTO "playlist_songs" ("song_id", "playlist_id", "order") VALUES ('beanji0m6rxpw8vubu61oyr0si4fuu6gr1lixt0fxytax6mlw2', 'jgqr8wig373qrpen54wt39kiri8qmbdey9crp7wwmstoai4w86', 2);
INSERT INTO "playlist_songs" ("song_id", "playlist_id", "order") VALUES ('oxxipvicyj7iryve4ufv8iqmycv6wvs6twpc6rb33hoyqv9agx', 'jgqr8wig373qrpen54wt39kiri8qmbdey9crp7wwmstoai4w86', 9);
INSERT INTO "playlist_songs" ("song_id", "playlist_id", "order") VALUES ('2u0uw6r62iejqbnlu01v5cgl8qbqa9pweqo35mvjt7aekj5slc', 'jgqr8wig373qrpen54wt39kiri8qmbdey9crp7wwmstoai4w86', 3);
INSERT INTO "playlist_songs" ("song_id", "playlist_id", "order") VALUES ('9pc3y9xg8lc53gj3ckjs3rnpu3rnrcfxsmc4y0flszrr2in0vi', 'jgqr8wig373qrpen54wt39kiri8qmbdey9crp7wwmstoai4w86', 6);
INSERT INTO "playlist_songs" ("song_id", "playlist_id", "order") VALUES ('2nzugfcttpci0etdprux153ipzgsfhsdkcel9kepgf96jsc9iw', 'jgqr8wig373qrpen54wt39kiri8qmbdey9crp7wwmstoai4w86', 1);
INSERT INTO "playlist_songs" ("song_id", "playlist_id", "order") VALUES ('n8qr7hs3km9m49bfcujyueh9zhbn6bgfcx0ofqn1cvfmmfiij9', 'jgqr8wig373qrpen54wt39kiri8qmbdey9crp7wwmstoai4w86', 7);
INSERT INTO "playlist_songs" ("song_id", "playlist_id", "order") VALUES ('p7ek5axyz120vxuv7prjeen2xc8oza71sz37yqiv6xa9edzzdy', 'jgqr8wig373qrpen54wt39kiri8qmbdey9crp7wwmstoai4w86', 8);
INSERT INTO "playlist_songs" ("song_id", "playlist_id", "order") VALUES ('zmadm6h8yh8u6xbnxdhsbksmfgkn272nlawwjhvba1org6bcvc', 'jgqr8wig373qrpen54wt39kiri8qmbdey9crp7wwmstoai4w86', 4);
INSERT INTO "playlist_songs" ("song_id", "playlist_id", "order") VALUES ('by2g4vi12191csxyd6w25qjhbdk5ncvu3wdh1yswloc5doltzk', 'jgqr8wig373qrpen54wt39kiri8qmbdey9crp7wwmstoai4w86', 0);
INSERT INTO "playlist" ("id", "name", "created_at", "user_id") VALUES ('mlkzs7tcr5mi9oy0dg8o367pnofqa3229kvddnzp3jus5nkhfw', 'Playlist 0', '2023-11-17 17:00:08.000','itterl5zs2amzb8');
INSERT INTO "playlist_songs" ("song_id", "playlist_id", "order") VALUES ('hgrqy865b7viwsj88zyc1h5n3qaflyxsck61wfptaevt523c7e', 'mlkzs7tcr5mi9oy0dg8o367pnofqa3229kvddnzp3jus5nkhfw', 2);
INSERT INTO "playlist_songs" ("song_id", "playlist_id", "order") VALUES ('7j5wz8lftyj9e8h82c3eu8pob68tjpgboogm7b8yqx8m3cbyfm', 'mlkzs7tcr5mi9oy0dg8o367pnofqa3229kvddnzp3jus5nkhfw', 5);
INSERT INTO "playlist_songs" ("song_id", "playlist_id", "order") VALUES ('ny518qjfytd6ufjm7gki8nouhb2zu9dh1ptcvt8poz83vr3rb9', 'mlkzs7tcr5mi9oy0dg8o367pnofqa3229kvddnzp3jus5nkhfw', 8);
INSERT INTO "playlist_songs" ("song_id", "playlist_id", "order") VALUES ('beanji0m6rxpw8vubu61oyr0si4fuu6gr1lixt0fxytax6mlw2', 'mlkzs7tcr5mi9oy0dg8o367pnofqa3229kvddnzp3jus5nkhfw', 6);
INSERT INTO "playlist_songs" ("song_id", "playlist_id", "order") VALUES ('tmn9hdiokn5ctbc57e7fn6omw6vf07a8akedq1btnzv79ojmm1', 'mlkzs7tcr5mi9oy0dg8o367pnofqa3229kvddnzp3jus5nkhfw', 3);
INSERT INTO "playlist_songs" ("song_id", "playlist_id", "order") VALUES ('vxg2lq20jmjxgwl1feiv63hzx4qhv1yxavnzx0k6i1d7qmmqac', 'mlkzs7tcr5mi9oy0dg8o367pnofqa3229kvddnzp3jus5nkhfw', 7);
INSERT INTO "playlist_songs" ("song_id", "playlist_id", "order") VALUES ('7ls77h7uceu5832jipou6ogjxi557xrd79nl784adxk760cmwu', 'mlkzs7tcr5mi9oy0dg8o367pnofqa3229kvddnzp3jus5nkhfw', 4);
INSERT INTO "playlist_songs" ("song_id", "playlist_id", "order") VALUES ('doo3pzapd9c35xpfhxh1rpsx667ti74eumwlpt5lr5p654vit0', 'mlkzs7tcr5mi9oy0dg8o367pnofqa3229kvddnzp3jus5nkhfw', 0);
INSERT INTO "playlist_songs" ("song_id", "playlist_id", "order") VALUES ('cvv51xssmj6zg15nxetkux2z24iusuzfen369a95g0l6n7trx7', 'mlkzs7tcr5mi9oy0dg8o367pnofqa3229kvddnzp3jus5nkhfw', 1);
INSERT INTO "playlist_songs" ("song_id", "playlist_id", "order") VALUES ('e7thp358q1ov03lhs3xp7rzu5ehx662tyra3a6oxpbd8botrar', 'mlkzs7tcr5mi9oy0dg8o367pnofqa3229kvddnzp3jus5nkhfw', 9);
INSERT INTO "playlist" ("id", "name", "created_at", "user_id") VALUES ('1zdm7ugd8nkstv8eda94rl6y90y1dvpg6n70kjm7zh6ihlkmb2', 'Playlist 1', '2023-11-17 17:00:08.000','itterl5zs2amzb8');
INSERT INTO "playlist_songs" ("song_id", "playlist_id", "order") VALUES ('z4m3f9onl0w1efd6ywv02vb1x2esh0co7iykalepnw3z93i1z6', '1zdm7ugd8nkstv8eda94rl6y90y1dvpg6n70kjm7zh6ihlkmb2', 0);
INSERT INTO "playlist_songs" ("song_id", "playlist_id", "order") VALUES ('q7walm29a9esfqm8xg8exw8iupvh52gttwgyf15fjgj0n9hjky', '1zdm7ugd8nkstv8eda94rl6y90y1dvpg6n70kjm7zh6ihlkmb2', 5);
INSERT INTO "playlist_songs" ("song_id", "playlist_id", "order") VALUES ('491fg7169c69goyum6c43q6ybmrtoe2ar9vs9jegit7p4nmd31', '1zdm7ugd8nkstv8eda94rl6y90y1dvpg6n70kjm7zh6ihlkmb2', 2);
INSERT INTO "playlist_songs" ("song_id", "playlist_id", "order") VALUES ('7j5wz8lftyj9e8h82c3eu8pob68tjpgboogm7b8yqx8m3cbyfm', '1zdm7ugd8nkstv8eda94rl6y90y1dvpg6n70kjm7zh6ihlkmb2', 9);
INSERT INTO "playlist_songs" ("song_id", "playlist_id", "order") VALUES ('06141hl2hu8afayerhgkvjk37vmefzg1jk220zmghrrbba7fqa', '1zdm7ugd8nkstv8eda94rl6y90y1dvpg6n70kjm7zh6ihlkmb2', 8);
INSERT INTO "playlist_songs" ("song_id", "playlist_id", "order") VALUES ('j0tfq5lbeykifimgv7sksytwql3mzgtrgu4w1q9qlgh8yfec4g', '1zdm7ugd8nkstv8eda94rl6y90y1dvpg6n70kjm7zh6ihlkmb2', 7);
INSERT INTO "playlist_songs" ("song_id", "playlist_id", "order") VALUES ('1pf93vjriss1i3gozrnfh1ijph67udgux46g2gc94kxioxpkhg', '1zdm7ugd8nkstv8eda94rl6y90y1dvpg6n70kjm7zh6ihlkmb2', 4);
INSERT INTO "playlist_songs" ("song_id", "playlist_id", "order") VALUES ('02fbmvabcikagbb0uqte3cod3dxen73fd93jo5il9xkifw1x87', '1zdm7ugd8nkstv8eda94rl6y90y1dvpg6n70kjm7zh6ihlkmb2', 3);
INSERT INTO "playlist_songs" ("song_id", "playlist_id", "order") VALUES ('1t6epaatqnpu14p67z1l0wdb5dv71mymi9z9kk52dc1qyxl6ay', '1zdm7ugd8nkstv8eda94rl6y90y1dvpg6n70kjm7zh6ihlkmb2', 6);
INSERT INTO "playlist_songs" ("song_id", "playlist_id", "order") VALUES ('8koz8dr66ldafs476c1g7gg5f0aax3lvyjo8wedjfkv9wrilse', '1zdm7ugd8nkstv8eda94rl6y90y1dvpg6n70kjm7zh6ihlkmb2', 1);
INSERT INTO "playlist" ("id", "name", "created_at", "user_id") VALUES ('zou4yqoxgbeqosjpgq7zumr4sh26hh861j60w3oqun5a4rj5q0', 'Playlist 0', '2023-11-17 17:00:08.000','sv1aoe191pgq7qb');
INSERT INTO "playlist_songs" ("song_id", "playlist_id", "order") VALUES ('77qcrq1gr6l86mfhx9uxaa28b72cbirsa0w2mhn349c7dbgkyy', 'zou4yqoxgbeqosjpgq7zumr4sh26hh861j60w3oqun5a4rj5q0', 0);
INSERT INTO "playlist_songs" ("song_id", "playlist_id", "order") VALUES ('wce32o6vvl29dzlhjnqt32kvzt7ln3qn8e6gbxofwrplmpxm8h', 'zou4yqoxgbeqosjpgq7zumr4sh26hh861j60w3oqun5a4rj5q0', 9);
INSERT INTO "playlist_songs" ("song_id", "playlist_id", "order") VALUES ('9z7vqnclxg6yluf55r3v8piegwg8tpzpfiktiiwtsu6ab6ub53', 'zou4yqoxgbeqosjpgq7zumr4sh26hh861j60w3oqun5a4rj5q0', 6);
INSERT INTO "playlist_songs" ("song_id", "playlist_id", "order") VALUES ('ojsilu0e86il19xkdexw79cmczhhcl300vr3vdjhr23ww6oy6q', 'zou4yqoxgbeqosjpgq7zumr4sh26hh861j60w3oqun5a4rj5q0', 7);
INSERT INTO "playlist_songs" ("song_id", "playlist_id", "order") VALUES ('vg8fcsmnvdp4uc3geonywmol2j59u0ridcfz7i9x8abnjawxdh', 'zou4yqoxgbeqosjpgq7zumr4sh26hh861j60w3oqun5a4rj5q0', 5);
INSERT INTO "playlist_songs" ("song_id", "playlist_id", "order") VALUES ('h1zwfnbsp25ui9c6up8xze8k0qeon54bzi2654supsnx7lhmxe', 'zou4yqoxgbeqosjpgq7zumr4sh26hh861j60w3oqun5a4rj5q0', 4);
INSERT INTO "playlist_songs" ("song_id", "playlist_id", "order") VALUES ('qu77g8sg72jlftl86px5s2hj9eganz4kypkhdanot3d0ql56mv', 'zou4yqoxgbeqosjpgq7zumr4sh26hh861j60w3oqun5a4rj5q0', 3);
INSERT INTO "playlist_songs" ("song_id", "playlist_id", "order") VALUES ('ht51igwj7lnqujrnm7z2a0enxcx28ns9q6rvdx72d76gxym92s', 'zou4yqoxgbeqosjpgq7zumr4sh26hh861j60w3oqun5a4rj5q0', 1);
INSERT INTO "playlist_songs" ("song_id", "playlist_id", "order") VALUES ('d5k7fuxye48mi9gsk15qlrwdx09o2buntaxqjzgvew5glxl74r', 'zou4yqoxgbeqosjpgq7zumr4sh26hh861j60w3oqun5a4rj5q0', 2);
INSERT INTO "playlist_songs" ("song_id", "playlist_id", "order") VALUES ('q7walm29a9esfqm8xg8exw8iupvh52gttwgyf15fjgj0n9hjky', 'zou4yqoxgbeqosjpgq7zumr4sh26hh861j60w3oqun5a4rj5q0', 8);
INSERT INTO "playlist" ("id", "name", "created_at", "user_id") VALUES ('5vao0ea37m1fa16l5fs5sqp26byhqggigwuu5orx4e5ys1vqo0', 'Playlist 1', '2023-11-17 17:00:08.000','sv1aoe191pgq7qb');
INSERT INTO "playlist_songs" ("song_id", "playlist_id", "order") VALUES ('nzp0ucrd8yi8mrt41xyv9elpbikemqz1yuzprdvfyylr6h9ony', '5vao0ea37m1fa16l5fs5sqp26byhqggigwuu5orx4e5ys1vqo0', 5);
INSERT INTO "playlist_songs" ("song_id", "playlist_id", "order") VALUES ('i79ddcue2c2y5n8ymymvsbakqvrzzzsncrgtnz1n771pwtcccu', '5vao0ea37m1fa16l5fs5sqp26byhqggigwuu5orx4e5ys1vqo0', 0);
INSERT INTO "playlist_songs" ("song_id", "playlist_id", "order") VALUES ('ye713mjerovsukabuw8ipv3erkec5ul545hafjjo6kp02ucua4', '5vao0ea37m1fa16l5fs5sqp26byhqggigwuu5orx4e5ys1vqo0', 9);
INSERT INTO "playlist_songs" ("song_id", "playlist_id", "order") VALUES ('vgmx4562lpjye6a9vd4q33nmyaxh3tfu73hxnrm9gn18860xw6', '5vao0ea37m1fa16l5fs5sqp26byhqggigwuu5orx4e5ys1vqo0', 1);
INSERT INTO "playlist_songs" ("song_id", "playlist_id", "order") VALUES ('ffm51iomgieti8mxckj7vw76wxdzej3dxviszdc63k43fhvf54', '5vao0ea37m1fa16l5fs5sqp26byhqggigwuu5orx4e5ys1vqo0', 8);
INSERT INTO "playlist_songs" ("song_id", "playlist_id", "order") VALUES ('e9a00ilsrdzrnaqc1q7q9t1fcskti9sbsfc4wv0bgbi20p3jgs', '5vao0ea37m1fa16l5fs5sqp26byhqggigwuu5orx4e5ys1vqo0', 4);
INSERT INTO "playlist_songs" ("song_id", "playlist_id", "order") VALUES ('v17n507uac3c6m8a4w9jqsi70hzddwwctgxegmaweq5pbzny2v', '5vao0ea37m1fa16l5fs5sqp26byhqggigwuu5orx4e5ys1vqo0', 2);
INSERT INTO "playlist_songs" ("song_id", "playlist_id", "order") VALUES ('ktictbwtdfaztzfkbofvecdz49wggfl0sg4ds21v4pds0afhhr', '5vao0ea37m1fa16l5fs5sqp26byhqggigwuu5orx4e5ys1vqo0', 6);
INSERT INTO "playlist_songs" ("song_id", "playlist_id", "order") VALUES ('f260r64mmp8x5yz6yszruz63jky8gqbs8rf11wv8lzi5cljjr6', '5vao0ea37m1fa16l5fs5sqp26byhqggigwuu5orx4e5ys1vqo0', 7);
INSERT INTO "playlist_songs" ("song_id", "playlist_id", "order") VALUES ('topk7datjytarwnl6pgxg6u3hab0qzlx78l9wnubo2x0lhwfj8', '5vao0ea37m1fa16l5fs5sqp26byhqggigwuu5orx4e5ys1vqo0', 3);
INSERT INTO "playlist" ("id", "name", "created_at", "user_id") VALUES ('c2ggapmq7x6t2urfv9ohbd4aiiwp6aukd739nd8v5o4i5j1jwh', 'Playlist 0', '2023-11-17 17:00:08.000','icqlt67n2fd7p34');
INSERT INTO "playlist_songs" ("song_id", "playlist_id", "order") VALUES ('vexjg6i0tujmnff33onqx17yc6o4em6i3exugs7z39gxr44e3k', 'c2ggapmq7x6t2urfv9ohbd4aiiwp6aukd739nd8v5o4i5j1jwh', 0);
INSERT INTO "playlist_songs" ("song_id", "playlist_id", "order") VALUES ('7jss8ilxg4r9lemzzqq56pyex52xywf14sjqoagz78wizfvltu', 'c2ggapmq7x6t2urfv9ohbd4aiiwp6aukd739nd8v5o4i5j1jwh', 1);
INSERT INTO "playlist_songs" ("song_id", "playlist_id", "order") VALUES ('36wmbi23vaow81cjg565h2strh0zluuq9xu49savz36jaybfxp', 'c2ggapmq7x6t2urfv9ohbd4aiiwp6aukd739nd8v5o4i5j1jwh', 6);
INSERT INTO "playlist_songs" ("song_id", "playlist_id", "order") VALUES ('bdad3ljei4exvfkho4u85sjaena07o0alsps003dojauv2o64y', 'c2ggapmq7x6t2urfv9ohbd4aiiwp6aukd739nd8v5o4i5j1jwh', 2);
INSERT INTO "playlist_songs" ("song_id", "playlist_id", "order") VALUES ('3l06q0nwd7ycbv0vpsle571bkg2ljkl6zvakf7u99rq72bz04w', 'c2ggapmq7x6t2urfv9ohbd4aiiwp6aukd739nd8v5o4i5j1jwh', 7);
INSERT INTO "playlist_songs" ("song_id", "playlist_id", "order") VALUES ('ldegz9otfypfx0bp9jbzfmo1q6jjo4m33dzrqxj04xr7gowmzu', 'c2ggapmq7x6t2urfv9ohbd4aiiwp6aukd739nd8v5o4i5j1jwh', 9);
INSERT INTO "playlist_songs" ("song_id", "playlist_id", "order") VALUES ('3m0qin3gdcbkqho8dw2dvnnn47cbe5rfbfz6y5le6nu1k5g4nt', 'c2ggapmq7x6t2urfv9ohbd4aiiwp6aukd739nd8v5o4i5j1jwh', 8);
INSERT INTO "playlist_songs" ("song_id", "playlist_id", "order") VALUES ('topk7datjytarwnl6pgxg6u3hab0qzlx78l9wnubo2x0lhwfj8', 'c2ggapmq7x6t2urfv9ohbd4aiiwp6aukd739nd8v5o4i5j1jwh', 5);
INSERT INTO "playlist_songs" ("song_id", "playlist_id", "order") VALUES ('4cfvsxdjfvg7birovp544uwk7i0tgx7a7ogr0j8kwhqd4odlcr', 'c2ggapmq7x6t2urfv9ohbd4aiiwp6aukd739nd8v5o4i5j1jwh', 4);
INSERT INTO "playlist_songs" ("song_id", "playlist_id", "order") VALUES ('t0f24m3noercyiv49no6ivbdfand8t9s5ikjaihrgtam8zu7nd', 'c2ggapmq7x6t2urfv9ohbd4aiiwp6aukd739nd8v5o4i5j1jwh', 3);
INSERT INTO "playlist" ("id", "name", "created_at", "user_id") VALUES ('oq7oinzhesx3f54vkpcdexd6y1q1ysa1d2t79wpq4pj1ygxt6v', 'Playlist 1', '2023-11-17 17:00:08.000','icqlt67n2fd7p34');
INSERT INTO "playlist_songs" ("song_id", "playlist_id", "order") VALUES ('8csg61d7itqo996nf5p8pfeep2rrld6rw7hbwnps8rlu4k1kkq', 'oq7oinzhesx3f54vkpcdexd6y1q1ysa1d2t79wpq4pj1ygxt6v', 0);
INSERT INTO "playlist_songs" ("song_id", "playlist_id", "order") VALUES ('yazyobq2qxi7o6rqbc2lwn56qmdjox9h0jcn7rl9wvleidaucq', 'oq7oinzhesx3f54vkpcdexd6y1q1ysa1d2t79wpq4pj1ygxt6v', 3);
INSERT INTO "playlist_songs" ("song_id", "playlist_id", "order") VALUES ('7acijj2icd3xbal180bzmxb8hzemd74wkn2qd0nz7f44iq94ln', 'oq7oinzhesx3f54vkpcdexd6y1q1ysa1d2t79wpq4pj1ygxt6v', 8);
INSERT INTO "playlist_songs" ("song_id", "playlist_id", "order") VALUES ('by2g4vi12191csxyd6w25qjhbdk5ncvu3wdh1yswloc5doltzk', 'oq7oinzhesx3f54vkpcdexd6y1q1ysa1d2t79wpq4pj1ygxt6v', 7);
INSERT INTO "playlist_songs" ("song_id", "playlist_id", "order") VALUES ('beanji0m6rxpw8vubu61oyr0si4fuu6gr1lixt0fxytax6mlw2', 'oq7oinzhesx3f54vkpcdexd6y1q1ysa1d2t79wpq4pj1ygxt6v', 2);
INSERT INTO "playlist_songs" ("song_id", "playlist_id", "order") VALUES ('q7walm29a9esfqm8xg8exw8iupvh52gttwgyf15fjgj0n9hjky', 'oq7oinzhesx3f54vkpcdexd6y1q1ysa1d2t79wpq4pj1ygxt6v', 9);
INSERT INTO "playlist_songs" ("song_id", "playlist_id", "order") VALUES ('ldegz9otfypfx0bp9jbzfmo1q6jjo4m33dzrqxj04xr7gowmzu', 'oq7oinzhesx3f54vkpcdexd6y1q1ysa1d2t79wpq4pj1ygxt6v', 1);
INSERT INTO "playlist_songs" ("song_id", "playlist_id", "order") VALUES ('5wsvta4ehxdzeh1nipm18hjzacfa9x25s5c42372uvligzeii2', 'oq7oinzhesx3f54vkpcdexd6y1q1ysa1d2t79wpq4pj1ygxt6v', 6);
INSERT INTO "playlist_songs" ("song_id", "playlist_id", "order") VALUES ('6lafcij9bza8phdap90ny0p54d8531gzbsu6wor8ybphvsch1q', 'oq7oinzhesx3f54vkpcdexd6y1q1ysa1d2t79wpq4pj1ygxt6v', 4);
INSERT INTO "playlist_songs" ("song_id", "playlist_id", "order") VALUES ('ms2v5jdeybyfqilihst9i3q3r2c2t4chw9drkvu6uzglwd249y', 'oq7oinzhesx3f54vkpcdexd6y1q1ysa1d2t79wpq4pj1ygxt6v', 5);
-- User Likes
INSERT INTO "user_likes" ("user_id", "song_id") VALUES ('fygaat19wgbv908', '0h013kyict2ti4sk41r1y39fxn933o4sobl910h42tflqn3do0');
INSERT INTO "user_likes" ("user_id", "song_id") VALUES ('fygaat19wgbv908', 'sihb67i3rnqeh0knp2i8vx0wa13mw2qekj3bj0fp8xlr24atfv');
INSERT INTO "user_likes" ("user_id", "song_id") VALUES ('fygaat19wgbv908', 'litxgo6zaie59cy27azfg9w93bf6wwztjvss7jnx7olkf7wwf2');
INSERT INTO "user_likes" ("user_id", "song_id") VALUES ('fygaat19wgbv908', '88s0ppb9z242iag9v6t3odskgutg141tq4c3ntrcnbjmmm5b2a');
INSERT INTO "user_likes" ("user_id", "song_id") VALUES ('fygaat19wgbv908', '47h5rbzlplunhnlh3g2wjgc5uw1r4x1dxjeq3qea9dzf595gzr');
INSERT INTO "user_likes" ("user_id", "song_id") VALUES ('fygaat19wgbv908', 'zit5dg0ul9f6psbhj40j77twa655su35nc00uhwrgjqg49psvl');
INSERT INTO "user_likes" ("user_id", "song_id") VALUES ('fygaat19wgbv908', '6i4d4z6al3f6iphta1x9lvbsbkr6zymb7uq6ejnd408m74x296');
INSERT INTO "user_likes" ("user_id", "song_id") VALUES ('fygaat19wgbv908', 'wce32o6vvl29dzlhjnqt32kvzt7ln3qn8e6gbxofwrplmpxm8h');
INSERT INTO "user_likes" ("user_id", "song_id") VALUES ('fygaat19wgbv908', 'o928s2ha1r53941ul38n5zjotqlzbylgivenm2jc2h4ksi8fiw');
INSERT INTO "user_likes" ("user_id", "song_id") VALUES ('fygaat19wgbv908', 'h1cv8km2p6vc2ori4wkmuugnuxmp2lwl6r6iqwqt38zlzexzsm');
INSERT INTO "user_likes" ("user_id", "song_id") VALUES ('fygaat19wgbv908', '8csg61d7itqo996nf5p8pfeep2rrld6rw7hbwnps8rlu4k1kkq');
INSERT INTO "user_likes" ("user_id", "song_id") VALUES ('fygaat19wgbv908', 'i79ddcue2c2y5n8ymymvsbakqvrzzzsncrgtnz1n771pwtcccu');
INSERT INTO "user_likes" ("user_id", "song_id") VALUES ('fygaat19wgbv908', 'j3u2bu12u7kt5yhf5cq15xb78pytwxf4m1yh03oyssym60xchx');
INSERT INTO "user_likes" ("user_id", "song_id") VALUES ('fygaat19wgbv908', 'hru0ffbo7295mbrzzorktyrzzzrg6z3sx7n84iwayri2hkk849');
INSERT INTO "user_likes" ("user_id", "song_id") VALUES ('fygaat19wgbv908', 'bfmgl3hxb7wwmoecydevruwhzqvw4jdvb7uxdn6bzq7npz9pb3');
INSERT INTO "user_likes" ("user_id", "song_id") VALUES ('3nlidq313d8ztl0', 'zgxxk90kpqfhitangv6vbalfejqr9i5v68snrq7kp8gu9l3vmq');
INSERT INTO "user_likes" ("user_id", "song_id") VALUES ('3nlidq313d8ztl0', 'zs2o3gf8ryxhkk48xk9ebcf22su9nhhpzouq7t9lhpj7t8d7y8');
INSERT INTO "user_likes" ("user_id", "song_id") VALUES ('3nlidq313d8ztl0', 's3r7y82ch0ovvxvriqno1dj1sdnm8hrqhddutt9yg8mpnsckg4');
INSERT INTO "user_likes" ("user_id", "song_id") VALUES ('3nlidq313d8ztl0', 'vpc8ktyzazoln9tb6udhak3fgxlogkhajg6l2ljmicc7kfhz0h');
INSERT INTO "user_likes" ("user_id", "song_id") VALUES ('3nlidq313d8ztl0', '0xcsmcxe5mepqsezrytgkjef4k6or4ggcols0h3164xerigxcs');
INSERT INTO "user_likes" ("user_id", "song_id") VALUES ('3nlidq313d8ztl0', 'vxg2lq20jmjxgwl1feiv63hzx4qhv1yxavnzx0k6i1d7qmmqac');
INSERT INTO "user_likes" ("user_id", "song_id") VALUES ('3nlidq313d8ztl0', 'gkzd5xzvdasu0fb368piyctfmkfy17pobekr79jfib281i9l46');
INSERT INTO "user_likes" ("user_id", "song_id") VALUES ('3nlidq313d8ztl0', 'ws5bpm6zbbipwo0l9nv3paypv75nyl0kqlwtl9wqp0cn2m8e4r');
INSERT INTO "user_likes" ("user_id", "song_id") VALUES ('3nlidq313d8ztl0', '65p36432fiwizot6ayzou8eik0zvgen9pai10sotn37aptpolz');
INSERT INTO "user_likes" ("user_id", "song_id") VALUES ('3nlidq313d8ztl0', 'tvugscmqf5j9hlc7f1c0wsxwe7hrzz8ehpntkm6r2vy3ge0rc2');
INSERT INTO "user_likes" ("user_id", "song_id") VALUES ('3nlidq313d8ztl0', '7j5wz8lftyj9e8h82c3eu8pob68tjpgboogm7b8yqx8m3cbyfm');
INSERT INTO "user_likes" ("user_id", "song_id") VALUES ('3nlidq313d8ztl0', '3l06q0nwd7ycbv0vpsle571bkg2ljkl6zvakf7u99rq72bz04w');
INSERT INTO "user_likes" ("user_id", "song_id") VALUES ('3nlidq313d8ztl0', 'd4vpey68mupdj2fsefknc0kzc5ivfm7oe4xoq0uyqhobibd474');
INSERT INTO "user_likes" ("user_id", "song_id") VALUES ('3nlidq313d8ztl0', 'gdf3hh31de1zrn4e23c40p2zlje7d2a0lujkwv4q19sw8gexrv');
INSERT INTO "user_likes" ("user_id", "song_id") VALUES ('3nlidq313d8ztl0', 'r6g1a1i8dod2wloxmkpy6301f4sfmtnxr35ryrnd79gmsv5ca5');
INSERT INTO "user_likes" ("user_id", "song_id") VALUES ('hvnibsldmuyqlj6', 'tteq8j2c3b00hlqs02sz0t4ntnjx6pfrk20s15nsxcohsitckx');
INSERT INTO "user_likes" ("user_id", "song_id") VALUES ('hvnibsldmuyqlj6', 'gqg8z3rj05tyasu5uwksvgxi3w24pmrwlkjthplmbw63qlzq2h');
INSERT INTO "user_likes" ("user_id", "song_id") VALUES ('hvnibsldmuyqlj6', 'hs5hz3cc58c5w7czoo2nwbs8ydas3oebdx7ws4zf3eljrw0gtx');
INSERT INTO "user_likes" ("user_id", "song_id") VALUES ('hvnibsldmuyqlj6', 'ktictbwtdfaztzfkbofvecdz49wggfl0sg4ds21v4pds0afhhr');
INSERT INTO "user_likes" ("user_id", "song_id") VALUES ('hvnibsldmuyqlj6', 'uw3n05g3bhtxpozo6e37vt8q6n45okfoohoaf8pzcnaz6b4twq');
INSERT INTO "user_likes" ("user_id", "song_id") VALUES ('hvnibsldmuyqlj6', 'd8dp8ktvjxvnaz5cpleihqp2w2hfnaulfqiz7xw16ksywt2x6k');
INSERT INTO "user_likes" ("user_id", "song_id") VALUES ('hvnibsldmuyqlj6', '6i4d4z6al3f6iphta1x9lvbsbkr6zymb7uq6ejnd408m74x296');
INSERT INTO "user_likes" ("user_id", "song_id") VALUES ('hvnibsldmuyqlj6', 'f260r64mmp8x5yz6yszruz63jky8gqbs8rf11wv8lzi5cljjr6');
INSERT INTO "user_likes" ("user_id", "song_id") VALUES ('hvnibsldmuyqlj6', 'zgypty2k2irhfnzpuloypdn2w512ebi98rouzyeqwugpyv17gl');
INSERT INTO "user_likes" ("user_id", "song_id") VALUES ('hvnibsldmuyqlj6', 'uzjaxfbck3uwwok1slvi01plthxq5momkz4qvdk8nme52goknl');
INSERT INTO "user_likes" ("user_id", "song_id") VALUES ('hvnibsldmuyqlj6', 'n8qr7hs3km9m49bfcujyueh9zhbn6bgfcx0ofqn1cvfmmfiij9');
INSERT INTO "user_likes" ("user_id", "song_id") VALUES ('hvnibsldmuyqlj6', '5osna3suv1nmv9ovl3m7q1xs3i0xihqsj5qixsqm5uvl9p1c7u');
INSERT INTO "user_likes" ("user_id", "song_id") VALUES ('hvnibsldmuyqlj6', 'oiyaeknpmtezctp6jq362254ygmzz38x2j1eu6zd1pbkw7r514');
INSERT INTO "user_likes" ("user_id", "song_id") VALUES ('hvnibsldmuyqlj6', 'fuhyv0le8hox4wwzci6afv4kem5m3nh2btkbfrslnboqzc4m7z');
INSERT INTO "user_likes" ("user_id", "song_id") VALUES ('hvnibsldmuyqlj6', 'xlwzsbho0czql67hfiywmzrxbqnr31nfheupkcgl8ic4422qoc');
INSERT INTO "user_likes" ("user_id", "song_id") VALUES ('s6a76i6dmvpw3q3', 'ggtvj87g61tfkj4ztvdznjbc9wjtxnd7lco67j8cxxe4pfqncj');
INSERT INTO "user_likes" ("user_id", "song_id") VALUES ('s6a76i6dmvpw3q3', 'krp1ew85nc8p8jhbykal3zel015x1klxib3jkkjlpi77kq3p75');
INSERT INTO "user_likes" ("user_id", "song_id") VALUES ('s6a76i6dmvpw3q3', 'ojsilu0e86il19xkdexw79cmczhhcl300vr3vdjhr23ww6oy6q');
INSERT INTO "user_likes" ("user_id", "song_id") VALUES ('s6a76i6dmvpw3q3', 'vgmx4562lpjye6a9vd4q33nmyaxh3tfu73hxnrm9gn18860xw6');
INSERT INTO "user_likes" ("user_id", "song_id") VALUES ('s6a76i6dmvpw3q3', '6wyyr4ojj2aqetjbjirszyc53yt2wt5wmf70pcnef99yeons1q');
INSERT INTO "user_likes" ("user_id", "song_id") VALUES ('s6a76i6dmvpw3q3', 'i3vvr7biw6j3n1yl7scfm81s17333r17pxadwmedybh6oli8im');
INSERT INTO "user_likes" ("user_id", "song_id") VALUES ('s6a76i6dmvpw3q3', 'i9z7biae53l9rsl1an7z4988a12a4vmhvsd424abac2mwef2hs');
INSERT INTO "user_likes" ("user_id", "song_id") VALUES ('s6a76i6dmvpw3q3', 'a1g36yl3xnfrocpj16s1c52w6ku3je39yly8xtz37oej11clw0');
INSERT INTO "user_likes" ("user_id", "song_id") VALUES ('s6a76i6dmvpw3q3', 'ahj68rwqxfzx3i72n1tyv5o0go1oc9w3ak28o953alj50f2a3i');
INSERT INTO "user_likes" ("user_id", "song_id") VALUES ('s6a76i6dmvpw3q3', 'j0tfq5lbeykifimgv7sksytwql3mzgtrgu4w1q9qlgh8yfec4g');
INSERT INTO "user_likes" ("user_id", "song_id") VALUES ('s6a76i6dmvpw3q3', '9rigt32jbk59blrd48qmrfto1qqovk1i2jicciqkcwbcjmmrta');
INSERT INTO "user_likes" ("user_id", "song_id") VALUES ('s6a76i6dmvpw3q3', 'c87iufqa199zusuhb9oc8zi8yhy2ojq58fxufvuiepu71gw078');
INSERT INTO "user_likes" ("user_id", "song_id") VALUES ('s6a76i6dmvpw3q3', '855qe8tasrb9rdtpuw4pwqfl5vrmfpwxqsuihs9kd5b01h8l7n');
INSERT INTO "user_likes" ("user_id", "song_id") VALUES ('s6a76i6dmvpw3q3', 'vsurr2f4m4cxnsbjsmori4ztavht74suue254a200eetvl7kop');
INSERT INTO "user_likes" ("user_id", "song_id") VALUES ('s6a76i6dmvpw3q3', 'p5xyngzw6qjsoho93mlidh0jo8f3qdied2w8obovmb0cvc1dgz');
INSERT INTO "user_likes" ("user_id", "song_id") VALUES ('suk3j8xg44nshl9', 'pzi6rvp6hvr7vdyf1xk3xrhbm29mmg2qv9495iba92821fa2i9');
INSERT INTO "user_likes" ("user_id", "song_id") VALUES ('suk3j8xg44nshl9', '1xdyv2j5g6054jz5w3jdc3ycutdnu4tf3cpksyoyoi2wgogxp1');
INSERT INTO "user_likes" ("user_id", "song_id") VALUES ('suk3j8xg44nshl9', 'lkrib2s3zvav7di1o4v0wkbp8m8j6k3whnv9jzjhi3ecl54c8p');
INSERT INTO "user_likes" ("user_id", "song_id") VALUES ('suk3j8xg44nshl9', 'lmv5y7b8gdfvhtaqbqsupi2ksbzpccu9kpmv5xsz7bewjxetth');
INSERT INTO "user_likes" ("user_id", "song_id") VALUES ('suk3j8xg44nshl9', 'vy6ez97bi1lr098ca4x3s5lvbbm2tzwg39mn2xqnkajgygs9mf');
INSERT INTO "user_likes" ("user_id", "song_id") VALUES ('suk3j8xg44nshl9', 'tteq8j2c3b00hlqs02sz0t4ntnjx6pfrk20s15nsxcohsitckx');
INSERT INTO "user_likes" ("user_id", "song_id") VALUES ('suk3j8xg44nshl9', 'owzex26u8ary2s5mkjux3gvdsv0ny9z5x7atrxna8jqw1lmsts');
INSERT INTO "user_likes" ("user_id", "song_id") VALUES ('suk3j8xg44nshl9', 'vgmx4562lpjye6a9vd4q33nmyaxh3tfu73hxnrm9gn18860xw6');
INSERT INTO "user_likes" ("user_id", "song_id") VALUES ('suk3j8xg44nshl9', 'op8hpfrx8h5ffojgi0qm14tqwnxgt9rikhlrgfnwa3il7soekq');
INSERT INTO "user_likes" ("user_id", "song_id") VALUES ('suk3j8xg44nshl9', 'zy8ce5rsm6scbg17j84eghyyj1e4l41bxp5cegxhzq4juvnaqb');
INSERT INTO "user_likes" ("user_id", "song_id") VALUES ('suk3j8xg44nshl9', 'a1g36yl3xnfrocpj16s1c52w6ku3je39yly8xtz37oej11clw0');
INSERT INTO "user_likes" ("user_id", "song_id") VALUES ('suk3j8xg44nshl9', '3gpalk4heac6lgrq6jz32x33iynmn5q3ktmbejy0gsdw64a5p5');
INSERT INTO "user_likes" ("user_id", "song_id") VALUES ('suk3j8xg44nshl9', 'zmadm6h8yh8u6xbnxdhsbksmfgkn272nlawwjhvba1org6bcvc');
INSERT INTO "user_likes" ("user_id", "song_id") VALUES ('suk3j8xg44nshl9', 'ffm51iomgieti8mxckj7vw76wxdzej3dxviszdc63k43fhvf54');
INSERT INTO "user_likes" ("user_id", "song_id") VALUES ('suk3j8xg44nshl9', 'y2c327fbdl55b4qs6utrz6sah5av10q9ayqfcwtdk44rqonk1z');
INSERT INTO "user_likes" ("user_id", "song_id") VALUES ('aeayzzdcsr3z8np', 'tgtsn5j4kk99nsxset49vrixdy4x6hdjjczbstgabgkuw9kx42');
INSERT INTO "user_likes" ("user_id", "song_id") VALUES ('aeayzzdcsr3z8np', '07y00l0ajcdm793ibr2kz27aspyzd1ftfm0v0v6d4en5yke41b');
INSERT INTO "user_likes" ("user_id", "song_id") VALUES ('aeayzzdcsr3z8np', 'x4doop38fm3g6rti54emb68jocypzowbjhfpc8cwgvdoyiejo9');
INSERT INTO "user_likes" ("user_id", "song_id") VALUES ('aeayzzdcsr3z8np', '5ct4jyp7sep8df4s881hu4e69cbq0u6ol4zbewxfice2r3ufo2');
INSERT INTO "user_likes" ("user_id", "song_id") VALUES ('aeayzzdcsr3z8np', 'llducbibr6r2lwdbm8m6ai268cf6xz1faorn8zbhu7l3v8zu83');
INSERT INTO "user_likes" ("user_id", "song_id") VALUES ('aeayzzdcsr3z8np', 'whioktsx1m59ti7xc3vreqogdlt5fuj12bo5w6l09xpovg4nhh');
INSERT INTO "user_likes" ("user_id", "song_id") VALUES ('aeayzzdcsr3z8np', 'yjntgxrzfvzw9pip46vj0w71y3ynqrymcy881ax0sbots457m6');
INSERT INTO "user_likes" ("user_id", "song_id") VALUES ('aeayzzdcsr3z8np', 'p9ilfw9g8j5mh1tp0n6zz2z9hhxeit8sel1al2eobczvuntu4y');
INSERT INTO "user_likes" ("user_id", "song_id") VALUES ('aeayzzdcsr3z8np', 'qu77g8sg72jlftl86px5s2hj9eganz4kypkhdanot3d0ql56mv');
INSERT INTO "user_likes" ("user_id", "song_id") VALUES ('aeayzzdcsr3z8np', 'r5ghhi36pxvh5l7rnn4fmunta57gmxkb1t6wdeph5oprc99wt9');
INSERT INTO "user_likes" ("user_id", "song_id") VALUES ('aeayzzdcsr3z8np', 'lon1oe73xd2s6rz8xu77lqaaqhhxhe3nlnyaulqpqyu3xma0py');
INSERT INTO "user_likes" ("user_id", "song_id") VALUES ('aeayzzdcsr3z8np', 'nssigwmg9bptj3p0ax7sd17o8zggeoaxic8x5qxasgpwt2vvdw');
INSERT INTO "user_likes" ("user_id", "song_id") VALUES ('aeayzzdcsr3z8np', '90n4baretyob741userugi5ijpim6zadh3jisusbs5p2xwfmbk');
INSERT INTO "user_likes" ("user_id", "song_id") VALUES ('aeayzzdcsr3z8np', 'beanji0m6rxpw8vubu61oyr0si4fuu6gr1lixt0fxytax6mlw2');
INSERT INTO "user_likes" ("user_id", "song_id") VALUES ('aeayzzdcsr3z8np', 'ivr3bpzexg3mtsqbrrpetpr4rqjmnpp8htcixn9wsgejw0yfdm');
INSERT INTO "user_likes" ("user_id", "song_id") VALUES ('vlqxtgrgwwiu3lj', 'ggtvj87g61tfkj4ztvdznjbc9wjtxnd7lco67j8cxxe4pfqncj');
INSERT INTO "user_likes" ("user_id", "song_id") VALUES ('vlqxtgrgwwiu3lj', 'kzl3lb0h9uh7gen2jejsmm1pxtmdibjk31bk2bkm4seyox598z');
INSERT INTO "user_likes" ("user_id", "song_id") VALUES ('vlqxtgrgwwiu3lj', 'huxkabojq5znmky5modn2qg94py4x97bhk15sz990nqsj37fm6');
INSERT INTO "user_likes" ("user_id", "song_id") VALUES ('vlqxtgrgwwiu3lj', '7jss8ilxg4r9lemzzqq56pyex52xywf14sjqoagz78wizfvltu');
INSERT INTO "user_likes" ("user_id", "song_id") VALUES ('vlqxtgrgwwiu3lj', 'ws5bpm6zbbipwo0l9nv3paypv75nyl0kqlwtl9wqp0cn2m8e4r');
INSERT INTO "user_likes" ("user_id", "song_id") VALUES ('vlqxtgrgwwiu3lj', 'gpik5z6a3q3m1b1l7kzg2ye7lzcesvc5y1woprb9d0tezdcqpz');
INSERT INTO "user_likes" ("user_id", "song_id") VALUES ('vlqxtgrgwwiu3lj', 'sfw8qfy5ef3ku8fvzbanv80zcg5lpjbz54f4zkka34el72kjyi');
INSERT INTO "user_likes" ("user_id", "song_id") VALUES ('vlqxtgrgwwiu3lj', 'tzgmn5fh9iqkyfmmt7ikt8f994zileqpk2hwpx9p6socab0mci');
INSERT INTO "user_likes" ("user_id", "song_id") VALUES ('vlqxtgrgwwiu3lj', '0tj44su08h1imb0swbcttesvh8r0oc1kw6siwyi97yyrj2ezj1');
INSERT INTO "user_likes" ("user_id", "song_id") VALUES ('vlqxtgrgwwiu3lj', 'z8tfb22mgykmkrkxn5v6au6lc3is0wapl834r1rqrv4xipryuj');
INSERT INTO "user_likes" ("user_id", "song_id") VALUES ('vlqxtgrgwwiu3lj', '5uxb6dtx500wj6bfuws6j4217xbfiwd8ajjvd4a2j3zyz3slfh');
INSERT INTO "user_likes" ("user_id", "song_id") VALUES ('vlqxtgrgwwiu3lj', 'vmnrhdt7tgwormmbono3h1ajew5vis4nhlvcv4kwev8m04epkf');
INSERT INTO "user_likes" ("user_id", "song_id") VALUES ('vlqxtgrgwwiu3lj', 'izzqcf97t25cufa4xkk5495exubl58rnggd6z2asn5utblt7ui');
INSERT INTO "user_likes" ("user_id", "song_id") VALUES ('vlqxtgrgwwiu3lj', 'vy6ez97bi1lr098ca4x3s5lvbbm2tzwg39mn2xqnkajgygs9mf');
INSERT INTO "user_likes" ("user_id", "song_id") VALUES ('vlqxtgrgwwiu3lj', '98ye7m1yu62jos2hxtxm6eufkncgcqeo6go9kyifcznmrhxu2w');
INSERT INTO "user_likes" ("user_id", "song_id") VALUES ('45p9mm3xyx6hp2h', '8csg61d7itqo996nf5p8pfeep2rrld6rw7hbwnps8rlu4k1kkq');
INSERT INTO "user_likes" ("user_id", "song_id") VALUES ('45p9mm3xyx6hp2h', 'ny518qjfytd6ufjm7gki8nouhb2zu9dh1ptcvt8poz83vr3rb9');
INSERT INTO "user_likes" ("user_id", "song_id") VALUES ('45p9mm3xyx6hp2h', '1285pzodpgdp1tgjakoidhtjkgwy806akxx145yw5hfecethkx');
INSERT INTO "user_likes" ("user_id", "song_id") VALUES ('45p9mm3xyx6hp2h', 'llducbibr6r2lwdbm8m6ai268cf6xz1faorn8zbhu7l3v8zu83');
INSERT INTO "user_likes" ("user_id", "song_id") VALUES ('45p9mm3xyx6hp2h', 'h1zwfnbsp25ui9c6up8xze8k0qeon54bzi2654supsnx7lhmxe');
INSERT INTO "user_likes" ("user_id", "song_id") VALUES ('45p9mm3xyx6hp2h', '6yemw7wxyw5xq56h8r6qo98q5dsie9qvr42f5r3fpbaxp3nt1r');
INSERT INTO "user_likes" ("user_id", "song_id") VALUES ('45p9mm3xyx6hp2h', 'i79ddcue2c2y5n8ymymvsbakqvrzzzsncrgtnz1n771pwtcccu');
INSERT INTO "user_likes" ("user_id", "song_id") VALUES ('45p9mm3xyx6hp2h', '3gpalk4heac6lgrq6jz32x33iynmn5q3ktmbejy0gsdw64a5p5');
INSERT INTO "user_likes" ("user_id", "song_id") VALUES ('45p9mm3xyx6hp2h', 'ohwkoi7e46c6kig4zwctlw6d8lqw27g4e7jahr7c2kf70ye34p');
INSERT INTO "user_likes" ("user_id", "song_id") VALUES ('45p9mm3xyx6hp2h', 'g48ca5xztv02bfxd2tr53r6wb27w2okropepdz063ysxzlo5xc');
INSERT INTO "user_likes" ("user_id", "song_id") VALUES ('45p9mm3xyx6hp2h', 'znolzhmg737k9i59sig5qozixlmqvg8udyzq7phimry6abu9bx');
INSERT INTO "user_likes" ("user_id", "song_id") VALUES ('45p9mm3xyx6hp2h', 'vgmx4562lpjye6a9vd4q33nmyaxh3tfu73hxnrm9gn18860xw6');
INSERT INTO "user_likes" ("user_id", "song_id") VALUES ('45p9mm3xyx6hp2h', 'cijp7d16q92cetmqzsa0ytppemyxmq63lb4jkwkjk4t2dtkskk');
INSERT INTO "user_likes" ("user_id", "song_id") VALUES ('45p9mm3xyx6hp2h', '6e6ul3z4rzeudz6gmhtezerouxpch47r56gi5pgpeexy8ukmoi');
INSERT INTO "user_likes" ("user_id", "song_id") VALUES ('45p9mm3xyx6hp2h', '47h5rbzlplunhnlh3g2wjgc5uw1r4x1dxjeq3qea9dzf595gzr');
INSERT INTO "user_likes" ("user_id", "song_id") VALUES ('itterl5zs2amzb8', '855qe8tasrb9rdtpuw4pwqfl5vrmfpwxqsuihs9kd5b01h8l7n');
INSERT INTO "user_likes" ("user_id", "song_id") VALUES ('itterl5zs2amzb8', 's9qgzydn1e9mb1ctr9s7vl75qxupajqqivpgp4yzu043k4fui4');
INSERT INTO "user_likes" ("user_id", "song_id") VALUES ('itterl5zs2amzb8', 'uw3n05g3bhtxpozo6e37vt8q6n45okfoohoaf8pzcnaz6b4twq');
INSERT INTO "user_likes" ("user_id", "song_id") VALUES ('itterl5zs2amzb8', 'hs5hz3cc58c5w7czoo2nwbs8ydas3oebdx7ws4zf3eljrw0gtx');
INSERT INTO "user_likes" ("user_id", "song_id") VALUES ('itterl5zs2amzb8', 'uahkhdbv2t9cgj0gb1361z54epbcwm96b8dt0nqufjgr5r8dea');
INSERT INTO "user_likes" ("user_id", "song_id") VALUES ('itterl5zs2amzb8', 'bc2kp5edfvxaqvw9yosjag4f2zv72xv567jmawmtzozdgbqmij');
INSERT INTO "user_likes" ("user_id", "song_id") VALUES ('itterl5zs2amzb8', 'lcqtyj80sm58ook174o53q1nkwkadh1qq9idc9q2l869xuark0');
INSERT INTO "user_likes" ("user_id", "song_id") VALUES ('itterl5zs2amzb8', 'f04txytbz2utmyixwd35hzs2u9om26wgj21krddw45jj0wgdce');
INSERT INTO "user_likes" ("user_id", "song_id") VALUES ('itterl5zs2amzb8', 'jlbfp66xvacfd7du9rap3777oyxj8kap5evv6hzyvkcv7sivux');
INSERT INTO "user_likes" ("user_id", "song_id") VALUES ('itterl5zs2amzb8', 'o0tkdkhveksg2d91eczvpvmnb0xaxar814px82pu5x2yar12vg');
INSERT INTO "user_likes" ("user_id", "song_id") VALUES ('itterl5zs2amzb8', 'lkrib2s3zvav7di1o4v0wkbp8m8j6k3whnv9jzjhi3ecl54c8p');
INSERT INTO "user_likes" ("user_id", "song_id") VALUES ('itterl5zs2amzb8', '60m438p4gz7blq0uffzjv6l0l6gu7gtkrnkw1cndkc2oqpnnb3');
INSERT INTO "user_likes" ("user_id", "song_id") VALUES ('itterl5zs2amzb8', 'vmnrhdt7tgwormmbono3h1ajew5vis4nhlvcv4kwev8m04epkf');
INSERT INTO "user_likes" ("user_id", "song_id") VALUES ('itterl5zs2amzb8', '0ar6hf705vkuyu6x5i537xckubw431cptytq9n4cvb2fjmmc6h');
INSERT INTO "user_likes" ("user_id", "song_id") VALUES ('itterl5zs2amzb8', '07y00l0ajcdm793ibr2kz27aspyzd1ftfm0v0v6d4en5yke41b');
INSERT INTO "user_likes" ("user_id", "song_id") VALUES ('sv1aoe191pgq7qb', 'lwblnj6xxf6cu7qpovn7r7bfm5w7ymtlghcnis67q4o83l7w0l');
INSERT INTO "user_likes" ("user_id", "song_id") VALUES ('sv1aoe191pgq7qb', '3117mc4dfgsdowrpm1ob3cqwint6m1z8ajql9p07faka4n19w7');
INSERT INTO "user_likes" ("user_id", "song_id") VALUES ('sv1aoe191pgq7qb', '2n5jznjb67rw5xoyt1l8cl5k6y9tl8ivdk2np99icb5zatz1uy');
INSERT INTO "user_likes" ("user_id", "song_id") VALUES ('sv1aoe191pgq7qb', 'mtcivz8wprfucr9zo7x7xe34awsnpc1wn4e0eo2gnk0qmyeaw5');
INSERT INTO "user_likes" ("user_id", "song_id") VALUES ('sv1aoe191pgq7qb', '8ca7epjzb7r1xhtqu3sjir3fsidklbaspe9tlh8sb05y375ixg');
INSERT INTO "user_likes" ("user_id", "song_id") VALUES ('sv1aoe191pgq7qb', 'jh7x84qcn1m1eawxcuyhw1sdwfrhy0kg8pig27c58r5waros9y');
INSERT INTO "user_likes" ("user_id", "song_id") VALUES ('sv1aoe191pgq7qb', 'u08nomdbfyrr4czhjbl8mkvftvstscboo0y4vmw1e21zyf32zz');
INSERT INTO "user_likes" ("user_id", "song_id") VALUES ('sv1aoe191pgq7qb', 'by2g4vi12191csxyd6w25qjhbdk5ncvu3wdh1yswloc5doltzk');
INSERT INTO "user_likes" ("user_id", "song_id") VALUES ('sv1aoe191pgq7qb', 'y2c327fbdl55b4qs6utrz6sah5av10q9ayqfcwtdk44rqonk1z');
INSERT INTO "user_likes" ("user_id", "song_id") VALUES ('sv1aoe191pgq7qb', 'u9m60l9hlpwvub6k1sml43sflk93op0fvx35ghpp2avh4kg4bl');
INSERT INTO "user_likes" ("user_id", "song_id") VALUES ('sv1aoe191pgq7qb', 'arxzti8thqs3tpxahv7sbst7t7pkfcv84bqde2fq8zrduxnkjo');
INSERT INTO "user_likes" ("user_id", "song_id") VALUES ('sv1aoe191pgq7qb', 'hm6ofst9zoertlpd66u7gdp0fioa1fa1xt7vqb26nqj21m8yoq');
INSERT INTO "user_likes" ("user_id", "song_id") VALUES ('sv1aoe191pgq7qb', 's0rgdpq4pqp1uw719tl7ncd9atawcy1cyq1vr7m9iv95xp54rf');
INSERT INTO "user_likes" ("user_id", "song_id") VALUES ('sv1aoe191pgq7qb', 'zgypty2k2irhfnzpuloypdn2w512ebi98rouzyeqwugpyv17gl');
INSERT INTO "user_likes" ("user_id", "song_id") VALUES ('sv1aoe191pgq7qb', 'kik0v1zm4gek1hhzluu06pvh2i0wk0hx944ipckntkbh56qk6n');
INSERT INTO "user_likes" ("user_id", "song_id") VALUES ('icqlt67n2fd7p34', '8ujpgybipx8sw14vwdx97a7gbxhgnpwky2vj20a94i0veicruj');
INSERT INTO "user_likes" ("user_id", "song_id") VALUES ('icqlt67n2fd7p34', '12sk0xu2oaga7cp6gqcqlsuogmae98mm8a2gg6r650b43l9p32');
INSERT INTO "user_likes" ("user_id", "song_id") VALUES ('icqlt67n2fd7p34', 'ivr3bpzexg3mtsqbrrpetpr4rqjmnpp8htcixn9wsgejw0yfdm');
INSERT INTO "user_likes" ("user_id", "song_id") VALUES ('icqlt67n2fd7p34', 'lmv5y7b8gdfvhtaqbqsupi2ksbzpccu9kpmv5xsz7bewjxetth');
INSERT INTO "user_likes" ("user_id", "song_id") VALUES ('icqlt67n2fd7p34', '02zgcfmpbip4c6tr36lwat05mh3cv6x074800inlb52p6x17jp');
INSERT INTO "user_likes" ("user_id", "song_id") VALUES ('icqlt67n2fd7p34', 'o928s2ha1r53941ul38n5zjotqlzbylgivenm2jc2h4ksi8fiw');
INSERT INTO "user_likes" ("user_id", "song_id") VALUES ('icqlt67n2fd7p34', 'owzex26u8ary2s5mkjux3gvdsv0ny9z5x7atrxna8jqw1lmsts');
INSERT INTO "user_likes" ("user_id", "song_id") VALUES ('icqlt67n2fd7p34', 'yg46a28tl8mbyo73ihlr9l67yf5dt22kej7d79mutqu86ephqr');
INSERT INTO "user_likes" ("user_id", "song_id") VALUES ('icqlt67n2fd7p34', '2h3c56l8yaxxg5zp7t18r4yfhow4bkhmm7yxlv5jpjttjykyq9');
INSERT INTO "user_likes" ("user_id", "song_id") VALUES ('icqlt67n2fd7p34', '7d9z4cgfk5kdmkeoyb9ons381zxa9ac9t6she78xx4rlhfgvqi');
INSERT INTO "user_likes" ("user_id", "song_id") VALUES ('icqlt67n2fd7p34', 'w4tfw3vnxyykovdy4n07ture4nf5lccb2aq888fnzc6m06c08h');
INSERT INTO "user_likes" ("user_id", "song_id") VALUES ('icqlt67n2fd7p34', 'evezq0klzms8l2dgtvlg8kw5iqf2vz4d0dnnsb79dbvx5pez2k');
INSERT INTO "user_likes" ("user_id", "song_id") VALUES ('icqlt67n2fd7p34', 'tvugscmqf5j9hlc7f1c0wsxwe7hrzz8ehpntkm6r2vy3ge0rc2');
INSERT INTO "user_likes" ("user_id", "song_id") VALUES ('icqlt67n2fd7p34', 'p21vzqav6nvaicbowkk75kkem0sh61dxjaovph7gpg66g5toj3');
INSERT INTO "user_likes" ("user_id", "song_id") VALUES ('icqlt67n2fd7p34', 'zrmku8alrpxqqxks22bhe9oxxbre7l5l0hw1566wqrq3th153m');
-- User Song Recommendations
INSERT INTO "user_song_recommendations" ("id", "user_id", "song_id", "created_at") VALUES ('s8otb3b3e0fq6oub4s3sn3mdn7dkm1f9r738nw5xav9xhuklvd', 'fygaat19wgbv908', 't0aw88l59ly4d3yybe011na72uq4anm2zffw0eas9lekhaeeo6', '2023-11-17 17:00:08.000');
INSERT INTO "user_song_recommendations" ("id", "user_id", "song_id", "created_at") VALUES ('ltuckginifopqiqxj8sz8timbkmczthf295sdi4brcgcgrg2l3', 'fygaat19wgbv908', 'vmnrhdt7tgwormmbono3h1ajew5vis4nhlvcv4kwev8m04epkf', '2023-11-17 17:00:08.000');
INSERT INTO "user_song_recommendations" ("id", "user_id", "song_id", "created_at") VALUES ('38xhu4oinh5zlbnfx00mopoxwcu2xzqps0qx3ijbt758v6obod', 'fygaat19wgbv908', 'uw3n05g3bhtxpozo6e37vt8q6n45okfoohoaf8pzcnaz6b4twq', '2023-11-17 17:00:08.000');
INSERT INTO "user_song_recommendations" ("id", "user_id", "song_id", "created_at") VALUES ('yu6diidi0kykmcptnibnmvblevqzw6m6itkx6ecdsordwppo2i', 'fygaat19wgbv908', 'lmv5y7b8gdfvhtaqbqsupi2ksbzpccu9kpmv5xsz7bewjxetth', '2023-11-17 17:00:08.000');
INSERT INTO "user_song_recommendations" ("id", "user_id", "song_id", "created_at") VALUES ('ga1ponwwrvzzkcnki38y87ioukcauzp9ohbt9nntsodg3j8pvr', 'fygaat19wgbv908', 'zmadm6h8yh8u6xbnxdhsbksmfgkn272nlawwjhvba1org6bcvc', '2023-11-17 17:00:08.000');
INSERT INTO "user_song_recommendations" ("id", "user_id", "song_id", "created_at") VALUES ('cypz6hdknpcsimm2bp18vmmg8odwid00l4d9azlpag1avxjg4u', 'fygaat19wgbv908', '1xdyv2j5g6054jz5w3jdc3ycutdnu4tf3cpksyoyoi2wgogxp1', '2023-11-17 17:00:08.000');
INSERT INTO "user_song_recommendations" ("id", "user_id", "song_id", "created_at") VALUES ('prhk8g3o9holap0env1383qjatakwbsfnl7nxhg5bcqi5zt9hz', 'fygaat19wgbv908', '0h013kyict2ti4sk41r1y39fxn933o4sobl910h42tflqn3do0', '2023-11-17 17:00:08.000');
INSERT INTO "user_song_recommendations" ("id", "user_id", "song_id", "created_at") VALUES ('n3knqie4iuwkn25ewtht0ra8rsrer1jy6g1pa51ycpyl5u7q1m', 'fygaat19wgbv908', 'd65xwfubtad1tlibnhqiw2urmbjxpucplr5xzdwvf7vz7fct1k', '2023-11-17 17:00:08.000');
INSERT INTO "user_song_recommendations" ("id", "user_id", "song_id", "created_at") VALUES ('k98kapai9x6qfud22tcc0m7lbazn3tf2rdfzst2ko0u4qh8vud', '3nlidq313d8ztl0', 'g48ca5xztv02bfxd2tr53r6wb27w2okropepdz063ysxzlo5xc', '2023-11-17 17:00:08.000');
INSERT INTO "user_song_recommendations" ("id", "user_id", "song_id", "created_at") VALUES ('5qqmud8f9q99nh75ky1l7600t70mq3cemw9pqzjixuw7dm2vvp', '3nlidq313d8ztl0', '30bzkmq49b95cntn5k6em1fmonkjfi2rgq580bx1meoatnvjwh', '2023-11-17 17:00:08.000');
INSERT INTO "user_song_recommendations" ("id", "user_id", "song_id", "created_at") VALUES ('vo5tvb1ou0u1g8r1cegkmmv2735gqtz44xbm05t7xru6yh55ok', '3nlidq313d8ztl0', 'uz0fbuvp6m8f9thhkth9uvawst0yyckk33rxk26xfqlxlgvnlf', '2023-11-17 17:00:08.000');
INSERT INTO "user_song_recommendations" ("id", "user_id", "song_id", "created_at") VALUES ('y5rfrqy1muw77r7k49f0jdsexshqfrnb23y9a6j6jqmy6tx6j1', '3nlidq313d8ztl0', 'znolzhmg737k9i59sig5qozixlmqvg8udyzq7phimry6abu9bx', '2023-11-17 17:00:08.000');
INSERT INTO "user_song_recommendations" ("id", "user_id", "song_id", "created_at") VALUES ('dzmc2379mh3pq05vutzu189ggdyo6mgnbqk1u9bh6es2se7y7w', '3nlidq313d8ztl0', 'ohwkoi7e46c6kig4zwctlw6d8lqw27g4e7jahr7c2kf70ye34p', '2023-11-17 17:00:08.000');
INSERT INTO "user_song_recommendations" ("id", "user_id", "song_id", "created_at") VALUES ('1aeime6ycpzq0t24o5ruha6rk4tsks7nbfhctcepzt5goksjav', '3nlidq313d8ztl0', 'rhagt0m3kpmochx0kbgs6o3j6v8p1qhc0a5ng3cw8cfab0x15l', '2023-11-17 17:00:08.000');
INSERT INTO "user_song_recommendations" ("id", "user_id", "song_id", "created_at") VALUES ('q16rd1i3zd44kf90vim5g93untd7vcdyld0u6bgp5oxcnez1wb', '3nlidq313d8ztl0', 'zmadm6h8yh8u6xbnxdhsbksmfgkn272nlawwjhvba1org6bcvc', '2023-11-17 17:00:08.000');
INSERT INTO "user_song_recommendations" ("id", "user_id", "song_id", "created_at") VALUES ('k4l784n3e9e31t5ba1g49xfpsrqflhvny4hvpvmdqx8buz0ut2', '3nlidq313d8ztl0', 'gc5c3w4vyr7egba584qdyqepoa81bqlwcxpmni4z4030ierf67', '2023-11-17 17:00:08.000');
INSERT INTO "user_song_recommendations" ("id", "user_id", "song_id", "created_at") VALUES ('ojc3qu15i7g7g4cmjtisy4r6ilzsf86o7ysxu4vefqffm4ij7n', 'hvnibsldmuyqlj6', '1pf93vjriss1i3gozrnfh1ijph67udgux46g2gc94kxioxpkhg', '2023-11-17 17:00:08.000');
INSERT INTO "user_song_recommendations" ("id", "user_id", "song_id", "created_at") VALUES ('fkysi9ex7xodaiqshlx6nb78t57cna5u51ntjb0dvp5m9etgiy', 'hvnibsldmuyqlj6', '36wmbi23vaow81cjg565h2strh0zluuq9xu49savz36jaybfxp', '2023-11-17 17:00:08.000');
INSERT INTO "user_song_recommendations" ("id", "user_id", "song_id", "created_at") VALUES ('v9377owgs35ade0vafmou5d1puv4f1h0d5mvtlxl20grq30cm6', 'hvnibsldmuyqlj6', 'n6agiq4uvmtoffucq9j8ncufi7cxan7b9g917wc7060xf4okt7', '2023-11-17 17:00:08.000');
INSERT INTO "user_song_recommendations" ("id", "user_id", "song_id", "created_at") VALUES ('nvwp1ndl9vawgu6zut13sso7wh5prtk98wfry5yfejjt75ks6a', 'hvnibsldmuyqlj6', 't0aw88l59ly4d3yybe011na72uq4anm2zffw0eas9lekhaeeo6', '2023-11-17 17:00:08.000');
INSERT INTO "user_song_recommendations" ("id", "user_id", "song_id", "created_at") VALUES ('vp8mecqv2rb5whup35pzd2pb10b76mi3gz7016nu3bwz6vefau', 'hvnibsldmuyqlj6', 'ky29rya6b9a0er0jrjaraay1tivrgxibb7mwqgmxlqws9ptt0g', '2023-11-17 17:00:08.000');
INSERT INTO "user_song_recommendations" ("id", "user_id", "song_id", "created_at") VALUES ('zf32wdhgc5t2fwyq7qeml26eil28x99xw6ddov8obl7jwpf5bq', 'hvnibsldmuyqlj6', 'c7acc45xzt3g3qgnc2vlu3z1fe77dj7k434kr54ff9y0n9itu5', '2023-11-17 17:00:08.000');
INSERT INTO "user_song_recommendations" ("id", "user_id", "song_id", "created_at") VALUES ('roo7dq14rltm2n4k90dffzlgcycunrei3sovrfz9unv0rx3y7y', 'hvnibsldmuyqlj6', 'uahkhdbv2t9cgj0gb1361z54epbcwm96b8dt0nqufjgr5r8dea', '2023-11-17 17:00:08.000');
INSERT INTO "user_song_recommendations" ("id", "user_id", "song_id", "created_at") VALUES ('pfitmd1wbb7i2jmfgbz83ehgiihca3vhf4mr9k9oix1pntsidn', 'hvnibsldmuyqlj6', 'yg46a28tl8mbyo73ihlr9l67yf5dt22kej7d79mutqu86ephqr', '2023-11-17 17:00:08.000');
INSERT INTO "user_song_recommendations" ("id", "user_id", "song_id", "created_at") VALUES ('u872md3ts337175qy2npms39yh4v4eb0asyyg0fnri3olbxvbg', 's6a76i6dmvpw3q3', '1t6epaatqnpu14p67z1l0wdb5dv71mymi9z9kk52dc1qyxl6ay', '2023-11-17 17:00:08.000');
INSERT INTO "user_song_recommendations" ("id", "user_id", "song_id", "created_at") VALUES ('ml9un1dxp6qmm9uyedl55exdyve9yskgel4akc5kpravirnr1d', 's6a76i6dmvpw3q3', '1urhdjkkcbjl7e91ef8o6q5pci05ey556ngeqtrmj6zto2hv6p', '2023-11-17 17:00:08.000');
INSERT INTO "user_song_recommendations" ("id", "user_id", "song_id", "created_at") VALUES ('ugcx482mbylg5vk76e2dbvk421kwsckshg59bpemfapcwsyab5', 's6a76i6dmvpw3q3', '0xcsmcxe5mepqsezrytgkjef4k6or4ggcols0h3164xerigxcs', '2023-11-17 17:00:08.000');
INSERT INTO "user_song_recommendations" ("id", "user_id", "song_id", "created_at") VALUES ('sue9dr3tdpbls0tqhqzxd20va6vc6flfdvkhluz4egnaqlae8b', 's6a76i6dmvpw3q3', 'tvugscmqf5j9hlc7f1c0wsxwe7hrzz8ehpntkm6r2vy3ge0rc2', '2023-11-17 17:00:08.000');
INSERT INTO "user_song_recommendations" ("id", "user_id", "song_id", "created_at") VALUES ('jsufv56jwblmolwbaeqqkg3vhxxgvqjb1vuv1791hujscxjl54', 's6a76i6dmvpw3q3', 'q03vwgl7dw151d0wvf17ujtbgri5ael8cljxltvfyfllcwmi49', '2023-11-17 17:00:08.000');
INSERT INTO "user_song_recommendations" ("id", "user_id", "song_id", "created_at") VALUES ('ebpn64gbkqdadvpg34sd9o0qruca9875whe5m1nzw9rgakbx3r', 's6a76i6dmvpw3q3', 'wxi955jbevgdwifninybygu4lyjfuuumuisswcv3nlwh3psu18', '2023-11-17 17:00:08.000');
INSERT INTO "user_song_recommendations" ("id", "user_id", "song_id", "created_at") VALUES ('ylspd8kz26p1hcjeqi26pbtw80hr4im1qi6a0r49czkynm75og', 's6a76i6dmvpw3q3', 'arxzti8thqs3tpxahv7sbst7t7pkfcv84bqde2fq8zrduxnkjo', '2023-11-17 17:00:08.000');
INSERT INTO "user_song_recommendations" ("id", "user_id", "song_id", "created_at") VALUES ('6zcbrkfx9enc14shzksur1jq8myzyd2yjg3fguhczz6152k95m', 's6a76i6dmvpw3q3', '87lltchad3gbdc7zbikabajf6xv2ar6r34kn2bd5qotq61mio7', '2023-11-17 17:00:08.000');
INSERT INTO "user_song_recommendations" ("id", "user_id", "song_id", "created_at") VALUES ('t4yy1v05r9661lwh8wtyr8af9zy0mkrlrcnvp4jgual4jm22q9', 'suk3j8xg44nshl9', 'kwid3qqfnfbcq1npa4w9muyd194nabricybzgu38alzwhuhv93', '2023-11-17 17:00:08.000');
INSERT INTO "user_song_recommendations" ("id", "user_id", "song_id", "created_at") VALUES ('n2b7wqjt5p4zjpap4jydjyhfly7t0ugdik9pe0ri444hfddwlx', 'suk3j8xg44nshl9', 'yoou84h8w0qkqxhnjcadjepm8e2t4rjm2zhuaqcfi407la4tpb', '2023-11-17 17:00:08.000');
INSERT INTO "user_song_recommendations" ("id", "user_id", "song_id", "created_at") VALUES ('ffjlybaxrxwlpahbhydu3e6mnu9w9rtoq0ipx7wpflongth86u', 'suk3j8xg44nshl9', 'p9ilfw9g8j5mh1tp0n6zz2z9hhxeit8sel1al2eobczvuntu4y', '2023-11-17 17:00:08.000');
INSERT INTO "user_song_recommendations" ("id", "user_id", "song_id", "created_at") VALUES ('f4p6k6s6aqowd6o120nwfpgzitxu3z2uldixmx8osigtqsujkt', 'suk3j8xg44nshl9', 'zpqqy1pzs7cd4ayncwuqg2ffm7z8wzdb8azu15xkuyenq55v5e', '2023-11-17 17:00:08.000');
INSERT INTO "user_song_recommendations" ("id", "user_id", "song_id", "created_at") VALUES ('yjd49boh6dd1hn54z58q59p0fj94prohvlw5lzfhb1pfpe3mnb', 'suk3j8xg44nshl9', 'p6buvr0al4bhahx6oi88qrk2aeusf8ep3wrc4hcc504kpiw070', '2023-11-17 17:00:08.000');
INSERT INTO "user_song_recommendations" ("id", "user_id", "song_id", "created_at") VALUES ('30zh90r5kz3xt5il0o3k14osfgjd4rav1xoi38eds2rx70eby2', 'suk3j8xg44nshl9', 'gpik5z6a3q3m1b1l7kzg2ye7lzcesvc5y1woprb9d0tezdcqpz', '2023-11-17 17:00:08.000');
INSERT INTO "user_song_recommendations" ("id", "user_id", "song_id", "created_at") VALUES ('ao3tj53b1yruwqw0h1oze1kp0ep6teglk87av26d06w8na41pb', 'suk3j8xg44nshl9', 'bj63rlwnro1ut2uh6m2yk2wkj9hbd8h7p5ipagjox4bsqpdord', '2023-11-17 17:00:08.000');
INSERT INTO "user_song_recommendations" ("id", "user_id", "song_id", "created_at") VALUES ('g8ouv7of8ikkrkqz7rneqdqv4d0uy27j40lqf1n4tj5v4jgpmn', 'suk3j8xg44nshl9', 'mzm2v92e5p3mth3qhnv60jjabjdonvaz0xq6p8m8l9zbysfceg', '2023-11-17 17:00:08.000');
INSERT INTO "user_song_recommendations" ("id", "user_id", "song_id", "created_at") VALUES ('0c6m6cgiu366blhs9kwbr5o6qzpsrho96qwxu4nd1vvr23vax3', 'aeayzzdcsr3z8np', 'ws5bpm6zbbipwo0l9nv3paypv75nyl0kqlwtl9wqp0cn2m8e4r', '2023-11-17 17:00:08.000');
INSERT INTO "user_song_recommendations" ("id", "user_id", "song_id", "created_at") VALUES ('tg9bs7a5eli4ikz33oz7219feig9u8oa694ook3j22tgfws2bb', 'aeayzzdcsr3z8np', 'gfu5jczvdkunftb50n3ieo775jos7a7e757bpu3n6u5s8hwp14', '2023-11-17 17:00:08.000');
INSERT INTO "user_song_recommendations" ("id", "user_id", "song_id", "created_at") VALUES ('nxjo638hbrz3s60vcahn6jv5h8v0e8byuytkv27neksvcyjrpw', 'aeayzzdcsr3z8np', 'o157laauq98fsuuk13wkiclsdgrgp4n0go015az3uy65cgq32p', '2023-11-17 17:00:08.000');
INSERT INTO "user_song_recommendations" ("id", "user_id", "song_id", "created_at") VALUES ('0kvb57a915mdl7ai5tpix77ake2vcclgbswzfxgltx52uhhzj7', 'aeayzzdcsr3z8np', 'kzl3lb0h9uh7gen2jejsmm1pxtmdibjk31bk2bkm4seyox598z', '2023-11-17 17:00:08.000');
INSERT INTO "user_song_recommendations" ("id", "user_id", "song_id", "created_at") VALUES ('y2rgrvfj71gslwxgbe8ns1tjlgu2nsx2blypzeragb56rmhas5', 'aeayzzdcsr3z8np', 'lmv5y7b8gdfvhtaqbqsupi2ksbzpccu9kpmv5xsz7bewjxetth', '2023-11-17 17:00:08.000');
INSERT INTO "user_song_recommendations" ("id", "user_id", "song_id", "created_at") VALUES ('k72jifb2tr55bq817hg347le089uobgq5ytk1tpy7w2echdkb9', 'aeayzzdcsr3z8np', 'sovilkvnxud7f5cmhrzk3nqs8z9zee8q2t0pybrsm9boten17e', '2023-11-17 17:00:08.000');
INSERT INTO "user_song_recommendations" ("id", "user_id", "song_id", "created_at") VALUES ('sxln8z8pvzrj2zkj7jmgmxixbd4ptueacfrkacg7pcgk8fd84c', 'aeayzzdcsr3z8np', 'nwy1gwsrxauuwj6lsw9ef7xjfq2iljkeyonz47q4fa706f9vy4', '2023-11-17 17:00:08.000');
INSERT INTO "user_song_recommendations" ("id", "user_id", "song_id", "created_at") VALUES ('f71pnr9f14kp1ea2154zczwsbzx7lv8dsebkkff41xzq8bc6vo', 'aeayzzdcsr3z8np', 'uxtvwup0wxgq3w741fwq3dj8rhhrw8fu1pzidc8lg8p7mlskve', '2023-11-17 17:00:08.000');
INSERT INTO "user_song_recommendations" ("id", "user_id", "song_id", "created_at") VALUES ('w4bpb5q4o892c4xgafackpif084ay4u0m80oyjcdxbjxyz4br6', 'vlqxtgrgwwiu3lj', 'syvi6ztfyqfsomqfoq7foshwa4kxqjp4f9jp516m2cq7tob81a', '2023-11-17 17:00:08.000');
INSERT INTO "user_song_recommendations" ("id", "user_id", "song_id", "created_at") VALUES ('mn0m12ijgczb785bcod8xgukf5gmiwvjrtw76i9afl2cec4z8b', 'vlqxtgrgwwiu3lj', 'xhyfvcbypjmo0gu107yasy8e7nypn1gukfw7fnb53kzywp0c8z', '2023-11-17 17:00:08.000');
INSERT INTO "user_song_recommendations" ("id", "user_id", "song_id", "created_at") VALUES ('ku09q8ds3ob8magi0szub4p44kp7oi6b8c5h23uld3cupeypkw', 'vlqxtgrgwwiu3lj', 'ldegz9otfypfx0bp9jbzfmo1q6jjo4m33dzrqxj04xr7gowmzu', '2023-11-17 17:00:08.000');
INSERT INTO "user_song_recommendations" ("id", "user_id", "song_id", "created_at") VALUES ('8yz6ef4kbnrxqar6pugfdi37y7sn24atjq6y2n1u8dn229zb1v', 'vlqxtgrgwwiu3lj', 'xcgo15poz8xlvgavukcr73g9tukzzxe6hbea0plexyn4v598yl', '2023-11-17 17:00:08.000');
INSERT INTO "user_song_recommendations" ("id", "user_id", "song_id", "created_at") VALUES ('via7k0wc75z56o0yku5ehy46uncdkk67778t316qlkha8kklhn', 'vlqxtgrgwwiu3lj', '2h3c56l8yaxxg5zp7t18r4yfhow4bkhmm7yxlv5jpjttjykyq9', '2023-11-17 17:00:08.000');
INSERT INTO "user_song_recommendations" ("id", "user_id", "song_id", "created_at") VALUES ('juxqjnmfbscn0b68y2ynqr0jq3fo2aael26ws9jspnadx9632i', 'vlqxtgrgwwiu3lj', '7i6ftzooiclja2cn0focim7egv62rfd2jpib3betbv7v45mz1j', '2023-11-17 17:00:08.000');
INSERT INTO "user_song_recommendations" ("id", "user_id", "song_id", "created_at") VALUES ('efu4t2aktvluskjfm7ovsn2sltqvqrrturbgpuad2qt8inuvpl', 'vlqxtgrgwwiu3lj', 'kb04imr7f5hhyeyudh6ei1lazhbq937u92kjl8dgowiw319c0l', '2023-11-17 17:00:08.000');
INSERT INTO "user_song_recommendations" ("id", "user_id", "song_id", "created_at") VALUES ('7yl1owy2rgfqy1elnuk0q0u3stikxqls04okgs378hwrja11vp', 'vlqxtgrgwwiu3lj', '0vp5f8pz1x2137yuwhaloyitpua6ocbtr20dznrucvffui2rat', '2023-11-17 17:00:08.000');
INSERT INTO "user_song_recommendations" ("id", "user_id", "song_id", "created_at") VALUES ('50ekbre0ifr939s88loxs438li09zsp7lp2zbcwl4y72v9is6j', '45p9mm3xyx6hp2h', '7shs0hyqa9s22nnk67m6yii03ezvt8w5wjhgzjgw99ya0dv8c3', '2023-11-17 17:00:08.000');
INSERT INTO "user_song_recommendations" ("id", "user_id", "song_id", "created_at") VALUES ('w40wnftvjaa9dgtm5911yjnxq10qitv2v90a1rrpb7ud7p6ozz', '45p9mm3xyx6hp2h', '1ph5nykbaewhttzojtpxvilkzcru34x3ncohpursy950u4tt1y', '2023-11-17 17:00:08.000');
INSERT INTO "user_song_recommendations" ("id", "user_id", "song_id", "created_at") VALUES ('xqhyq51fcpqudd4plifjetzqxuy2sfj7ewdodqnvei7oc7hf4r', '45p9mm3xyx6hp2h', 'n5os43nzcy0oc26831fxznlr81uy1y80j8kyl3e3ifw2536m09', '2023-11-17 17:00:08.000');
INSERT INTO "user_song_recommendations" ("id", "user_id", "song_id", "created_at") VALUES ('lcry9r1h6omzgr7vvq6u41k4pdzuvqlkttkwqzacmhi5c44igw', '45p9mm3xyx6hp2h', 'vexjg6i0tujmnff33onqx17yc6o4em6i3exugs7z39gxr44e3k', '2023-11-17 17:00:08.000');
INSERT INTO "user_song_recommendations" ("id", "user_id", "song_id", "created_at") VALUES ('11oqq6r0br0zqy98245l8p8l69coqr0dkgx6k32kk139ecofpn', '45p9mm3xyx6hp2h', 'w4tfw3vnxyykovdy4n07ture4nf5lccb2aq888fnzc6m06c08h', '2023-11-17 17:00:08.000');
INSERT INTO "user_song_recommendations" ("id", "user_id", "song_id", "created_at") VALUES ('56lnjv5t5cpawavfmzsijsi8p7tzbsieujjur67265m4nuy254', '45p9mm3xyx6hp2h', '58q2plwi0w717iqjct0fggffe8pell2yf7gwoce883e5arayee', '2023-11-17 17:00:08.000');
INSERT INTO "user_song_recommendations" ("id", "user_id", "song_id", "created_at") VALUES ('q4y685fkxbq22fharw34s51cpb343fwviz6sh2x58kw1lv212r', '45p9mm3xyx6hp2h', '02fbmvabcikagbb0uqte3cod3dxen73fd93jo5il9xkifw1x87', '2023-11-17 17:00:08.000');
INSERT INTO "user_song_recommendations" ("id", "user_id", "song_id", "created_at") VALUES ('gxrfypu78kji3xcnghlzzx4m03i85mgt60rshci4gsals0ee66', '45p9mm3xyx6hp2h', 'rpj4pj9vrt95w7j8wub2ow0wrw5gn80g57q3g2e7uvkjwv9azs', '2023-11-17 17:00:08.000');
INSERT INTO "user_song_recommendations" ("id", "user_id", "song_id", "created_at") VALUES ('y3dda2mm4vjtfstkqxfpckcdzee19lnne4zjkslhugdatyt6yr', 'itterl5zs2amzb8', 'fpfir1jobru2ah0d9fik4toq9witifssftqtntvbnm84gyexpn', '2023-11-17 17:00:08.000');
INSERT INTO "user_song_recommendations" ("id", "user_id", "song_id", "created_at") VALUES ('qyfioeko3q8mxncovp837gf7onulawm5bt303le443eo62wwdi', 'itterl5zs2amzb8', '5vd125yh0ahdvdvb2nlwh1qmu0mej3iw2fwog0bvxl1uuo7td8', '2023-11-17 17:00:08.000');
INSERT INTO "user_song_recommendations" ("id", "user_id", "song_id", "created_at") VALUES ('lp1jp5z7xkgvitt2ce4w6ae8vhoiscdirp09guc2njrfff59rd', 'itterl5zs2amzb8', 'kik0v1zm4gek1hhzluu06pvh2i0wk0hx944ipckntkbh56qk6n', '2023-11-17 17:00:08.000');
INSERT INTO "user_song_recommendations" ("id", "user_id", "song_id", "created_at") VALUES ('zuldmyb77zhmm99vjeo28ubx3894isz3hq3cfigxj8d9t73q5a', 'itterl5zs2amzb8', 'xlwzsbho0czql67hfiywmzrxbqnr31nfheupkcgl8ic4422qoc', '2023-11-17 17:00:08.000');
INSERT INTO "user_song_recommendations" ("id", "user_id", "song_id", "created_at") VALUES ('o9jlegwrphl007qilefznrxr0r9ron82plo39l7cllofx6ddnl', 'itterl5zs2amzb8', '6yemw7wxyw5xq56h8r6qo98q5dsie9qvr42f5r3fpbaxp3nt1r', '2023-11-17 17:00:08.000');
INSERT INTO "user_song_recommendations" ("id", "user_id", "song_id", "created_at") VALUES ('sf15d053k187jnz23703oml46c27ciu2i08rxz0h21lrs563t6', 'itterl5zs2amzb8', 'ffm51iomgieti8mxckj7vw76wxdzej3dxviszdc63k43fhvf54', '2023-11-17 17:00:08.000');
INSERT INTO "user_song_recommendations" ("id", "user_id", "song_id", "created_at") VALUES ('y47y8pq2nco8eh0smqvod32hio5ywcxhm8ziwfelte13duaozu', 'itterl5zs2amzb8', 'bw9g8t6vlictka21wrt70g8vfy3yr3n46y3yw8d7ly6pat0kjy', '2023-11-17 17:00:08.000');
INSERT INTO "user_song_recommendations" ("id", "user_id", "song_id", "created_at") VALUES ('jtkdt49nbi15u3jwljjgu0j4vo2vmz121rsdx650onifefehvm', 'itterl5zs2amzb8', 'd69cy052iz9c4swkane8ymd6jyw5xpqfcd9a8ez60w498it6ah', '2023-11-17 17:00:08.000');
INSERT INTO "user_song_recommendations" ("id", "user_id", "song_id", "created_at") VALUES ('mpyxrj71i6srs6ufdwmkbvl8u35bletd3h15e0sj71jcoaarki', 'sv1aoe191pgq7qb', 'p6buvr0al4bhahx6oi88qrk2aeusf8ep3wrc4hcc504kpiw070', '2023-11-17 17:00:08.000');
INSERT INTO "user_song_recommendations" ("id", "user_id", "song_id", "created_at") VALUES ('wv13j063mz287kjrop1asimj104ivo6yoykvct4vqdy6cp7qds', 'sv1aoe191pgq7qb', '6dalr30uz2swmqqt9ye2f5n2lgmjidz6rjup96bu80ua7y3gyo', '2023-11-17 17:00:08.000');
INSERT INTO "user_song_recommendations" ("id", "user_id", "song_id", "created_at") VALUES ('n0j11jdzt1qf4mbjj81v906s7cq14vv5cf6gv1g05rpscekrx1', 'sv1aoe191pgq7qb', 'ma3wpnd5eko5js51uiyocn3p26eyb0ywgxhc6984mcjlt6nmpp', '2023-11-17 17:00:08.000');
INSERT INTO "user_song_recommendations" ("id", "user_id", "song_id", "created_at") VALUES ('0ltt1rnr5vkwpfvq3f0ecdz71fsukhwe52kc33c98zvofyygjw', 'sv1aoe191pgq7qb', 'p66dfrzmte86iyyjzd65297jcqp9flab32zckfzaamv3eebrcm', '2023-11-17 17:00:08.000');
INSERT INTO "user_song_recommendations" ("id", "user_id", "song_id", "created_at") VALUES ('hmz90rz3x93wz162yfdra51alhiype8fjt8hjcgg43jeab6osl', 'sv1aoe191pgq7qb', '0ar6hf705vkuyu6x5i537xckubw431cptytq9n4cvb2fjmmc6h', '2023-11-17 17:00:08.000');
INSERT INTO "user_song_recommendations" ("id", "user_id", "song_id", "created_at") VALUES ('giaya9hkaeupf0oz4d0n94o8jl7ukivf25n2twkq3rqckpegdd', 'sv1aoe191pgq7qb', 'gfu5jczvdkunftb50n3ieo775jos7a7e757bpu3n6u5s8hwp14', '2023-11-17 17:00:08.000');
INSERT INTO "user_song_recommendations" ("id", "user_id", "song_id", "created_at") VALUES ('0q4c6p7n8gyscbqs691ol0pxwtegvxttw5k5jedtoomvfg1tj6', 'sv1aoe191pgq7qb', 'g7fxd9yi0v4n550o224rml7i59edf5a1nj639ua9yfgx9r6n6b', '2023-11-17 17:00:08.000');
INSERT INTO "user_song_recommendations" ("id", "user_id", "song_id", "created_at") VALUES ('lir4pfygwhpgdy2mhcwss9qi9k0tdsf5zqk5d2h4nmrxdj4jc9', 'sv1aoe191pgq7qb', '5i0i3o98tut9lrkro77isnosxpwqltfzyyinb0axt21nfghhpu', '2023-11-17 17:00:08.000');
INSERT INTO "user_song_recommendations" ("id", "user_id", "song_id", "created_at") VALUES ('t2a0pciavpjwdgoiuecjpwo83fokx29s9ff7etsyi6vovldftg', 'icqlt67n2fd7p34', 'pshcufoapzlt4fua6s4wzclmkke5jblax3xxseeyh1mnbyunug', '2023-11-17 17:00:08.000');
INSERT INTO "user_song_recommendations" ("id", "user_id", "song_id", "created_at") VALUES ('5qu5t8a4lt9e2acmxyrfosmjuamakcm65ic1ktr0pgwtpb3rtd', 'icqlt67n2fd7p34', 'gc5c3w4vyr7egba584qdyqepoa81bqlwcxpmni4z4030ierf67', '2023-11-17 17:00:08.000');
INSERT INTO "user_song_recommendations" ("id", "user_id", "song_id", "created_at") VALUES ('twbx1to5ocfv48t2gm0vjlq57kmhpmvxaxzwuls24wn2rduvem', 'icqlt67n2fd7p34', 'm3wezlwozuogq9i6sub1ex1oe6ka1r7ppmrfw3sre4jd2k7ff7', '2023-11-17 17:00:08.000');
INSERT INTO "user_song_recommendations" ("id", "user_id", "song_id", "created_at") VALUES ('fvyu7b14v20qd1d9g13tml6qhsy4byljdbqqsk25d8k3x9k095', 'icqlt67n2fd7p34', 'i79ddcue2c2y5n8ymymvsbakqvrzzzsncrgtnz1n771pwtcccu', '2023-11-17 17:00:08.000');
INSERT INTO "user_song_recommendations" ("id", "user_id", "song_id", "created_at") VALUES ('wfoludx5r8iw45bxx33j1mrodvh1s1eeutuf6h8lznq89i7bl3', 'icqlt67n2fd7p34', 'hfc4qmg38wtyol9c3uyvh6mvxqyqccqzyn5llswgvmh8ubq3mx', '2023-11-17 17:00:08.000');
INSERT INTO "user_song_recommendations" ("id", "user_id", "song_id", "created_at") VALUES ('7bhfp5aa6vcu04dx67jmqpa5b2zxb63v59rzl7yxzmbqc5dz4p', 'icqlt67n2fd7p34', 'z4m3f9onl0w1efd6ywv02vb1x2esh0co7iykalepnw3z93i1z6', '2023-11-17 17:00:08.000');
INSERT INTO "user_song_recommendations" ("id", "user_id", "song_id", "created_at") VALUES ('qlaw0cvkyypjuc55p1br17w41fncir9ayd7cm0tmfe7258urru', 'icqlt67n2fd7p34', 'hboisaccg0lsjfa4689eha353jt67jnn9plcxoa7wufkxyue27', '2023-11-17 17:00:08.000');
INSERT INTO "user_song_recommendations" ("id", "user_id", "song_id", "created_at") VALUES ('ll0imh942858judivf1262syrhtvczr6wryk3antxt2zhdml7k', 'icqlt67n2fd7p34', 'ffqmak6adc775wm3po5hmanik3x1a8f15yuhwzxpacw2rcuuo7', '2023-11-17 17:00:08.000');
