-- Users
INSERT INTO "auth_user" ("id", "username", "email", "profile_image_url", "created_at") VALUES ('7niawzo6bb63u2u', 'Ivan Davis (0)', '0@g.com', NULL,'2023-11-17 17:00:08.000');
INSERT INTO "user_key" ("id", "user_id", "hashed_password") VALUES ('email:0@g.com', '7niawzo6bb63u2u', 's2:ypixvsa9kdptdm5e:9772b9b97a807a7f47ec6097088d2a4024dba58149f0ca73e063e373505e7d6d73558d9111681e34fee10c4b14d8ee4af03030521f41d555cc1fef79872ce189');
INSERT INTO "auth_user" ("id", "username", "email", "profile_image_url", "created_at") VALUES ('h9grz328f3wfk9g', 'Hannah Davis (1)', '1@g.com', NULL,'2023-11-17 17:00:08.000');
INSERT INTO "user_key" ("id", "user_id", "hashed_password") VALUES ('email:1@g.com', 'h9grz328f3wfk9g', 's2:ypixvsa9kdptdm5e:9772b9b97a807a7f47ec6097088d2a4024dba58149f0ca73e063e373505e7d6d73558d9111681e34fee10c4b14d8ee4af03030521f41d555cc1fef79872ce189');
INSERT INTO "auth_user" ("id", "username", "email", "profile_image_url", "created_at") VALUES ('m4t851dyjzqe6qh', 'Alice Garcia (2)', '2@g.com', NULL,'2023-11-17 17:00:08.000');
INSERT INTO "user_key" ("id", "user_id", "hashed_password") VALUES ('email:2@g.com', 'm4t851dyjzqe6qh', 's2:ypixvsa9kdptdm5e:9772b9b97a807a7f47ec6097088d2a4024dba58149f0ca73e063e373505e7d6d73558d9111681e34fee10c4b14d8ee4af03030521f41d555cc1fef79872ce189');
INSERT INTO "auth_user" ("id", "username", "email", "profile_image_url", "created_at") VALUES ('kcp913in2bq0pft', 'Alice Garcia (3)', '3@g.com', NULL,'2023-11-17 17:00:08.000');
INSERT INTO "user_key" ("id", "user_id", "hashed_password") VALUES ('email:3@g.com', 'kcp913in2bq0pft', 's2:ypixvsa9kdptdm5e:9772b9b97a807a7f47ec6097088d2a4024dba58149f0ca73e063e373505e7d6d73558d9111681e34fee10c4b14d8ee4af03030521f41d555cc1fef79872ce189');
INSERT INTO "auth_user" ("id", "username", "email", "profile_image_url", "created_at") VALUES ('dze8m8msphmg7nh', 'Diana Brown (4)', '4@g.com', NULL,'2023-11-17 17:00:08.000');
INSERT INTO "user_key" ("id", "user_id", "hashed_password") VALUES ('email:4@g.com', 'dze8m8msphmg7nh', 's2:ypixvsa9kdptdm5e:9772b9b97a807a7f47ec6097088d2a4024dba58149f0ca73e063e373505e7d6d73558d9111681e34fee10c4b14d8ee4af03030521f41d555cc1fef79872ce189');
INSERT INTO "auth_user" ("id", "username", "email", "profile_image_url", "created_at") VALUES ('2wt2309ehptszic', 'Fiona Smith (5)', '5@g.com', NULL,'2023-11-17 17:00:08.000');
INSERT INTO "user_key" ("id", "user_id", "hashed_password") VALUES ('email:5@g.com', '2wt2309ehptszic', 's2:ypixvsa9kdptdm5e:9772b9b97a807a7f47ec6097088d2a4024dba58149f0ca73e063e373505e7d6d73558d9111681e34fee10c4b14d8ee4af03030521f41d555cc1fef79872ce189');
INSERT INTO "auth_user" ("id", "username", "email", "profile_image_url", "created_at") VALUES ('pxu54pmgawm34b5', 'Ivan Brown (6)', '6@g.com', NULL,'2023-11-17 17:00:08.000');
INSERT INTO "user_key" ("id", "user_id", "hashed_password") VALUES ('email:6@g.com', 'pxu54pmgawm34b5', 's2:ypixvsa9kdptdm5e:9772b9b97a807a7f47ec6097088d2a4024dba58149f0ca73e063e373505e7d6d73558d9111681e34fee10c4b14d8ee4af03030521f41d555cc1fef79872ce189');
INSERT INTO "auth_user" ("id", "username", "email", "profile_image_url", "created_at") VALUES ('nz4nme54t9n8mts', 'Julia Davis (7)', '7@g.com', NULL,'2023-11-17 17:00:08.000');
INSERT INTO "user_key" ("id", "user_id", "hashed_password") VALUES ('email:7@g.com', 'nz4nme54t9n8mts', 's2:ypixvsa9kdptdm5e:9772b9b97a807a7f47ec6097088d2a4024dba58149f0ca73e063e373505e7d6d73558d9111681e34fee10c4b14d8ee4af03030521f41d555cc1fef79872ce189');
INSERT INTO "auth_user" ("id", "username", "email", "profile_image_url", "created_at") VALUES ('czeh5bn7jkh7am1', 'Diana Jones (8)', '8@g.com', NULL,'2023-11-17 17:00:08.000');
INSERT INTO "user_key" ("id", "user_id", "hashed_password") VALUES ('email:8@g.com', 'czeh5bn7jkh7am1', 's2:ypixvsa9kdptdm5e:9772b9b97a807a7f47ec6097088d2a4024dba58149f0ca73e063e373505e7d6d73558d9111681e34fee10c4b14d8ee4af03030521f41d555cc1fef79872ce189');
INSERT INTO "auth_user" ("id", "username", "email", "profile_image_url", "created_at") VALUES ('ehjowsa0xfnqkor', 'Julia Rodriguez (9)', '9@g.com', NULL,'2023-11-17 17:00:08.000');
INSERT INTO "user_key" ("id", "user_id", "hashed_password") VALUES ('email:9@g.com', 'ehjowsa0xfnqkor', 's2:ypixvsa9kdptdm5e:9772b9b97a807a7f47ec6097088d2a4024dba58149f0ca73e063e373505e7d6d73558d9111681e34fee10c4b14d8ee4af03030521f41d555cc1fef79872ce189');
-- Playlists
INSERT INTO "playlist" ("id", "name", "created_at", "user_id") VALUES ('ns5z00unyu4dfhxoyapr5pm522radtfp1m6ov7i8ngbnnib95c', 'Playlist 0', '2023-11-17 17:00:08.000','7niawzo6bb63u2u');
INSERT INTO "playlist_songs" ("song_id", "playlist_id", "order") VALUES ('gfz23jqpmrjv3jgd8ycuu8qt2p0xcy183j95b8uz1w4vwpq8mh', 'ns5z00unyu4dfhxoyapr5pm522radtfp1m6ov7i8ngbnnib95c', 0);
INSERT INTO "playlist_songs" ("song_id", "playlist_id", "order") VALUES ('3p6qm7d5sdcxinrozvne9ygvstptiasvmeaub86h05ry2wf9sf', 'ns5z00unyu4dfhxoyapr5pm522radtfp1m6ov7i8ngbnnib95c', 2);
INSERT INTO "playlist_songs" ("song_id", "playlist_id", "order") VALUES ('5wm9dsmfvcagzg9xbp3cmrpfhefudzx8ivmfuj5h8gxdake5ej', 'ns5z00unyu4dfhxoyapr5pm522radtfp1m6ov7i8ngbnnib95c', 7);
INSERT INTO "playlist_songs" ("song_id", "playlist_id", "order") VALUES ('82zgg8q2s2cw6aatnh1ymgmnxcfa4pyb02v9uxah3p0tepklui', 'ns5z00unyu4dfhxoyapr5pm522radtfp1m6ov7i8ngbnnib95c', 5);
INSERT INTO "playlist_songs" ("song_id", "playlist_id", "order") VALUES ('jycm7ygfvme89cmpm1n6vw8z66o8q5fiwgyle6ilpr2o429ir5', 'ns5z00unyu4dfhxoyapr5pm522radtfp1m6ov7i8ngbnnib95c', 9);
INSERT INTO "playlist_songs" ("song_id", "playlist_id", "order") VALUES ('mkuag4s7kb9ivuyvkbq6pb8dkyylzk34cfg14kucqu75cksslu', 'ns5z00unyu4dfhxoyapr5pm522radtfp1m6ov7i8ngbnnib95c', 6);
INSERT INTO "playlist_songs" ("song_id", "playlist_id", "order") VALUES ('txcuqb49df2is76qdaxxuzffrsj65ioadxnngxcs9h8jotpeep', 'ns5z00unyu4dfhxoyapr5pm522radtfp1m6ov7i8ngbnnib95c', 3);
INSERT INTO "playlist_songs" ("song_id", "playlist_id", "order") VALUES ('wcwoootefr9bacuui443jegod0nwaso75om2ej6fk8ljvoz1rn', 'ns5z00unyu4dfhxoyapr5pm522radtfp1m6ov7i8ngbnnib95c', 8);
INSERT INTO "playlist_songs" ("song_id", "playlist_id", "order") VALUES ('ndjl6nqita8qrkhgj4dxj0bjzuvaqj3ntfafre37jrb3olg11h', 'ns5z00unyu4dfhxoyapr5pm522radtfp1m6ov7i8ngbnnib95c', 4);
INSERT INTO "playlist_songs" ("song_id", "playlist_id", "order") VALUES ('c6t9heodnut5jflr7nixeyme0hvg98vi6q4wv0hjg15elb0lyu', 'ns5z00unyu4dfhxoyapr5pm522radtfp1m6ov7i8ngbnnib95c', 1);
INSERT INTO "playlist" ("id", "name", "created_at", "user_id") VALUES ('v5d3wm06auzaj88abtlwmq4xm7qz976olp1et58ztznqn7gq4l', 'Playlist 1', '2023-11-17 17:00:08.000','7niawzo6bb63u2u');
INSERT INTO "playlist_songs" ("song_id", "playlist_id", "order") VALUES ('2w80uqguadkppjd6c5vu3rcwz86lnfs79su52uwmyu631e31kq', 'v5d3wm06auzaj88abtlwmq4xm7qz976olp1et58ztznqn7gq4l', 0);
INSERT INTO "playlist_songs" ("song_id", "playlist_id", "order") VALUES ('csahcs6zsq0l1l6vtnzwwfnk4qbwuyyenzvh7v5sgbbyta6k4b', 'v5d3wm06auzaj88abtlwmq4xm7qz976olp1et58ztznqn7gq4l', 9);
INSERT INTO "playlist_songs" ("song_id", "playlist_id", "order") VALUES ('kihn2imlymubjfuwy9qrkvwlc3kbicq5e0e3kfb7174gimjnjd', 'v5d3wm06auzaj88abtlwmq4xm7qz976olp1et58ztznqn7gq4l', 3);
INSERT INTO "playlist_songs" ("song_id", "playlist_id", "order") VALUES ('l2afkm21hufds9luujclk4lq92my6pqeyee8htyhfdz1wl7a5v', 'v5d3wm06auzaj88abtlwmq4xm7qz976olp1et58ztznqn7gq4l', 8);
INSERT INTO "playlist_songs" ("song_id", "playlist_id", "order") VALUES ('blpy4v6hr1144hn2v5wrtgqf7wd92vtmp3hqlgc85dxk1w0v1o', 'v5d3wm06auzaj88abtlwmq4xm7qz976olp1et58ztznqn7gq4l', 2);
INSERT INTO "playlist_songs" ("song_id", "playlist_id", "order") VALUES ('15ndc4uiiiho11k2hm4poyf0us93jfaa86ybz4tt1xh1z4ovjq', 'v5d3wm06auzaj88abtlwmq4xm7qz976olp1et58ztznqn7gq4l', 5);
INSERT INTO "playlist_songs" ("song_id", "playlist_id", "order") VALUES ('w16zpnibwlr9q9cvlkk8507ct2ui8r7e51slyxb59zbij1x75s', 'v5d3wm06auzaj88abtlwmq4xm7qz976olp1et58ztznqn7gq4l', 6);
INSERT INTO "playlist_songs" ("song_id", "playlist_id", "order") VALUES ('0fb7ncyxppc1mfwctaywx6ucg21jjepzojs3wcmi3bprynce0a', 'v5d3wm06auzaj88abtlwmq4xm7qz976olp1et58ztznqn7gq4l', 1);
INSERT INTO "playlist_songs" ("song_id", "playlist_id", "order") VALUES ('2cvgssa50u0jegpofn72xtez9zh8puqi17vy1m37269jk9s821', 'v5d3wm06auzaj88abtlwmq4xm7qz976olp1et58ztznqn7gq4l', 4);
INSERT INTO "playlist_songs" ("song_id", "playlist_id", "order") VALUES ('o68y8dkcx2ixhm9b9peuhv2yu3xjthn2ax2nvmg7ijhhgzthrn', 'v5d3wm06auzaj88abtlwmq4xm7qz976olp1et58ztznqn7gq4l', 7);
INSERT INTO "playlist" ("id", "name", "created_at", "user_id") VALUES ('lnrxc8pytqn4s2ex6rsg0pgxwu7wjsxdl3qnbkob8or6piyhyf', 'Playlist 0', '2023-11-17 17:00:08.000','h9grz328f3wfk9g');
INSERT INTO "playlist_songs" ("song_id", "playlist_id", "order") VALUES ('tew2vsip9yw70pzbv3g1rbjl50leservxrxix4tf43jd991b8m', 'lnrxc8pytqn4s2ex6rsg0pgxwu7wjsxdl3qnbkob8or6piyhyf', 0);
INSERT INTO "playlist_songs" ("song_id", "playlist_id", "order") VALUES ('0cgn9t8krg2kfv4ll4oo8c6yupp3v74fvg8zdl63kemz8jtf6m', 'lnrxc8pytqn4s2ex6rsg0pgxwu7wjsxdl3qnbkob8or6piyhyf', 6);
INSERT INTO "playlist_songs" ("song_id", "playlist_id", "order") VALUES ('rd67zn7a67z9j9vuumvvwfvl0r2ofinl11we24rgj8bif5e2pi', 'lnrxc8pytqn4s2ex6rsg0pgxwu7wjsxdl3qnbkob8or6piyhyf', 7);
INSERT INTO "playlist_songs" ("song_id", "playlist_id", "order") VALUES ('kn51cgelf0dvgzu5tzpnfn9x6jz1e54x7i34rh7qaa6al5mjam', 'lnrxc8pytqn4s2ex6rsg0pgxwu7wjsxdl3qnbkob8or6piyhyf', 1);
INSERT INTO "playlist_songs" ("song_id", "playlist_id", "order") VALUES ('26lbitb2kojyla45i112fm4myjmgd6b441w6xmg8eatzgjswt1', 'lnrxc8pytqn4s2ex6rsg0pgxwu7wjsxdl3qnbkob8or6piyhyf', 4);
INSERT INTO "playlist_songs" ("song_id", "playlist_id", "order") VALUES ('m36vo5bbj2sivhw2sr8sf7optbayie5fumupaoyjpfctkha5zk', 'lnrxc8pytqn4s2ex6rsg0pgxwu7wjsxdl3qnbkob8or6piyhyf', 3);
INSERT INTO "playlist_songs" ("song_id", "playlist_id", "order") VALUES ('1v1spn9378yapd9zzkfejtg32y8uuznmmruau2fbhwcs3crrho', 'lnrxc8pytqn4s2ex6rsg0pgxwu7wjsxdl3qnbkob8or6piyhyf', 5);
INSERT INTO "playlist_songs" ("song_id", "playlist_id", "order") VALUES ('l49f0nfdljp4l06o1dc9o564put8gzl9f026iiigi74cyhm7a0', 'lnrxc8pytqn4s2ex6rsg0pgxwu7wjsxdl3qnbkob8or6piyhyf', 9);
INSERT INTO "playlist_songs" ("song_id", "playlist_id", "order") VALUES ('5wrckeggqtin4cdfm4e3gz27vj4zn142rs7kzhlqcfw7fohn01', 'lnrxc8pytqn4s2ex6rsg0pgxwu7wjsxdl3qnbkob8or6piyhyf', 2);
INSERT INTO "playlist_songs" ("song_id", "playlist_id", "order") VALUES ('nd3i9u8nc03uq54mcnwb2fu1d2hq2go3y296i1yo4mzb8fk4nh', 'lnrxc8pytqn4s2ex6rsg0pgxwu7wjsxdl3qnbkob8or6piyhyf', 8);
INSERT INTO "playlist" ("id", "name", "created_at", "user_id") VALUES ('cudrhdcl3qlhaz6moxo7bwr2lizi7cbey3gtl59zhwh65ry27l', 'Playlist 1', '2023-11-17 17:00:08.000','h9grz328f3wfk9g');
INSERT INTO "playlist_songs" ("song_id", "playlist_id", "order") VALUES ('c6t9heodnut5jflr7nixeyme0hvg98vi6q4wv0hjg15elb0lyu', 'cudrhdcl3qlhaz6moxo7bwr2lizi7cbey3gtl59zhwh65ry27l', 0);
INSERT INTO "playlist_songs" ("song_id", "playlist_id", "order") VALUES ('tkn1shxhlebm7ftwomm5v9mfbcq7awfjv9jeq0bch9bwm3cfe0', 'cudrhdcl3qlhaz6moxo7bwr2lizi7cbey3gtl59zhwh65ry27l', 3);
INSERT INTO "playlist_songs" ("song_id", "playlist_id", "order") VALUES ('dqgc5ny35vl1ereq3wekkhztpl60pjnw846cic4it869sedrsz', 'cudrhdcl3qlhaz6moxo7bwr2lizi7cbey3gtl59zhwh65ry27l', 9);
INSERT INTO "playlist_songs" ("song_id", "playlist_id", "order") VALUES ('50u9fo1lq6e7gbf5a7jfl25x5r7zmoylz24xw4amqisto32s49', 'cudrhdcl3qlhaz6moxo7bwr2lizi7cbey3gtl59zhwh65ry27l', 8);
INSERT INTO "playlist_songs" ("song_id", "playlist_id", "order") VALUES ('8y32kjtopc1mruxffq8hbc9xe65lioz4dec4a8mid1qh3molc4', 'cudrhdcl3qlhaz6moxo7bwr2lizi7cbey3gtl59zhwh65ry27l', 2);
INSERT INTO "playlist_songs" ("song_id", "playlist_id", "order") VALUES ('jjrjq8x0idsewckl0ndpoithtietkm88fhbd32yimagxtron3b', 'cudrhdcl3qlhaz6moxo7bwr2lizi7cbey3gtl59zhwh65ry27l', 6);
INSERT INTO "playlist_songs" ("song_id", "playlist_id", "order") VALUES ('0puqr72wva7cwjn67o2uc6f67aerxbvet1ejnfecb63wwc3pjp', 'cudrhdcl3qlhaz6moxo7bwr2lizi7cbey3gtl59zhwh65ry27l', 4);
INSERT INTO "playlist_songs" ("song_id", "playlist_id", "order") VALUES ('77afzq8gd2srtcm7homs8120fw100om6izgf2wbmlsa70mgmq2', 'cudrhdcl3qlhaz6moxo7bwr2lizi7cbey3gtl59zhwh65ry27l', 1);
INSERT INTO "playlist_songs" ("song_id", "playlist_id", "order") VALUES ('haa4zbq8ukdkpaaclq14bj5seimkf8ei8fqixlvyhqz2r2n4y6', 'cudrhdcl3qlhaz6moxo7bwr2lizi7cbey3gtl59zhwh65ry27l', 5);
INSERT INTO "playlist_songs" ("song_id", "playlist_id", "order") VALUES ('1v1spn9378yapd9zzkfejtg32y8uuznmmruau2fbhwcs3crrho', 'cudrhdcl3qlhaz6moxo7bwr2lizi7cbey3gtl59zhwh65ry27l', 7);
INSERT INTO "playlist" ("id", "name", "created_at", "user_id") VALUES ('r6aylsvd3wx8vg9wi2wt1ce6gulvo3n3jjzytf8i4ngcht1do8', 'Playlist 0', '2023-11-17 17:00:08.000','m4t851dyjzqe6qh');
INSERT INTO "playlist_songs" ("song_id", "playlist_id", "order") VALUES ('5bk1i17ftkq95ojq2ndcsmc8yeiaasgx4dchongouirsuq78xj', 'r6aylsvd3wx8vg9wi2wt1ce6gulvo3n3jjzytf8i4ngcht1do8', 0);
INSERT INTO "playlist_songs" ("song_id", "playlist_id", "order") VALUES ('r2l8unvvwp9dmafha643b3ti95dxp6czif1stgiu0jov96v5nd', 'r6aylsvd3wx8vg9wi2wt1ce6gulvo3n3jjzytf8i4ngcht1do8', 8);
INSERT INTO "playlist_songs" ("song_id", "playlist_id", "order") VALUES ('csahcs6zsq0l1l6vtnzwwfnk4qbwuyyenzvh7v5sgbbyta6k4b', 'r6aylsvd3wx8vg9wi2wt1ce6gulvo3n3jjzytf8i4ngcht1do8', 2);
INSERT INTO "playlist_songs" ("song_id", "playlist_id", "order") VALUES ('c6ngltveh0of75fagaph3gweye1kd32mjgc9hj7ghfzu0n4q1l', 'r6aylsvd3wx8vg9wi2wt1ce6gulvo3n3jjzytf8i4ngcht1do8', 4);
INSERT INTO "playlist_songs" ("song_id", "playlist_id", "order") VALUES ('wueguh3hlj48tn8lfkdioibo4svg2vas40renv0idwv3gi9bj3', 'r6aylsvd3wx8vg9wi2wt1ce6gulvo3n3jjzytf8i4ngcht1do8', 6);
INSERT INTO "playlist_songs" ("song_id", "playlist_id", "order") VALUES ('gie926pbwtneadz3ybfx2qpuirir808gcmhbkgh3kn09qzy6jn', 'r6aylsvd3wx8vg9wi2wt1ce6gulvo3n3jjzytf8i4ngcht1do8', 7);
INSERT INTO "playlist_songs" ("song_id", "playlist_id", "order") VALUES ('7l9mf815b87xy1cbq4qwlqpxl8j6i0te0il5fr7ofjqhavfzn8', 'r6aylsvd3wx8vg9wi2wt1ce6gulvo3n3jjzytf8i4ngcht1do8', 3);
INSERT INTO "playlist_songs" ("song_id", "playlist_id", "order") VALUES ('loba7mmjlo79auc1z4trmt3wqqvt9n5sm2unjnoujth1bo7we3', 'r6aylsvd3wx8vg9wi2wt1ce6gulvo3n3jjzytf8i4ngcht1do8', 9);
INSERT INTO "playlist_songs" ("song_id", "playlist_id", "order") VALUES ('evsus8h8nghfhdcpl1gk3xs1qervidoekhxmozz4s5m49gkwfw', 'r6aylsvd3wx8vg9wi2wt1ce6gulvo3n3jjzytf8i4ngcht1do8', 1);
INSERT INTO "playlist_songs" ("song_id", "playlist_id", "order") VALUES ('322r3m8yptrtfqmuscsqem9kqnxkdl0hh9rmgufhj3kudrhgi7', 'r6aylsvd3wx8vg9wi2wt1ce6gulvo3n3jjzytf8i4ngcht1do8', 5);
INSERT INTO "playlist" ("id", "name", "created_at", "user_id") VALUES ('sqd85jsbeqepyu3b83tn0oh1gt8h8wgaojm15590l7t9th5ipo', 'Playlist 1', '2023-11-17 17:00:08.000','m4t851dyjzqe6qh');
INSERT INTO "playlist_songs" ("song_id", "playlist_id", "order") VALUES ('ci5hsq8bdd47qx3jqd13tzyftn4mfnt8j5r2pnv7bpo0ld9w0e', 'sqd85jsbeqepyu3b83tn0oh1gt8h8wgaojm15590l7t9th5ipo', 0);
INSERT INTO "playlist_songs" ("song_id", "playlist_id", "order") VALUES ('yn12h9tixlxrw6unm4q9ah0emxen63xc3kxh4s57ysuuzwq9hj', 'sqd85jsbeqepyu3b83tn0oh1gt8h8wgaojm15590l7t9th5ipo', 8);
INSERT INTO "playlist_songs" ("song_id", "playlist_id", "order") VALUES ('u01low24c4qbfjsbw8rpo3dvx4grrf5m7qi174kcpqjp72d6vy', 'sqd85jsbeqepyu3b83tn0oh1gt8h8wgaojm15590l7t9th5ipo', 9);
INSERT INTO "playlist_songs" ("song_id", "playlist_id", "order") VALUES ('j6yuzi67b9st5pbopfcdqxgiw63v5euk5il58u3yi3xyb8glpp', 'sqd85jsbeqepyu3b83tn0oh1gt8h8wgaojm15590l7t9th5ipo', 1);
INSERT INTO "playlist_songs" ("song_id", "playlist_id", "order") VALUES ('nwuo3pb19gzfpd4il2ly40r21w2p37qbid4hk063i9ti2kh4qy', 'sqd85jsbeqepyu3b83tn0oh1gt8h8wgaojm15590l7t9th5ipo', 5);
INSERT INTO "playlist_songs" ("song_id", "playlist_id", "order") VALUES ('11edw8dcwst48wetouxuf0dw4nk9unrhzacl27zmqcgoebwm51', 'sqd85jsbeqepyu3b83tn0oh1gt8h8wgaojm15590l7t9th5ipo', 2);
INSERT INTO "playlist_songs" ("song_id", "playlist_id", "order") VALUES ('yo0a2a7ur6bvs61uva2bik2iww9a49u755du9nybitm4zd11ag', 'sqd85jsbeqepyu3b83tn0oh1gt8h8wgaojm15590l7t9th5ipo', 6);
INSERT INTO "playlist_songs" ("song_id", "playlist_id", "order") VALUES ('jwu28lpdtcukl4a9gyjgogni8tqvdqtvpum7oh7qgfxzfgq4sv', 'sqd85jsbeqepyu3b83tn0oh1gt8h8wgaojm15590l7t9th5ipo', 7);
INSERT INTO "playlist_songs" ("song_id", "playlist_id", "order") VALUES ('lqi3km8q4uvnxtw96eud81b7zm1abev2jeb2z1tw35ich5kgsz', 'sqd85jsbeqepyu3b83tn0oh1gt8h8wgaojm15590l7t9th5ipo', 3);
INSERT INTO "playlist_songs" ("song_id", "playlist_id", "order") VALUES ('necdsqrccwraqegrwg1w42k7zu0bz9urbgmdeud6p2efd6oou7', 'sqd85jsbeqepyu3b83tn0oh1gt8h8wgaojm15590l7t9th5ipo', 4);
INSERT INTO "playlist" ("id", "name", "created_at", "user_id") VALUES ('6j5glnc0zvdbym08py0uysf8mw6mteqla5v95287p40pj7aek5', 'Playlist 0', '2023-11-17 17:00:08.000','kcp913in2bq0pft');
INSERT INTO "playlist_songs" ("song_id", "playlist_id", "order") VALUES ('zks15pyl5rckmq9zyyzrxrqmefjwxyal6f7hdg9znck4uztg7m', '6j5glnc0zvdbym08py0uysf8mw6mteqla5v95287p40pj7aek5', 0);
INSERT INTO "playlist_songs" ("song_id", "playlist_id", "order") VALUES ('1rntiohxm44x5w2nlftxa7skfuf1jlpinz0dlq9cfh414rtcze', '6j5glnc0zvdbym08py0uysf8mw6mteqla5v95287p40pj7aek5', 7);
INSERT INTO "playlist_songs" ("song_id", "playlist_id", "order") VALUES ('tkn1shxhlebm7ftwomm5v9mfbcq7awfjv9jeq0bch9bwm3cfe0', '6j5glnc0zvdbym08py0uysf8mw6mteqla5v95287p40pj7aek5', 2);
INSERT INTO "playlist_songs" ("song_id", "playlist_id", "order") VALUES ('e1zd9oal3t4kdu615mg5tr2mikd8gf1cqkbcw15bzht3lk1c7x', '6j5glnc0zvdbym08py0uysf8mw6mteqla5v95287p40pj7aek5', 4);
INSERT INTO "playlist_songs" ("song_id", "playlist_id", "order") VALUES ('iatc65hh5cu9zi5qfldjqdfojqfx8dpq0zelle5z5wou78pjxf', '6j5glnc0zvdbym08py0uysf8mw6mteqla5v95287p40pj7aek5', 3);
INSERT INTO "playlist_songs" ("song_id", "playlist_id", "order") VALUES ('tfvtaajuwwqb96hmf55sxi66b81zqn34fh6nzh2mpv84gnrmob', '6j5glnc0zvdbym08py0uysf8mw6mteqla5v95287p40pj7aek5', 1);
INSERT INTO "playlist_songs" ("song_id", "playlist_id", "order") VALUES ('gs6y2zoupf8brw7flmkkvsjtsh103059dh208w5a42mj1tur6g', '6j5glnc0zvdbym08py0uysf8mw6mteqla5v95287p40pj7aek5', 8);
INSERT INTO "playlist_songs" ("song_id", "playlist_id", "order") VALUES ('8bnldu8pphtk1rqz6e0nj6gj2khftdbnrfyupu1e2k6pveschy', '6j5glnc0zvdbym08py0uysf8mw6mteqla5v95287p40pj7aek5', 6);
INSERT INTO "playlist_songs" ("song_id", "playlist_id", "order") VALUES ('9o5kclx1d1a4ab905x40owle4ith1hie2m51iikl5fpco0w4l5', '6j5glnc0zvdbym08py0uysf8mw6mteqla5v95287p40pj7aek5', 9);
INSERT INTO "playlist_songs" ("song_id", "playlist_id", "order") VALUES ('0fb7ncyxppc1mfwctaywx6ucg21jjepzojs3wcmi3bprynce0a', '6j5glnc0zvdbym08py0uysf8mw6mteqla5v95287p40pj7aek5', 5);
INSERT INTO "playlist" ("id", "name", "created_at", "user_id") VALUES ('apukr43kasi9r8cjpwgl7m07t0suqw6g6i46gea6ggkz12i9ac', 'Playlist 1', '2023-11-17 17:00:08.000','kcp913in2bq0pft');
INSERT INTO "playlist_songs" ("song_id", "playlist_id", "order") VALUES ('tqsxq1y8bqpux513z0pjipspfby80j179oxqsrfoq8ybfzdqkr', 'apukr43kasi9r8cjpwgl7m07t0suqw6g6i46gea6ggkz12i9ac', 2);
INSERT INTO "playlist_songs" ("song_id", "playlist_id", "order") VALUES ('774upyhyifoq3bvw2kg790yu6x7hozt0f4zwcu0uvw6bqda2wu', 'apukr43kasi9r8cjpwgl7m07t0suqw6g6i46gea6ggkz12i9ac', 4);
INSERT INTO "playlist_songs" ("song_id", "playlist_id", "order") VALUES ('35gvr6nui69gw1nhnb8ty8sy9id5bhwxohi2a096dh6payg47w', 'apukr43kasi9r8cjpwgl7m07t0suqw6g6i46gea6ggkz12i9ac', 5);
INSERT INTO "playlist_songs" ("song_id", "playlist_id", "order") VALUES ('j5912n11dm9b2lxyy2141ldndkvk83v91elqyo798hasadbcfa', 'apukr43kasi9r8cjpwgl7m07t0suqw6g6i46gea6ggkz12i9ac', 0);
INSERT INTO "playlist_songs" ("song_id", "playlist_id", "order") VALUES ('dxp517pqis8jjxl2eulxdr5m8ekeclkzt01ydles99d6838opq', 'apukr43kasi9r8cjpwgl7m07t0suqw6g6i46gea6ggkz12i9ac', 9);
INSERT INTO "playlist_songs" ("song_id", "playlist_id", "order") VALUES ('r8mqfpgxcc0e4vqvdzqzbw6ic703mxi6528w9i69zohlpgdo9p', 'apukr43kasi9r8cjpwgl7m07t0suqw6g6i46gea6ggkz12i9ac', 6);
INSERT INTO "playlist_songs" ("song_id", "playlist_id", "order") VALUES ('gi63ppli8yyi94r4p3z9kpi0t4swy1o93xx9j3q7zg48zh8eus', 'apukr43kasi9r8cjpwgl7m07t0suqw6g6i46gea6ggkz12i9ac', 3);
INSERT INTO "playlist_songs" ("song_id", "playlist_id", "order") VALUES ('gie926pbwtneadz3ybfx2qpuirir808gcmhbkgh3kn09qzy6jn', 'apukr43kasi9r8cjpwgl7m07t0suqw6g6i46gea6ggkz12i9ac', 8);
INSERT INTO "playlist_songs" ("song_id", "playlist_id", "order") VALUES ('jycm7ygfvme89cmpm1n6vw8z66o8q5fiwgyle6ilpr2o429ir5', 'apukr43kasi9r8cjpwgl7m07t0suqw6g6i46gea6ggkz12i9ac', 1);
INSERT INTO "playlist_songs" ("song_id", "playlist_id", "order") VALUES ('wtveg1z119kqqx0lxffowngjxzezoliytltwa568dsl02dpvcc', 'apukr43kasi9r8cjpwgl7m07t0suqw6g6i46gea6ggkz12i9ac', 7);
INSERT INTO "playlist" ("id", "name", "created_at", "user_id") VALUES ('eo1ulpb5ibgvfnfy269p8a9ftrp5skq41mtr7se1v2aze7glys', 'Playlist 0', '2023-11-17 17:00:08.000','dze8m8msphmg7nh');
INSERT INTO "playlist_songs" ("song_id", "playlist_id", "order") VALUES ('j34quqz5nsnjx2gbwwjurdbim1q7zqm60n0ow9ehv282fumkte', 'eo1ulpb5ibgvfnfy269p8a9ftrp5skq41mtr7se1v2aze7glys', 0);
INSERT INTO "playlist_songs" ("song_id", "playlist_id", "order") VALUES ('whrn2m9r85lez34ozn6va5yne1rnqhpgmzq3agcj32eg9r6euf', 'eo1ulpb5ibgvfnfy269p8a9ftrp5skq41mtr7se1v2aze7glys', 2);
INSERT INTO "playlist_songs" ("song_id", "playlist_id", "order") VALUES ('s6dah8gtxkjbq2gvhuagao94xs7hv9geo5i0lku99182hy26yd', 'eo1ulpb5ibgvfnfy269p8a9ftrp5skq41mtr7se1v2aze7glys', 4);
INSERT INTO "playlist_songs" ("song_id", "playlist_id", "order") VALUES ('0mdjot2sdqe0wxme1dzrzu267illd625day51btkn7p8ycz315', 'eo1ulpb5ibgvfnfy269p8a9ftrp5skq41mtr7se1v2aze7glys', 9);
INSERT INTO "playlist_songs" ("song_id", "playlist_id", "order") VALUES ('231hft1d1uj657xlxxtceovk5bgk5gek4f8kfqrwux96na4h8f', 'eo1ulpb5ibgvfnfy269p8a9ftrp5skq41mtr7se1v2aze7glys', 8);
INSERT INTO "playlist_songs" ("song_id", "playlist_id", "order") VALUES ('msj2px3g88z72zoia5961ckrrsgwx0gxjy1520bt121rb6r64y', 'eo1ulpb5ibgvfnfy269p8a9ftrp5skq41mtr7se1v2aze7glys', 7);
INSERT INTO "playlist_songs" ("song_id", "playlist_id", "order") VALUES ('qvde8z6qweeh7qwscta6ydkq9pydydah1te3abbqldb7ne9fk7', 'eo1ulpb5ibgvfnfy269p8a9ftrp5skq41mtr7se1v2aze7glys', 5);
INSERT INTO "playlist_songs" ("song_id", "playlist_id", "order") VALUES ('gd70guz94jkvln1k9qhg1d9ifqcfvdn0nc5v38woyro4ilil5d', 'eo1ulpb5ibgvfnfy269p8a9ftrp5skq41mtr7se1v2aze7glys', 6);
INSERT INTO "playlist_songs" ("song_id", "playlist_id", "order") VALUES ('6t0iyxfzgbhzbm7gpectlibq1e7icrry63eup7y3av1bv5c9zp', 'eo1ulpb5ibgvfnfy269p8a9ftrp5skq41mtr7se1v2aze7glys', 3);
INSERT INTO "playlist_songs" ("song_id", "playlist_id", "order") VALUES ('m11ced2h94fqa66u5cd4zo3tan40s1hi9cxbx7cxp8w012f7vm', 'eo1ulpb5ibgvfnfy269p8a9ftrp5skq41mtr7se1v2aze7glys', 1);
INSERT INTO "playlist" ("id", "name", "created_at", "user_id") VALUES ('g0y9vvs09gxvf0wis1vao270335lmxuv81vosc21hqulg6oqvh', 'Playlist 1', '2023-11-17 17:00:08.000','dze8m8msphmg7nh');
INSERT INTO "playlist_songs" ("song_id", "playlist_id", "order") VALUES ('smckoe4y156ctu6orjwpvr014bv7yffe795tped92la5weu7yj', 'g0y9vvs09gxvf0wis1vao270335lmxuv81vosc21hqulg6oqvh', 0);
INSERT INTO "playlist_songs" ("song_id", "playlist_id", "order") VALUES ('p54vkjicjp6o0eus814hw1lfft4053548e1iziix5ox6i02oov', 'g0y9vvs09gxvf0wis1vao270335lmxuv81vosc21hqulg6oqvh', 7);
INSERT INTO "playlist_songs" ("song_id", "playlist_id", "order") VALUES ('g7npiqoa9y6asqklq60drw3qbxxtcrwj21iqoh7xyfnaubfqt3', 'g0y9vvs09gxvf0wis1vao270335lmxuv81vosc21hqulg6oqvh', 4);
INSERT INTO "playlist_songs" ("song_id", "playlist_id", "order") VALUES ('wueguh3hlj48tn8lfkdioibo4svg2vas40renv0idwv3gi9bj3', 'g0y9vvs09gxvf0wis1vao270335lmxuv81vosc21hqulg6oqvh', 5);
INSERT INTO "playlist_songs" ("song_id", "playlist_id", "order") VALUES ('t026mvwzcp42u61nfardj2c9nplypyrhqmqfloa651sy2hnf3l', 'g0y9vvs09gxvf0wis1vao270335lmxuv81vosc21hqulg6oqvh', 2);
INSERT INTO "playlist_songs" ("song_id", "playlist_id", "order") VALUES ('631v1xk5rofzvciyu12mk5dv1fko44qzmsdlud9wg8agh9kqs4', 'g0y9vvs09gxvf0wis1vao270335lmxuv81vosc21hqulg6oqvh', 9);
INSERT INTO "playlist_songs" ("song_id", "playlist_id", "order") VALUES ('tiaq301c8ctje36xzp7no1fwi2q43y1c425fer4l1di8ahnhx1', 'g0y9vvs09gxvf0wis1vao270335lmxuv81vosc21hqulg6oqvh', 8);
INSERT INTO "playlist_songs" ("song_id", "playlist_id", "order") VALUES ('jonhbvm7f40a8l8ndokfm2uah239ywr6pj6hwne5ejms5q1ovx', 'g0y9vvs09gxvf0wis1vao270335lmxuv81vosc21hqulg6oqvh', 3);
INSERT INTO "playlist_songs" ("song_id", "playlist_id", "order") VALUES ('yp7jzun3aorz6ctvx00svxvtr8a66448cyz3qcn4xjri94f34w', 'g0y9vvs09gxvf0wis1vao270335lmxuv81vosc21hqulg6oqvh', 6);
INSERT INTO "playlist_songs" ("song_id", "playlist_id", "order") VALUES ('d3yizui400anwdxuunqgbz19n5y7aowqjvjvxptb9cdtmu06uw', 'g0y9vvs09gxvf0wis1vao270335lmxuv81vosc21hqulg6oqvh', 1);
INSERT INTO "playlist" ("id", "name", "created_at", "user_id") VALUES ('2mggowgp7ix5j5aq1v0kuj4aer6iqhqtmsphykmdhtuktr256g', 'Playlist 0', '2023-11-17 17:00:08.000','2wt2309ehptszic');
INSERT INTO "playlist_songs" ("song_id", "playlist_id", "order") VALUES ('1bo56kzodxmljstj46ahdettlzoz5skogszfcmndjrikydrtsd', '2mggowgp7ix5j5aq1v0kuj4aer6iqhqtmsphykmdhtuktr256g', 0);
INSERT INTO "playlist_songs" ("song_id", "playlist_id", "order") VALUES ('yo0a2a7ur6bvs61uva2bik2iww9a49u755du9nybitm4zd11ag', '2mggowgp7ix5j5aq1v0kuj4aer6iqhqtmsphykmdhtuktr256g', 2);
INSERT INTO "playlist_songs" ("song_id", "playlist_id", "order") VALUES ('iihyqs3o9bh3f3c3wl2x7yvmx01q4erl6nzn2qn4it1xie3u92', '2mggowgp7ix5j5aq1v0kuj4aer6iqhqtmsphykmdhtuktr256g', 6);
INSERT INTO "playlist_songs" ("song_id", "playlist_id", "order") VALUES ('kxul8uiw0vqgxqftx7qmq2mche7tbp1skbljae07buhem3rhov', '2mggowgp7ix5j5aq1v0kuj4aer6iqhqtmsphykmdhtuktr256g', 4);
INSERT INTO "playlist_songs" ("song_id", "playlist_id", "order") VALUES ('xcog7a81v61vec2jbxydv0d8yainv3xevcdyp2z1anqs825qbv', '2mggowgp7ix5j5aq1v0kuj4aer6iqhqtmsphykmdhtuktr256g', 9);
INSERT INTO "playlist_songs" ("song_id", "playlist_id", "order") VALUES ('xi1brm96bbt41z21w4tzu7uyzr36ehq5et1caokq9yh69cxqxj', '2mggowgp7ix5j5aq1v0kuj4aer6iqhqtmsphykmdhtuktr256g', 1);
INSERT INTO "playlist_songs" ("song_id", "playlist_id", "order") VALUES ('8166k9lwf2kotvkmwde943ea05urfcbdrk5gizdy1usug5k54w', '2mggowgp7ix5j5aq1v0kuj4aer6iqhqtmsphykmdhtuktr256g', 3);
INSERT INTO "playlist_songs" ("song_id", "playlist_id", "order") VALUES ('2zhmcwu1thz5y5wemlj7trpfgkeby832q0myvrym2alknznnhg', '2mggowgp7ix5j5aq1v0kuj4aer6iqhqtmsphykmdhtuktr256g', 5);
INSERT INTO "playlist_songs" ("song_id", "playlist_id", "order") VALUES ('3gfz5u54z0nrgfps3m4xb5423evmzl72szoxid80a0ez3vbfvo', '2mggowgp7ix5j5aq1v0kuj4aer6iqhqtmsphykmdhtuktr256g', 8);
INSERT INTO "playlist_songs" ("song_id", "playlist_id", "order") VALUES ('0fb7ncyxppc1mfwctaywx6ucg21jjepzojs3wcmi3bprynce0a', '2mggowgp7ix5j5aq1v0kuj4aer6iqhqtmsphykmdhtuktr256g', 7);
INSERT INTO "playlist" ("id", "name", "created_at", "user_id") VALUES ('hltz7le2kz2reopg5jyef4ps7oolxad0eg6zqqkkgp78hobtzr', 'Playlist 1', '2023-11-17 17:00:08.000','2wt2309ehptszic');
INSERT INTO "playlist_songs" ("song_id", "playlist_id", "order") VALUES ('ndgcn7bioi73xl6ggzil935tt55hyeu3z9qwxecvm5zczakxg4', 'hltz7le2kz2reopg5jyef4ps7oolxad0eg6zqqkkgp78hobtzr', 0);
INSERT INTO "playlist_songs" ("song_id", "playlist_id", "order") VALUES ('sxplhgm7ixfsyw08btkwva72418njcvxtvxwftzai06kgl8hyy', 'hltz7le2kz2reopg5jyef4ps7oolxad0eg6zqqkkgp78hobtzr', 7);
INSERT INTO "playlist_songs" ("song_id", "playlist_id", "order") VALUES ('wvjeyvzp5591nzimio2lrqr4p6ujcbna8onehmqeuypoccz4i5', 'hltz7le2kz2reopg5jyef4ps7oolxad0eg6zqqkkgp78hobtzr', 4);
INSERT INTO "playlist_songs" ("song_id", "playlist_id", "order") VALUES ('64fuawrkdm2lmx632c9q3z1o6y41zgiil128sln6r7getfg36e', 'hltz7le2kz2reopg5jyef4ps7oolxad0eg6zqqkkgp78hobtzr', 1);
INSERT INTO "playlist_songs" ("song_id", "playlist_id", "order") VALUES ('dqgc5ny35vl1ereq3wekkhztpl60pjnw846cic4it869sedrsz', 'hltz7le2kz2reopg5jyef4ps7oolxad0eg6zqqkkgp78hobtzr', 8);
INSERT INTO "playlist_songs" ("song_id", "playlist_id", "order") VALUES ('r6ok55kjqgbtsonljffqzoykiqvvz121qq3c61f7lrxvxhkhk6', 'hltz7le2kz2reopg5jyef4ps7oolxad0eg6zqqkkgp78hobtzr', 5);
INSERT INTO "playlist_songs" ("song_id", "playlist_id", "order") VALUES ('pjje012rlfldn4tvpth2tm2y00i8t0bezrlnint716yuwfl0o7', 'hltz7le2kz2reopg5jyef4ps7oolxad0eg6zqqkkgp78hobtzr', 6);
INSERT INTO "playlist_songs" ("song_id", "playlist_id", "order") VALUES ('gi63ppli8yyi94r4p3z9kpi0t4swy1o93xx9j3q7zg48zh8eus', 'hltz7le2kz2reopg5jyef4ps7oolxad0eg6zqqkkgp78hobtzr', 2);
INSERT INTO "playlist_songs" ("song_id", "playlist_id", "order") VALUES ('8nsl3c9oj35sbng7v13wh81tbkksyijxjfxd3islny4vu7188h', 'hltz7le2kz2reopg5jyef4ps7oolxad0eg6zqqkkgp78hobtzr', 9);
INSERT INTO "playlist_songs" ("song_id", "playlist_id", "order") VALUES ('0mdjot2sdqe0wxme1dzrzu267illd625day51btkn7p8ycz315', 'hltz7le2kz2reopg5jyef4ps7oolxad0eg6zqqkkgp78hobtzr', 3);
INSERT INTO "playlist" ("id", "name", "created_at", "user_id") VALUES ('k77tkf9tokjidfu5air3h01l8by3kzt095ugyarsivufnzab4m', 'Playlist 0', '2023-11-17 17:00:08.000','pxu54pmgawm34b5');
INSERT INTO "playlist_songs" ("song_id", "playlist_id", "order") VALUES ('dozsnoqnrrsy1it84uh7a8sk8hk3vbjm9oag3s0ietjusbye3p', 'k77tkf9tokjidfu5air3h01l8by3kzt095ugyarsivufnzab4m', 0);
INSERT INTO "playlist_songs" ("song_id", "playlist_id", "order") VALUES ('n13p77gmxbv1eo1oxw7vddw8mxk47q79r3k713z1agff5mq36q', 'k77tkf9tokjidfu5air3h01l8by3kzt095ugyarsivufnzab4m', 8);
INSERT INTO "playlist_songs" ("song_id", "playlist_id", "order") VALUES ('vbqe9nz17t8voc16a65d68tb8rucst0taqi9qw9x0hs30bnkup', 'k77tkf9tokjidfu5air3h01l8by3kzt095ugyarsivufnzab4m', 7);
INSERT INTO "playlist_songs" ("song_id", "playlist_id", "order") VALUES ('3id2i4opy7ihcpxjst5jiwvdyptefqsy8lh1o278a89tdnbya0', 'k77tkf9tokjidfu5air3h01l8by3kzt095ugyarsivufnzab4m', 2);
INSERT INTO "playlist_songs" ("song_id", "playlist_id", "order") VALUES ('5b85geoidcsihlf3waokmbmt2m38zkl1w6dfg7fa0hxti3wett', 'k77tkf9tokjidfu5air3h01l8by3kzt095ugyarsivufnzab4m', 3);
INSERT INTO "playlist_songs" ("song_id", "playlist_id", "order") VALUES ('sr5kpyaiy2vanz3vua62t12xytsb6cylmixyd8y5unzwniivj9', 'k77tkf9tokjidfu5air3h01l8by3kzt095ugyarsivufnzab4m', 5);
INSERT INTO "playlist_songs" ("song_id", "playlist_id", "order") VALUES ('feldhhhvhc6hgaix4sukzqhj2d4sm9x0tj8fpa41m6kl51gs8l', 'k77tkf9tokjidfu5air3h01l8by3kzt095ugyarsivufnzab4m', 6);
INSERT INTO "playlist_songs" ("song_id", "playlist_id", "order") VALUES ('t262b37x1ryp8iee876vo0oqkyd0iwnkkeno5iwnlbor4sslh6', 'k77tkf9tokjidfu5air3h01l8by3kzt095ugyarsivufnzab4m', 4);
INSERT INTO "playlist_songs" ("song_id", "playlist_id", "order") VALUES ('ykz1t2fkvk9edkhm4i7fs1ogqzppkxgg3vvjaduu4l2rpmcxoc', 'k77tkf9tokjidfu5air3h01l8by3kzt095ugyarsivufnzab4m', 1);
INSERT INTO "playlist_songs" ("song_id", "playlist_id", "order") VALUES ('zri3rwtyn237y36ed2sv2p91kgktnesx044cacywo24xygm0ed', 'k77tkf9tokjidfu5air3h01l8by3kzt095ugyarsivufnzab4m', 9);
INSERT INTO "playlist" ("id", "name", "created_at", "user_id") VALUES ('5tnt0pw3od7qlmebajepd2y1xr42etu2j4t0e0gmkiu9y3lqk4', 'Playlist 1', '2023-11-17 17:00:08.000','pxu54pmgawm34b5');
INSERT INTO "playlist_songs" ("song_id", "playlist_id", "order") VALUES ('32nl86jqftw9vu2fz0e1mqw50378yfstpdb4hdsw1f4e8wquz0', '5tnt0pw3od7qlmebajepd2y1xr42etu2j4t0e0gmkiu9y3lqk4', 0);
INSERT INTO "playlist_songs" ("song_id", "playlist_id", "order") VALUES ('r2l8unvvwp9dmafha643b3ti95dxp6czif1stgiu0jov96v5nd', '5tnt0pw3od7qlmebajepd2y1xr42etu2j4t0e0gmkiu9y3lqk4', 9);
INSERT INTO "playlist_songs" ("song_id", "playlist_id", "order") VALUES ('t262b37x1ryp8iee876vo0oqkyd0iwnkkeno5iwnlbor4sslh6', '5tnt0pw3od7qlmebajepd2y1xr42etu2j4t0e0gmkiu9y3lqk4', 8);
INSERT INTO "playlist_songs" ("song_id", "playlist_id", "order") VALUES ('g63jux2fb0o4l6dloi5neygw9aic6s0h1b5o7i06mbnli72io4', '5tnt0pw3od7qlmebajepd2y1xr42etu2j4t0e0gmkiu9y3lqk4', 3);
INSERT INTO "playlist_songs" ("song_id", "playlist_id", "order") VALUES ('x214n1i36q2sfh7qrpg0swgxskizlw9fcedyuw7xh6n415vu06', '5tnt0pw3od7qlmebajepd2y1xr42etu2j4t0e0gmkiu9y3lqk4', 7);
INSERT INTO "playlist_songs" ("song_id", "playlist_id", "order") VALUES ('fy0pplbuncgxpw1jpxdwb7l9quil258fwwq5ak7gx8ojd6atga', '5tnt0pw3od7qlmebajepd2y1xr42etu2j4t0e0gmkiu9y3lqk4', 5);
INSERT INTO "playlist_songs" ("song_id", "playlist_id", "order") VALUES ('3gfz5u54z0nrgfps3m4xb5423evmzl72szoxid80a0ez3vbfvo', '5tnt0pw3od7qlmebajepd2y1xr42etu2j4t0e0gmkiu9y3lqk4', 1);
INSERT INTO "playlist_songs" ("song_id", "playlist_id", "order") VALUES ('r8mqfpgxcc0e4vqvdzqzbw6ic703mxi6528w9i69zohlpgdo9p', '5tnt0pw3od7qlmebajepd2y1xr42etu2j4t0e0gmkiu9y3lqk4', 4);
INSERT INTO "playlist_songs" ("song_id", "playlist_id", "order") VALUES ('82zgg8q2s2cw6aatnh1ymgmnxcfa4pyb02v9uxah3p0tepklui', '5tnt0pw3od7qlmebajepd2y1xr42etu2j4t0e0gmkiu9y3lqk4', 2);
INSERT INTO "playlist_songs" ("song_id", "playlist_id", "order") VALUES ('8nsl3c9oj35sbng7v13wh81tbkksyijxjfxd3islny4vu7188h', '5tnt0pw3od7qlmebajepd2y1xr42etu2j4t0e0gmkiu9y3lqk4', 6);
INSERT INTO "playlist" ("id", "name", "created_at", "user_id") VALUES ('alpa4al5u00678584te0ah23i6m2yl7zxv78h05fzkrmdmsbr8', 'Playlist 0', '2023-11-17 17:00:08.000','nz4nme54t9n8mts');
INSERT INTO "playlist_songs" ("song_id", "playlist_id", "order") VALUES ('ei5a1so4126vbvjcif2hbtgqwcvc9i0qmkryj7cvz975w8qkjs', 'alpa4al5u00678584te0ah23i6m2yl7zxv78h05fzkrmdmsbr8', 2);
INSERT INTO "playlist_songs" ("song_id", "playlist_id", "order") VALUES ('wvjeyvzp5591nzimio2lrqr4p6ujcbna8onehmqeuypoccz4i5', 'alpa4al5u00678584te0ah23i6m2yl7zxv78h05fzkrmdmsbr8', 0);
INSERT INTO "playlist_songs" ("song_id", "playlist_id", "order") VALUES ('sxplhgm7ixfsyw08btkwva72418njcvxtvxwftzai06kgl8hyy', 'alpa4al5u00678584te0ah23i6m2yl7zxv78h05fzkrmdmsbr8', 4);
INSERT INTO "playlist_songs" ("song_id", "playlist_id", "order") VALUES ('sr5kpyaiy2vanz3vua62t12xytsb6cylmixyd8y5unzwniivj9', 'alpa4al5u00678584te0ah23i6m2yl7zxv78h05fzkrmdmsbr8', 3);
INSERT INTO "playlist_songs" ("song_id", "playlist_id", "order") VALUES ('m36vo5bbj2sivhw2sr8sf7optbayie5fumupaoyjpfctkha5zk', 'alpa4al5u00678584te0ah23i6m2yl7zxv78h05fzkrmdmsbr8', 9);
INSERT INTO "playlist_songs" ("song_id", "playlist_id", "order") VALUES ('hdw1rrijtsyqzmshebypj3bok7tb6poe8v00mqyuog3fhbku3u', 'alpa4al5u00678584te0ah23i6m2yl7zxv78h05fzkrmdmsbr8', 7);
INSERT INTO "playlist_songs" ("song_id", "playlist_id", "order") VALUES ('qvde8z6qweeh7qwscta6ydkq9pydydah1te3abbqldb7ne9fk7', 'alpa4al5u00678584te0ah23i6m2yl7zxv78h05fzkrmdmsbr8', 1);
INSERT INTO "playlist_songs" ("song_id", "playlist_id", "order") VALUES ('a2wal9ubprdh0u62bse7ochv0dfoipw8nk2l2n3zreie379y04', 'alpa4al5u00678584te0ah23i6m2yl7zxv78h05fzkrmdmsbr8', 6);
INSERT INTO "playlist_songs" ("song_id", "playlist_id", "order") VALUES ('io6lrugkmkfjxfvfkdjo3r5l1la1cavwq4learbauvmmq8z64o', 'alpa4al5u00678584te0ah23i6m2yl7zxv78h05fzkrmdmsbr8', 5);
INSERT INTO "playlist_songs" ("song_id", "playlist_id", "order") VALUES ('m904w4da5ldnke0bj3tbvum2swjyr4uwidevds19addajptf9d', 'alpa4al5u00678584te0ah23i6m2yl7zxv78h05fzkrmdmsbr8', 8);
INSERT INTO "playlist" ("id", "name", "created_at", "user_id") VALUES ('vr11x784tbirj8lvgnvdjlxtzsf8l1xpjxoxc4hc8gktx1ilro', 'Playlist 1', '2023-11-17 17:00:08.000','nz4nme54t9n8mts');
INSERT INTO "playlist_songs" ("song_id", "playlist_id", "order") VALUES ('tiaq301c8ctje36xzp7no1fwi2q43y1c425fer4l1di8ahnhx1', 'vr11x784tbirj8lvgnvdjlxtzsf8l1xpjxoxc4hc8gktx1ilro', 0);
INSERT INTO "playlist_songs" ("song_id", "playlist_id", "order") VALUES ('3p6qm7d5sdcxinrozvne9ygvstptiasvmeaub86h05ry2wf9sf', 'vr11x784tbirj8lvgnvdjlxtzsf8l1xpjxoxc4hc8gktx1ilro', 1);
INSERT INTO "playlist_songs" ("song_id", "playlist_id", "order") VALUES ('3r6m301nun5e7qpde1tueanlvg4lshz7xbhwm0eidia0tpy67h', 'vr11x784tbirj8lvgnvdjlxtzsf8l1xpjxoxc4hc8gktx1ilro', 5);
INSERT INTO "playlist_songs" ("song_id", "playlist_id", "order") VALUES ('1v1spn9378yapd9zzkfejtg32y8uuznmmruau2fbhwcs3crrho', 'vr11x784tbirj8lvgnvdjlxtzsf8l1xpjxoxc4hc8gktx1ilro', 2);
INSERT INTO "playlist_songs" ("song_id", "playlist_id", "order") VALUES ('5wm9dsmfvcagzg9xbp3cmrpfhefudzx8ivmfuj5h8gxdake5ej', 'vr11x784tbirj8lvgnvdjlxtzsf8l1xpjxoxc4hc8gktx1ilro', 6);
INSERT INTO "playlist_songs" ("song_id", "playlist_id", "order") VALUES ('xn7oyxcnjkl0dkm1d8qaysrvhrobwt7n33v1im81mlh8y062nm', 'vr11x784tbirj8lvgnvdjlxtzsf8l1xpjxoxc4hc8gktx1ilro', 4);
INSERT INTO "playlist_songs" ("song_id", "playlist_id", "order") VALUES ('hb3akrrthrklf9hed0k0ghfil2ca30f6itx0y5rscn2qf3zz9x', 'vr11x784tbirj8lvgnvdjlxtzsf8l1xpjxoxc4hc8gktx1ilro', 9);
INSERT INTO "playlist_songs" ("song_id", "playlist_id", "order") VALUES ('rekbhxoc0a6pm4izwz350a9ofu1hhma7jcrjslapmnenticag6', 'vr11x784tbirj8lvgnvdjlxtzsf8l1xpjxoxc4hc8gktx1ilro', 7);
INSERT INTO "playlist_songs" ("song_id", "playlist_id", "order") VALUES ('z9izqkhvuo3t5yxo185pqmbmced5gx0etprjra3ysgl8q0t6al', 'vr11x784tbirj8lvgnvdjlxtzsf8l1xpjxoxc4hc8gktx1ilro', 3);
INSERT INTO "playlist_songs" ("song_id", "playlist_id", "order") VALUES ('oiy7bd5b5trw0zz19wacrxk1excu7enzm7vc22lxf1360all8w', 'vr11x784tbirj8lvgnvdjlxtzsf8l1xpjxoxc4hc8gktx1ilro', 8);
INSERT INTO "playlist" ("id", "name", "created_at", "user_id") VALUES ('5nyxvrfg6fkxftjxk3palfzdb2ca3axoeoqaso1ebdtgzlu2ty', 'Playlist 0', '2023-11-17 17:00:08.000','czeh5bn7jkh7am1');
INSERT INTO "playlist_songs" ("song_id", "playlist_id", "order") VALUES ('tbey4tiujgb89ad0f4lknlhhxs8um8fo8lci2xbdcub9h66vuf', '5nyxvrfg6fkxftjxk3palfzdb2ca3axoeoqaso1ebdtgzlu2ty', 3);
INSERT INTO "playlist_songs" ("song_id", "playlist_id", "order") VALUES ('kpo5br8yogzk91u8sizt3vjbsstb4nvep37qg9oc86n81pm144', '5nyxvrfg6fkxftjxk3palfzdb2ca3axoeoqaso1ebdtgzlu2ty', 8);
INSERT INTO "playlist_songs" ("song_id", "playlist_id", "order") VALUES ('4hiny6gppfrtoi5pcd0f8nbkgt3xoekd4nwjrxc1kwj3mhe30c', '5nyxvrfg6fkxftjxk3palfzdb2ca3axoeoqaso1ebdtgzlu2ty', 4);
INSERT INTO "playlist_songs" ("song_id", "playlist_id", "order") VALUES ('oiy7bd5b5trw0zz19wacrxk1excu7enzm7vc22lxf1360all8w', '5nyxvrfg6fkxftjxk3palfzdb2ca3axoeoqaso1ebdtgzlu2ty', 5);
INSERT INTO "playlist_songs" ("song_id", "playlist_id", "order") VALUES ('11edw8dcwst48wetouxuf0dw4nk9unrhzacl27zmqcgoebwm51', '5nyxvrfg6fkxftjxk3palfzdb2ca3axoeoqaso1ebdtgzlu2ty', 1);
INSERT INTO "playlist_songs" ("song_id", "playlist_id", "order") VALUES ('3id2i4opy7ihcpxjst5jiwvdyptefqsy8lh1o278a89tdnbya0', '5nyxvrfg6fkxftjxk3palfzdb2ca3axoeoqaso1ebdtgzlu2ty', 6);
INSERT INTO "playlist_songs" ("song_id", "playlist_id", "order") VALUES ('yvmznbf0hv9xpz9gnpcses50rk1qc8l9cf50e9cytju25bxr4p', '5nyxvrfg6fkxftjxk3palfzdb2ca3axoeoqaso1ebdtgzlu2ty', 7);
INSERT INTO "playlist_songs" ("song_id", "playlist_id", "order") VALUES ('cpvu4hijm34ksydbywic7vf0pjpf3diogo65n374th18gi2wpr', '5nyxvrfg6fkxftjxk3palfzdb2ca3axoeoqaso1ebdtgzlu2ty', 9);
INSERT INTO "playlist_songs" ("song_id", "playlist_id", "order") VALUES ('rerj1i9s297p8zxspfkm6nl4hcup4jupepvoxq5akmog1qq1s4', '5nyxvrfg6fkxftjxk3palfzdb2ca3axoeoqaso1ebdtgzlu2ty', 2);
INSERT INTO "playlist_songs" ("song_id", "playlist_id", "order") VALUES ('15ndc4uiiiho11k2hm4poyf0us93jfaa86ybz4tt1xh1z4ovjq', '5nyxvrfg6fkxftjxk3palfzdb2ca3axoeoqaso1ebdtgzlu2ty', 0);
INSERT INTO "playlist" ("id", "name", "created_at", "user_id") VALUES ('70tftnks570h6ohw015a4sg79zcdbqdno7b3o9uyn603wjs61v', 'Playlist 1', '2023-11-17 17:00:08.000','czeh5bn7jkh7am1');
INSERT INTO "playlist_songs" ("song_id", "playlist_id", "order") VALUES ('lb08uh1ektid8b87uxeypkwbk7mdcujnnezjzprrriuryi2b8d', '70tftnks570h6ohw015a4sg79zcdbqdno7b3o9uyn603wjs61v', 0);
INSERT INTO "playlist_songs" ("song_id", "playlist_id", "order") VALUES ('m3qdhiy2dbhilwu55ilb7hnxmcjpgya879m2tvspeoxnrpo96w', '70tftnks570h6ohw015a4sg79zcdbqdno7b3o9uyn603wjs61v', 3);
INSERT INTO "playlist_songs" ("song_id", "playlist_id", "order") VALUES ('f13wn0t4b8l3l89zjeyfznit1y3a2dcoqnywjnm63j67xtkhlc', '70tftnks570h6ohw015a4sg79zcdbqdno7b3o9uyn603wjs61v', 2);
INSERT INTO "playlist_songs" ("song_id", "playlist_id", "order") VALUES ('jycm7ygfvme89cmpm1n6vw8z66o8q5fiwgyle6ilpr2o429ir5', '70tftnks570h6ohw015a4sg79zcdbqdno7b3o9uyn603wjs61v', 5);
INSERT INTO "playlist_songs" ("song_id", "playlist_id", "order") VALUES ('74ypdqln1a71mjwclbqtfuxfxf0unihdg7a66r1le4nqlgi5vt', '70tftnks570h6ohw015a4sg79zcdbqdno7b3o9uyn603wjs61v', 6);
INSERT INTO "playlist_songs" ("song_id", "playlist_id", "order") VALUES ('3id2i4opy7ihcpxjst5jiwvdyptefqsy8lh1o278a89tdnbya0', '70tftnks570h6ohw015a4sg79zcdbqdno7b3o9uyn603wjs61v', 1);
INSERT INTO "playlist_songs" ("song_id", "playlist_id", "order") VALUES ('h6eqxs8xfcitd4mj3f6mdzr43yp94qvea0gymrtxm8xcaz9ii5', '70tftnks570h6ohw015a4sg79zcdbqdno7b3o9uyn603wjs61v', 9);
INSERT INTO "playlist_songs" ("song_id", "playlist_id", "order") VALUES ('jjrjq8x0idsewckl0ndpoithtietkm88fhbd32yimagxtron3b', '70tftnks570h6ohw015a4sg79zcdbqdno7b3o9uyn603wjs61v', 7);
INSERT INTO "playlist_songs" ("song_id", "playlist_id", "order") VALUES ('2gtdy3wi45t91i6mueohgljt7ds0e93yqtzylkx82m2esfurb5', '70tftnks570h6ohw015a4sg79zcdbqdno7b3o9uyn603wjs61v', 4);
INSERT INTO "playlist_songs" ("song_id", "playlist_id", "order") VALUES ('90ji8mi6s12q8045pa4etd800vf7q7k58js7ew9old5rzb8ebd', '70tftnks570h6ohw015a4sg79zcdbqdno7b3o9uyn603wjs61v', 8);
INSERT INTO "playlist" ("id", "name", "created_at", "user_id") VALUES ('h05ux36j5cw0fqf0ggtifg32qrbp7othw4y4xsadk1atcusoxp', 'Playlist 0', '2023-11-17 17:00:08.000','ehjowsa0xfnqkor');
INSERT INTO "playlist_songs" ("song_id", "playlist_id", "order") VALUES ('774upyhyifoq3bvw2kg790yu6x7hozt0f4zwcu0uvw6bqda2wu', 'h05ux36j5cw0fqf0ggtifg32qrbp7othw4y4xsadk1atcusoxp', 0);
INSERT INTO "playlist_songs" ("song_id", "playlist_id", "order") VALUES ('25ql5d1yqqfgopfoauu7jptebngutz4bg78pytikhs2bdti12x', 'h05ux36j5cw0fqf0ggtifg32qrbp7othw4y4xsadk1atcusoxp', 3);
INSERT INTO "playlist_songs" ("song_id", "playlist_id", "order") VALUES ('c224fx45osca9xc2v9849zev0upyltcd7z205wjkkyc09c9tgk', 'h05ux36j5cw0fqf0ggtifg32qrbp7othw4y4xsadk1atcusoxp', 8);
INSERT INTO "playlist_songs" ("song_id", "playlist_id", "order") VALUES ('4rzwt2zunhc1frg6y0pni00wf9ot6xsf8fxnww1a5qi15n6czw', 'h05ux36j5cw0fqf0ggtifg32qrbp7othw4y4xsadk1atcusoxp', 9);
INSERT INTO "playlist_songs" ("song_id", "playlist_id", "order") VALUES ('9x3e3xexl8l4dd5h1zzs5fdicear5xzpn7o7ambphslk29m7d7', 'h05ux36j5cw0fqf0ggtifg32qrbp7othw4y4xsadk1atcusoxp', 2);
INSERT INTO "playlist_songs" ("song_id", "playlist_id", "order") VALUES ('9lg60iuvyl45tc9iqljb3by2uve4ncdrx74cf5ewek3po1fmv5', 'h05ux36j5cw0fqf0ggtifg32qrbp7othw4y4xsadk1atcusoxp', 6);
INSERT INTO "playlist_songs" ("song_id", "playlist_id", "order") VALUES ('tkn1shxhlebm7ftwomm5v9mfbcq7awfjv9jeq0bch9bwm3cfe0', 'h05ux36j5cw0fqf0ggtifg32qrbp7othw4y4xsadk1atcusoxp', 7);
INSERT INTO "playlist_songs" ("song_id", "playlist_id", "order") VALUES ('2wpb4suprf3f4cjvfxlgic9cns3c6ldn33fd68dg2it43unshp', 'h05ux36j5cw0fqf0ggtifg32qrbp7othw4y4xsadk1atcusoxp', 4);
INSERT INTO "playlist_songs" ("song_id", "playlist_id", "order") VALUES ('0erq9hdgpz936j977bmh2exhcp3085gt6mw7m33rzcah489r2m', 'h05ux36j5cw0fqf0ggtifg32qrbp7othw4y4xsadk1atcusoxp', 5);
INSERT INTO "playlist_songs" ("song_id", "playlist_id", "order") VALUES ('buigrnein2kwdq82f9qtjhsmp91kb5bpivj910ijw05bxye7by', 'h05ux36j5cw0fqf0ggtifg32qrbp7othw4y4xsadk1atcusoxp', 1);
INSERT INTO "playlist" ("id", "name", "created_at", "user_id") VALUES ('s5o3tg0dv60p8gnewf06fx4e7bpml1ynvjmvycnhvmdmq25rd0', 'Playlist 1', '2023-11-17 17:00:08.000','ehjowsa0xfnqkor');
INSERT INTO "playlist_songs" ("song_id", "playlist_id", "order") VALUES ('tqsxq1y8bqpux513z0pjipspfby80j179oxqsrfoq8ybfzdqkr', 's5o3tg0dv60p8gnewf06fx4e7bpml1ynvjmvycnhvmdmq25rd0', 0);
INSERT INTO "playlist_songs" ("song_id", "playlist_id", "order") VALUES ('o4xa9lbcdh085igdngd9esh84m4ccp9rhkio7jzxmrf4hn9ryq', 's5o3tg0dv60p8gnewf06fx4e7bpml1ynvjmvycnhvmdmq25rd0', 7);
INSERT INTO "playlist_songs" ("song_id", "playlist_id", "order") VALUES ('g9qf2mn1rahrhi74ogmzmriksw0qv6w952odl4l1bzb1v01aee', 's5o3tg0dv60p8gnewf06fx4e7bpml1ynvjmvycnhvmdmq25rd0', 9);
INSERT INTO "playlist_songs" ("song_id", "playlist_id", "order") VALUES ('q6qwsmizragkm32sspl1lwfl3lhgl36ygo6it8ji026jh9bkoe', 's5o3tg0dv60p8gnewf06fx4e7bpml1ynvjmvycnhvmdmq25rd0', 3);
INSERT INTO "playlist_songs" ("song_id", "playlist_id", "order") VALUES ('2nxph8llg9prquhlm6rhkzxyz7fy0o7qm8uceeyut6kyphuqwn', 's5o3tg0dv60p8gnewf06fx4e7bpml1ynvjmvycnhvmdmq25rd0', 6);
INSERT INTO "playlist_songs" ("song_id", "playlist_id", "order") VALUES ('m36vo5bbj2sivhw2sr8sf7optbayie5fumupaoyjpfctkha5zk', 's5o3tg0dv60p8gnewf06fx4e7bpml1ynvjmvycnhvmdmq25rd0', 4);
INSERT INTO "playlist_songs" ("song_id", "playlist_id", "order") VALUES ('m904w4da5ldnke0bj3tbvum2swjyr4uwidevds19addajptf9d', 's5o3tg0dv60p8gnewf06fx4e7bpml1ynvjmvycnhvmdmq25rd0', 1);
INSERT INTO "playlist_songs" ("song_id", "playlist_id", "order") VALUES ('dxp517pqis8jjxl2eulxdr5m8ekeclkzt01ydles99d6838opq', 's5o3tg0dv60p8gnewf06fx4e7bpml1ynvjmvycnhvmdmq25rd0', 5);
INSERT INTO "playlist_songs" ("song_id", "playlist_id", "order") VALUES ('5mh84w8dh72nphaqgwk6ns38czwuq58fpfkouueqs8bg9tvuw9', 's5o3tg0dv60p8gnewf06fx4e7bpml1ynvjmvycnhvmdmq25rd0', 2);
INSERT INTO "playlist_songs" ("song_id", "playlist_id", "order") VALUES ('e2qretngwhk7rjj6ikm00g6nvg9rc6ctmsok7vnfwca88q3y5x', 's5o3tg0dv60p8gnewf06fx4e7bpml1ynvjmvycnhvmdmq25rd0', 8);
INSERT INTO "playlist" ("id", "name", "created_at", "user_id") VALUES ('k7ucgvllyibm6j7wlcrxumsedssqep2h2glg7x1bzt89296qsz', 'Playlist 0', '2023-11-17 17:00:08.000','icqlt67n2fd7p34');
INSERT INTO "playlist_songs" ("song_id", "playlist_id", "order") VALUES ('9db4xjoy4izvyp12q3xfu9pn2fozh4m6mro2sj0n5hmadkkv62', 'k7ucgvllyibm6j7wlcrxumsedssqep2h2glg7x1bzt89296qsz', 0);
INSERT INTO "playlist_songs" ("song_id", "playlist_id", "order") VALUES ('xi1brm96bbt41z21w4tzu7uyzr36ehq5et1caokq9yh69cxqxj', 'k7ucgvllyibm6j7wlcrxumsedssqep2h2glg7x1bzt89296qsz', 7);
INSERT INTO "playlist_songs" ("song_id", "playlist_id", "order") VALUES ('d0n59p55h7s3bqbf4k5zzoxhginczwwj1rarl6y8s4c20r7kcg', 'k7ucgvllyibm6j7wlcrxumsedssqep2h2glg7x1bzt89296qsz', 5);
INSERT INTO "playlist_songs" ("song_id", "playlist_id", "order") VALUES ('8nsl3c9oj35sbng7v13wh81tbkksyijxjfxd3islny4vu7188h', 'k7ucgvllyibm6j7wlcrxumsedssqep2h2glg7x1bzt89296qsz', 3);
INSERT INTO "playlist_songs" ("song_id", "playlist_id", "order") VALUES ('bpmxuizl1hlvqfwj5r137rwmhmuhjdep8a71emt38ckveflzib', 'k7ucgvllyibm6j7wlcrxumsedssqep2h2glg7x1bzt89296qsz', 6);
INSERT INTO "playlist_songs" ("song_id", "playlist_id", "order") VALUES ('4uq38ljh5zosn8z8un7o3vzqzfta5f76nogtcas1vixpbtu4g3', 'k7ucgvllyibm6j7wlcrxumsedssqep2h2glg7x1bzt89296qsz', 1);
INSERT INTO "playlist_songs" ("song_id", "playlist_id", "order") VALUES ('1q5oynu39x6h4x3pftrcucwbyr07mz67xnxv834wotxfxkbt0p', 'k7ucgvllyibm6j7wlcrxumsedssqep2h2glg7x1bzt89296qsz', 2);
INSERT INTO "playlist_songs" ("song_id", "playlist_id", "order") VALUES ('u314f2ubr3o7uzcr0uts4hxoas4q0fojjdshbhqfxxa9heegqb', 'k7ucgvllyibm6j7wlcrxumsedssqep2h2glg7x1bzt89296qsz', 8);
INSERT INTO "playlist_songs" ("song_id", "playlist_id", "order") VALUES ('tbey4tiujgb89ad0f4lknlhhxs8um8fo8lci2xbdcub9h66vuf', 'k7ucgvllyibm6j7wlcrxumsedssqep2h2glg7x1bzt89296qsz', 9);
INSERT INTO "playlist_songs" ("song_id", "playlist_id", "order") VALUES ('4j2w5d2yyxlvd5boopkjp53oe5kmrxmf0h34n49y7vkyvblyz6', 'k7ucgvllyibm6j7wlcrxumsedssqep2h2glg7x1bzt89296qsz', 4);
INSERT INTO "playlist" ("id", "name", "created_at", "user_id") VALUES ('tvf5z4lwtba7anz5ljf6gpnxq7drkwmjpbhpjod24l2kzzfmew', 'Playlist 1', '2023-11-17 17:00:08.000','icqlt67n2fd7p34');
INSERT INTO "playlist_songs" ("song_id", "playlist_id", "order") VALUES ('3puqmgbnrbigq1c684qnq2mfnnu6wnyt88f4c565123psv6d65', 'tvf5z4lwtba7anz5ljf6gpnxq7drkwmjpbhpjod24l2kzzfmew', 0);
INSERT INTO "playlist_songs" ("song_id", "playlist_id", "order") VALUES ('tfvtaajuwwqb96hmf55sxi66b81zqn34fh6nzh2mpv84gnrmob', 'tvf5z4lwtba7anz5ljf6gpnxq7drkwmjpbhpjod24l2kzzfmew', 6);
INSERT INTO "playlist_songs" ("song_id", "playlist_id", "order") VALUES ('piz66ejb4wv72u7cpv49ped7xd52nma1dtzgk73vidakj3nkgt', 'tvf5z4lwtba7anz5ljf6gpnxq7drkwmjpbhpjod24l2kzzfmew', 9);
INSERT INTO "playlist_songs" ("song_id", "playlist_id", "order") VALUES ('za4vg9r3tio0lu8s5btjco521k2bo9xe3cppaao8q0xgmutupl', 'tvf5z4lwtba7anz5ljf6gpnxq7drkwmjpbhpjod24l2kzzfmew', 8);
INSERT INTO "playlist_songs" ("song_id", "playlist_id", "order") VALUES ('d5gwote0pc8qwxm712gxn9nkqx3mb3zyjvtazdhca8nudji29e', 'tvf5z4lwtba7anz5ljf6gpnxq7drkwmjpbhpjod24l2kzzfmew', 7);
INSERT INTO "playlist_songs" ("song_id", "playlist_id", "order") VALUES ('buigrnein2kwdq82f9qtjhsmp91kb5bpivj910ijw05bxye7by', 'tvf5z4lwtba7anz5ljf6gpnxq7drkwmjpbhpjod24l2kzzfmew', 5);
INSERT INTO "playlist_songs" ("song_id", "playlist_id", "order") VALUES ('631v1xk5rofzvciyu12mk5dv1fko44qzmsdlud9wg8agh9kqs4', 'tvf5z4lwtba7anz5ljf6gpnxq7drkwmjpbhpjod24l2kzzfmew', 3);
INSERT INTO "playlist_songs" ("song_id", "playlist_id", "order") VALUES ('xcog7a81v61vec2jbxydv0d8yainv3xevcdyp2z1anqs825qbv', 'tvf5z4lwtba7anz5ljf6gpnxq7drkwmjpbhpjod24l2kzzfmew', 2);
INSERT INTO "playlist_songs" ("song_id", "playlist_id", "order") VALUES ('nwuo3pb19gzfpd4il2ly40r21w2p37qbid4hk063i9ti2kh4qy', 'tvf5z4lwtba7anz5ljf6gpnxq7drkwmjpbhpjod24l2kzzfmew', 1);
INSERT INTO "playlist_songs" ("song_id", "playlist_id", "order") VALUES ('ba7un8mmjufl4ufuezxoj0a0stenhowj6tav7b2payqg0utsnk', 'tvf5z4lwtba7anz5ljf6gpnxq7drkwmjpbhpjod24l2kzzfmew', 4);
-- User Likes
INSERT INTO "user_likes" ("user_id", "song_id") VALUES ('7niawzo6bb63u2u', '6cw40dcamp24wef7so98ys3kj0sxi1tvm622iyvgjv40zo6olj');
INSERT INTO "user_likes" ("user_id", "song_id") VALUES ('7niawzo6bb63u2u', 'btjyhdnvegph2ouq4fxy41vdhdvz5mx92ab1cyt5j16p57ygcs');
INSERT INTO "user_likes" ("user_id", "song_id") VALUES ('7niawzo6bb63u2u', 'fna3lw719ldu6118n6n71ekgp0c3pkri88tihkgf4avxwoxax0');
INSERT INTO "user_likes" ("user_id", "song_id") VALUES ('7niawzo6bb63u2u', 'gd70guz94jkvln1k9qhg1d9ifqcfvdn0nc5v38woyro4ilil5d');
INSERT INTO "user_likes" ("user_id", "song_id") VALUES ('7niawzo6bb63u2u', '25vic9jl550fzh09x30wp4u9hydfj97azb9dprlxy9dsp87qbl');
INSERT INTO "user_likes" ("user_id", "song_id") VALUES ('7niawzo6bb63u2u', '2cvgssa50u0jegpofn72xtez9zh8puqi17vy1m37269jk9s821');
INSERT INTO "user_likes" ("user_id", "song_id") VALUES ('7niawzo6bb63u2u', 'g7npiqoa9y6asqklq60drw3qbxxtcrwj21iqoh7xyfnaubfqt3');
INSERT INTO "user_likes" ("user_id", "song_id") VALUES ('7niawzo6bb63u2u', 'ggnw80hhirgz8cneavp5e27x62u5ybjk02vbgcrjhlvif7klbe');
INSERT INTO "user_likes" ("user_id", "song_id") VALUES ('7niawzo6bb63u2u', 'y6oa6lnjgtlqbyr5yxrg0hzwgyqk38pwyh0t26wl1bgjjfez9i');
INSERT INTO "user_likes" ("user_id", "song_id") VALUES ('7niawzo6bb63u2u', '2w80uqguadkppjd6c5vu3rcwz86lnfs79su52uwmyu631e31kq');
INSERT INTO "user_likes" ("user_id", "song_id") VALUES ('7niawzo6bb63u2u', 'lj5web5ugaxsiwnstjbxt06odj85fz5udzdjybynmmfhsi90uj');
INSERT INTO "user_likes" ("user_id", "song_id") VALUES ('7niawzo6bb63u2u', 'o68y8dkcx2ixhm9b9peuhv2yu3xjthn2ax2nvmg7ijhhgzthrn');
INSERT INTO "user_likes" ("user_id", "song_id") VALUES ('7niawzo6bb63u2u', 'pb1mby9uyinge05ic1npdub0fx0lhactlyvfxe0ojpy8f0fsgn');
INSERT INTO "user_likes" ("user_id", "song_id") VALUES ('7niawzo6bb63u2u', 'm7ixayu3rutycn8w6ueyrhr8l177enlgtfihhsyg1h6qpsp7k3');
INSERT INTO "user_likes" ("user_id", "song_id") VALUES ('7niawzo6bb63u2u', '7rx2xrmvpsnpqvm72th8k8lw6is1perw3kf9hmvbqlxeg4wv8m');
INSERT INTO "user_likes" ("user_id", "song_id") VALUES ('h9grz328f3wfk9g', 'zcy1dlyd4xh3tsuu2mqvskfdjuuhoji1eusque5ydpxidixegh');
INSERT INTO "user_likes" ("user_id", "song_id") VALUES ('h9grz328f3wfk9g', 'wvjeyvzp5591nzimio2lrqr4p6ujcbna8onehmqeuypoccz4i5');
INSERT INTO "user_likes" ("user_id", "song_id") VALUES ('h9grz328f3wfk9g', 'sgupnar41ox57mnoufbpwkm1fz3i984eus8hax8fwmnsv7mdz4');
INSERT INTO "user_likes" ("user_id", "song_id") VALUES ('h9grz328f3wfk9g', '3id2i4opy7ihcpxjst5jiwvdyptefqsy8lh1o278a89tdnbya0');
INSERT INTO "user_likes" ("user_id", "song_id") VALUES ('h9grz328f3wfk9g', 'figbinl4yvzsbdknr45n1cqctrl68olnokmo9bxsu40duf5z0e');
INSERT INTO "user_likes" ("user_id", "song_id") VALUES ('h9grz328f3wfk9g', 'ttoy51xzyjs7sddi08o7zcbs1dgihbgy00oa3c9sagdbcx51uy');
INSERT INTO "user_likes" ("user_id", "song_id") VALUES ('h9grz328f3wfk9g', '4sm57onuinggiqyyb43d0h6mytjtefj5p3bm6v6gnndvr0r2n5');
INSERT INTO "user_likes" ("user_id", "song_id") VALUES ('h9grz328f3wfk9g', 'wcwoootefr9bacuui443jegod0nwaso75om2ej6fk8ljvoz1rn');
INSERT INTO "user_likes" ("user_id", "song_id") VALUES ('h9grz328f3wfk9g', 'fvsunnwdlq3u5p6rqsa9toja9ow0701mqkw6g7mizdw1fothe1');
INSERT INTO "user_likes" ("user_id", "song_id") VALUES ('h9grz328f3wfk9g', '9lg60iuvyl45tc9iqljb3by2uve4ncdrx74cf5ewek3po1fmv5');
INSERT INTO "user_likes" ("user_id", "song_id") VALUES ('h9grz328f3wfk9g', '77afzq8gd2srtcm7homs8120fw100om6izgf2wbmlsa70mgmq2');
INSERT INTO "user_likes" ("user_id", "song_id") VALUES ('h9grz328f3wfk9g', 'jz8wpkpcno4h9r2ph6tnrx3py18phe0793zlz543m6mp6up5sm');
INSERT INTO "user_likes" ("user_id", "song_id") VALUES ('h9grz328f3wfk9g', '231hft1d1uj657xlxxtceovk5bgk5gek4f8kfqrwux96na4h8f');
INSERT INTO "user_likes" ("user_id", "song_id") VALUES ('h9grz328f3wfk9g', 'djeaoysv495gejqyt83g4gws2ajl7bqt47j8ak6ppenq5rpoln');
INSERT INTO "user_likes" ("user_id", "song_id") VALUES ('h9grz328f3wfk9g', 'ea0jtulsh5mmfwdt1jse3ugmj9i1wmwkk4dogp7lfy4bldyl6d');
INSERT INTO "user_likes" ("user_id", "song_id") VALUES ('m4t851dyjzqe6qh', 'btjyhdnvegph2ouq4fxy41vdhdvz5mx92ab1cyt5j16p57ygcs');
INSERT INTO "user_likes" ("user_id", "song_id") VALUES ('m4t851dyjzqe6qh', 'fve4t53nvtefpmdel56ndbc03bulbubepkjtam81d94p7bdiwt');
INSERT INTO "user_likes" ("user_id", "song_id") VALUES ('m4t851dyjzqe6qh', 'lwoxq2kb4sf354f49eutiu7f3bwkyfe0dvdun1ccvzjcckhug5');
INSERT INTO "user_likes" ("user_id", "song_id") VALUES ('m4t851dyjzqe6qh', 's2lj3j3zb7k45p592fwjmiigiq68ifch9c4u7n0kjmm2j9epma');
INSERT INTO "user_likes" ("user_id", "song_id") VALUES ('m4t851dyjzqe6qh', 'phg5f1w7met6sx6nko1v7l0i8sfoh8604qsnqkkho2l0j0x7zj');
INSERT INTO "user_likes" ("user_id", "song_id") VALUES ('m4t851dyjzqe6qh', 'sr5kpyaiy2vanz3vua62t12xytsb6cylmixyd8y5unzwniivj9');
INSERT INTO "user_likes" ("user_id", "song_id") VALUES ('m4t851dyjzqe6qh', 'bai8xlhwfct8o31kzrdso134yvdsgf6f09eir5e0efn7f0jq8f');
INSERT INTO "user_likes" ("user_id", "song_id") VALUES ('m4t851dyjzqe6qh', '6xc3rp254kj2gx8gupo716f6ph6cw0jhb4ewim6565vckymeq4');
INSERT INTO "user_likes" ("user_id", "song_id") VALUES ('m4t851dyjzqe6qh', '5dapzp9g8qjyoxw692w1td38q98fhtdykit77vsi4j3xfkiy68');
INSERT INTO "user_likes" ("user_id", "song_id") VALUES ('m4t851dyjzqe6qh', '18duhyyj09lh3smfkuusgs8m15zepqx32exgcpoemcd6pfvrje');
INSERT INTO "user_likes" ("user_id", "song_id") VALUES ('m4t851dyjzqe6qh', 'dd5wmop7x2i8irujdzv8koxoto4f424w763f84qy6skuszn7gn');
INSERT INTO "user_likes" ("user_id", "song_id") VALUES ('m4t851dyjzqe6qh', '6uu0arq5kx7j008bydf13em1x3zciq0ow2a63qc6e6i1vqyhf2');
INSERT INTO "user_likes" ("user_id", "song_id") VALUES ('m4t851dyjzqe6qh', 'yk7wcjp0129la094bsglww27ozgrag3dfjfdkkihd2cbigvwy8');
INSERT INTO "user_likes" ("user_id", "song_id") VALUES ('m4t851dyjzqe6qh', 'i698pcipxcvqgy1s3yxb0q84fdn5jnc22t8lf1u7ieamik1jr4');
INSERT INTO "user_likes" ("user_id", "song_id") VALUES ('m4t851dyjzqe6qh', 'qytnuvunb7virge560f1196qiwsdygbks7yhkomn9xk2l9bd9l');
INSERT INTO "user_likes" ("user_id", "song_id") VALUES ('kcp913in2bq0pft', 'ekos1hnq637csnd0xuonuf0vx8srh4mwdfs35cqghy26xit873');
INSERT INTO "user_likes" ("user_id", "song_id") VALUES ('kcp913in2bq0pft', 'qvbrcojeyitc584d20b1do1ndl6pxny4mudkgy3rsqxxmguvyw');
INSERT INTO "user_likes" ("user_id", "song_id") VALUES ('kcp913in2bq0pft', '0mdjot2sdqe0wxme1dzrzu267illd625day51btkn7p8ycz315');
INSERT INTO "user_likes" ("user_id", "song_id") VALUES ('kcp913in2bq0pft', '8cvp90w5mjdkgnru9wujl47sd5u8tizmubqsl4eb4s1xnku2sq');
INSERT INTO "user_likes" ("user_id", "song_id") VALUES ('kcp913in2bq0pft', 'z9izqkhvuo3t5yxo185pqmbmced5gx0etprjra3ysgl8q0t6al');
INSERT INTO "user_likes" ("user_id", "song_id") VALUES ('kcp913in2bq0pft', '6dk4y8hbhy7y4zxaby25t4u8nhknwz2ibdqqo0hi5shspqiw7t');
INSERT INTO "user_likes" ("user_id", "song_id") VALUES ('kcp913in2bq0pft', 'vbqe9nz17t8voc16a65d68tb8rucst0taqi9qw9x0hs30bnkup');
INSERT INTO "user_likes" ("user_id", "song_id") VALUES ('kcp913in2bq0pft', 'iykoocbe4fz7kb9tl2npbzg4ejhabj0xgd52k0q92ldbmy4688');
INSERT INTO "user_likes" ("user_id", "song_id") VALUES ('kcp913in2bq0pft', '8wqtle9kmy9s2m0orlm6ckmc7hzbxfri4jz91ozqci7hap44o3');
INSERT INTO "user_likes" ("user_id", "song_id") VALUES ('kcp913in2bq0pft', '4j2w5d2yyxlvd5boopkjp53oe5kmrxmf0h34n49y7vkyvblyz6');
INSERT INTO "user_likes" ("user_id", "song_id") VALUES ('kcp913in2bq0pft', 'zri3rwtyn237y36ed2sv2p91kgktnesx044cacywo24xygm0ed');
INSERT INTO "user_likes" ("user_id", "song_id") VALUES ('kcp913in2bq0pft', '2w80uqguadkppjd6c5vu3rcwz86lnfs79su52uwmyu631e31kq');
INSERT INTO "user_likes" ("user_id", "song_id") VALUES ('kcp913in2bq0pft', 'j82dqlatcsely851rpu2pfdoaew3cdxh8uysqn03q3kqbf4n65');
INSERT INTO "user_likes" ("user_id", "song_id") VALUES ('kcp913in2bq0pft', 'hl89xpkbc6el13kwveviesx7b66supv4w0uxmr59g6xdvqxn6c');
INSERT INTO "user_likes" ("user_id", "song_id") VALUES ('kcp913in2bq0pft', '77afzq8gd2srtcm7homs8120fw100om6izgf2wbmlsa70mgmq2');
INSERT INTO "user_likes" ("user_id", "song_id") VALUES ('dze8m8msphmg7nh', '1yl5fbiu3yxllf89ykdjgdxl5kprr5zh18hh4k03n4peiljdqj');
INSERT INTO "user_likes" ("user_id", "song_id") VALUES ('dze8m8msphmg7nh', 'avq0zuemurwl7eqfr92d0fs53kq1uni5tji4jzqpusmbqrh9mr');
INSERT INTO "user_likes" ("user_id", "song_id") VALUES ('dze8m8msphmg7nh', 'co2pw8rmmw8o0428h3zjt7yfaesy6jfv975cqegwm81bxfz125');
INSERT INTO "user_likes" ("user_id", "song_id") VALUES ('dze8m8msphmg7nh', '527jhp8my2g5lf21qfe0u8h5lqlop428kp0mrt1841gumkis09');
INSERT INTO "user_likes" ("user_id", "song_id") VALUES ('dze8m8msphmg7nh', 'iqqvx8bhyjfcmizklcd90ov4sbsypj2i6bmaui596s6svl8t43');
INSERT INTO "user_likes" ("user_id", "song_id") VALUES ('dze8m8msphmg7nh', 'u01low24c4qbfjsbw8rpo3dvx4grrf5m7qi174kcpqjp72d6vy');
INSERT INTO "user_likes" ("user_id", "song_id") VALUES ('dze8m8msphmg7nh', 'pb1mby9uyinge05ic1npdub0fx0lhactlyvfxe0ojpy8f0fsgn');
INSERT INTO "user_likes" ("user_id", "song_id") VALUES ('dze8m8msphmg7nh', '7a2d0kt44fl0rh74dnz7d39y267mu3v3wk2wio2cjncjbgr7sn');
INSERT INTO "user_likes" ("user_id", "song_id") VALUES ('dze8m8msphmg7nh', 'l4pekt5wyu93l7tt0susqro3vxs2y79xk9igj2f6izysxpa78o');
INSERT INTO "user_likes" ("user_id", "song_id") VALUES ('dze8m8msphmg7nh', 'qvde8z6qweeh7qwscta6ydkq9pydydah1te3abbqldb7ne9fk7');
INSERT INTO "user_likes" ("user_id", "song_id") VALUES ('dze8m8msphmg7nh', 'j1x23e6agkauqw7uipjgfjkhp7dew3clt97ss8wrbz7r3rgzys');
INSERT INTO "user_likes" ("user_id", "song_id") VALUES ('dze8m8msphmg7nh', 'rwb1xnecgtojb48hwkkgpz080lmnywwerqdng035pwmriu3wjv');
INSERT INTO "user_likes" ("user_id", "song_id") VALUES ('dze8m8msphmg7nh', 'dqgc5ny35vl1ereq3wekkhztpl60pjnw846cic4it869sedrsz');
INSERT INTO "user_likes" ("user_id", "song_id") VALUES ('dze8m8msphmg7nh', 'wme9f0pr0zmmazw80xtcorudyxdfzqf5s0m3oyaxt2kkiq68m6');
INSERT INTO "user_likes" ("user_id", "song_id") VALUES ('dze8m8msphmg7nh', '0cgn9t8krg2kfv4ll4oo8c6yupp3v74fvg8zdl63kemz8jtf6m');
INSERT INTO "user_likes" ("user_id", "song_id") VALUES ('2wt2309ehptszic', '2z6m3qmrujtw26psds8f0dy3a2pfc6za594njfbv15yxa77d6o');
INSERT INTO "user_likes" ("user_id", "song_id") VALUES ('2wt2309ehptszic', '6dk4y8hbhy7y4zxaby25t4u8nhknwz2ibdqqo0hi5shspqiw7t');
INSERT INTO "user_likes" ("user_id", "song_id") VALUES ('2wt2309ehptszic', 'l2afkm21hufds9luujclk4lq92my6pqeyee8htyhfdz1wl7a5v');
INSERT INTO "user_likes" ("user_id", "song_id") VALUES ('2wt2309ehptszic', 'msj2px3g88z72zoia5961ckrrsgwx0gxjy1520bt121rb6r64y');
INSERT INTO "user_likes" ("user_id", "song_id") VALUES ('2wt2309ehptszic', '8y32kjtopc1mruxffq8hbc9xe65lioz4dec4a8mid1qh3molc4');
INSERT INTO "user_likes" ("user_id", "song_id") VALUES ('2wt2309ehptszic', 'v5irfv6k4r4t2w0m995ac8nf3dykl7cr4xpzx7oy3jd5h0o9xp');
INSERT INTO "user_likes" ("user_id", "song_id") VALUES ('2wt2309ehptszic', '7dm7fbteg47izoqce5p8u1nf4n0gjjwhqiau9ma0i3yck4b2h8');
INSERT INTO "user_likes" ("user_id", "song_id") VALUES ('2wt2309ehptszic', 'vkq1mjid8vfeh3dmjuzioams1hd6vc2nsqfym3h32kc87qjbbt');
INSERT INTO "user_likes" ("user_id", "song_id") VALUES ('2wt2309ehptszic', 'gx5yogjl910dn6kx8gv94zgxyr5ngxekzz29g2e8qjux9u2dvk');
INSERT INTO "user_likes" ("user_id", "song_id") VALUES ('2wt2309ehptszic', '64fuawrkdm2lmx632c9q3z1o6y41zgiil128sln6r7getfg36e');
INSERT INTO "user_likes" ("user_id", "song_id") VALUES ('2wt2309ehptszic', 'smksldlroq29i2my3b418i28hi8fsfrzjl42agcxk74yyyd7o0');
INSERT INTO "user_likes" ("user_id", "song_id") VALUES ('2wt2309ehptszic', '0rzg9p9nhhr5cezl9miuupret4qtp63g8hwyyhlfsnx6860gm9');
INSERT INTO "user_likes" ("user_id", "song_id") VALUES ('2wt2309ehptszic', 'mizwn0b5o5yjr6kiqopvc8bj00xuughbxwr31n4rpcjyv6q7i6');
INSERT INTO "user_likes" ("user_id", "song_id") VALUES ('2wt2309ehptszic', 'zcy1dlyd4xh3tsuu2mqvskfdjuuhoji1eusque5ydpxidixegh');
INSERT INTO "user_likes" ("user_id", "song_id") VALUES ('2wt2309ehptszic', 'dd5wmop7x2i8irujdzv8koxoto4f424w763f84qy6skuszn7gn');
INSERT INTO "user_likes" ("user_id", "song_id") VALUES ('pxu54pmgawm34b5', '1v1spn9378yapd9zzkfejtg32y8uuznmmruau2fbhwcs3crrho');
INSERT INTO "user_likes" ("user_id", "song_id") VALUES ('pxu54pmgawm34b5', '6dk4y8hbhy7y4zxaby25t4u8nhknwz2ibdqqo0hi5shspqiw7t');
INSERT INTO "user_likes" ("user_id", "song_id") VALUES ('pxu54pmgawm34b5', 'fmnox1jpax98jy3aoc5j5jzgcz413v7xl9unwv6xnvinnw3bkj');
INSERT INTO "user_likes" ("user_id", "song_id") VALUES ('pxu54pmgawm34b5', '8sy2bbnxeoyt53i1q1rl5l1vk7lyvn7tlittuqqbv2hs4zi76w');
INSERT INTO "user_likes" ("user_id", "song_id") VALUES ('pxu54pmgawm34b5', '81qzgw0oozjij4dzgzkl28jbd4pcudl51icif55edxzro9mmi3');
INSERT INTO "user_likes" ("user_id", "song_id") VALUES ('pxu54pmgawm34b5', 'j5912n11dm9b2lxyy2141ldndkvk83v91elqyo798hasadbcfa');
INSERT INTO "user_likes" ("user_id", "song_id") VALUES ('pxu54pmgawm34b5', 'rxt44a8n25lu90uxf51zo1fojeak1uti06magkoq59v6u4dg2s');
INSERT INTO "user_likes" ("user_id", "song_id") VALUES ('pxu54pmgawm34b5', 'jylvw2tj7og5get9ang4rlry1jwo6d4znbymt546nb3hiyrpfi');
INSERT INTO "user_likes" ("user_id", "song_id") VALUES ('pxu54pmgawm34b5', '1d56gh16lz9tcdljlhd78qvbhsrf09muk4fafoy8r2y7nsuh2h');
INSERT INTO "user_likes" ("user_id", "song_id") VALUES ('pxu54pmgawm34b5', 'r2l8unvvwp9dmafha643b3ti95dxp6czif1stgiu0jov96v5nd');
INSERT INTO "user_likes" ("user_id", "song_id") VALUES ('pxu54pmgawm34b5', 'bppj25ileptim3j3s73l2sjx8ujh2fx5up1y1hdfmmjtxrln34');
INSERT INTO "user_likes" ("user_id", "song_id") VALUES ('pxu54pmgawm34b5', '4j2w5d2yyxlvd5boopkjp53oe5kmrxmf0h34n49y7vkyvblyz6');
INSERT INTO "user_likes" ("user_id", "song_id") VALUES ('pxu54pmgawm34b5', 'v5irfv6k4r4t2w0m995ac8nf3dykl7cr4xpzx7oy3jd5h0o9xp');
INSERT INTO "user_likes" ("user_id", "song_id") VALUES ('pxu54pmgawm34b5', 'g7gasnfva15eq8ngsh46j2ce37w9lnk8am3q2vkpukywnztlp2');
INSERT INTO "user_likes" ("user_id", "song_id") VALUES ('pxu54pmgawm34b5', 'n13p77gmxbv1eo1oxw7vddw8mxk47q79r3k713z1agff5mq36q');
INSERT INTO "user_likes" ("user_id", "song_id") VALUES ('nz4nme54t9n8mts', 'ci5hsq8bdd47qx3jqd13tzyftn4mfnt8j5r2pnv7bpo0ld9w0e');
INSERT INTO "user_likes" ("user_id", "song_id") VALUES ('nz4nme54t9n8mts', 'dozsnoqnrrsy1it84uh7a8sk8hk3vbjm9oag3s0ietjusbye3p');
INSERT INTO "user_likes" ("user_id", "song_id") VALUES ('nz4nme54t9n8mts', 'mqqbe4d2iolmnd47pqaa0cdy9pgredfrcsxqvzmemk7jal2bb1');
INSERT INTO "user_likes" ("user_id", "song_id") VALUES ('nz4nme54t9n8mts', 'd3yizui400anwdxuunqgbz19n5y7aowqjvjvxptb9cdtmu06uw');
INSERT INTO "user_likes" ("user_id", "song_id") VALUES ('nz4nme54t9n8mts', 'j5912n11dm9b2lxyy2141ldndkvk83v91elqyo798hasadbcfa');
INSERT INTO "user_likes" ("user_id", "song_id") VALUES ('nz4nme54t9n8mts', '7dm7fbteg47izoqce5p8u1nf4n0gjjwhqiau9ma0i3yck4b2h8');
INSERT INTO "user_likes" ("user_id", "song_id") VALUES ('nz4nme54t9n8mts', '1v58022lb8bb5b381t8pha8tjukvlb20issrsfzvi5xs3vbi2k');
INSERT INTO "user_likes" ("user_id", "song_id") VALUES ('nz4nme54t9n8mts', 'c861wptj254uztuplphqmhtd5w6ufm5aby6h265eqjrddvyb17');
INSERT INTO "user_likes" ("user_id", "song_id") VALUES ('nz4nme54t9n8mts', '0mdjot2sdqe0wxme1dzrzu267illd625day51btkn7p8ycz315');
INSERT INTO "user_likes" ("user_id", "song_id") VALUES ('nz4nme54t9n8mts', 'ekos1hnq637csnd0xuonuf0vx8srh4mwdfs35cqghy26xit873');
INSERT INTO "user_likes" ("user_id", "song_id") VALUES ('nz4nme54t9n8mts', 's7aq9g50t5gb8hyfvqaq8j5t9abv0wkt1f1yh3mpjv0iyg1q2w');
INSERT INTO "user_likes" ("user_id", "song_id") VALUES ('nz4nme54t9n8mts', '1bo56kzodxmljstj46ahdettlzoz5skogszfcmndjrikydrtsd');
INSERT INTO "user_likes" ("user_id", "song_id") VALUES ('nz4nme54t9n8mts', 'j1x23e6agkauqw7uipjgfjkhp7dew3clt97ss8wrbz7r3rgzys');
INSERT INTO "user_likes" ("user_id", "song_id") VALUES ('nz4nme54t9n8mts', 'oqqvkrvwew31s2wwtabkm147gqin4o0xsxlsl57m77v26e2d4b');
INSERT INTO "user_likes" ("user_id", "song_id") VALUES ('nz4nme54t9n8mts', 'ookvmhdobu9pj49dcmq1vv5dxul5rzucylf0aeyymsnc6nihcf');
INSERT INTO "user_likes" ("user_id", "song_id") VALUES ('czeh5bn7jkh7am1', 'mizwn0b5o5yjr6kiqopvc8bj00xuughbxwr31n4rpcjyv6q7i6');
INSERT INTO "user_likes" ("user_id", "song_id") VALUES ('czeh5bn7jkh7am1', 'aoywneckhccqs32nul0q6bnbru2svv2e549m4361h08box1md5');
INSERT INTO "user_likes" ("user_id", "song_id") VALUES ('czeh5bn7jkh7am1', 'jqqzhe720urjgxtjyelhr1htspnac34sbwo8oza6bx74k7ix9h');
INSERT INTO "user_likes" ("user_id", "song_id") VALUES ('czeh5bn7jkh7am1', '2e03hyvihnu8uj2ozxtzsno3cmp2zdv6vbzftyd1x3l648ukrk');
INSERT INTO "user_likes" ("user_id", "song_id") VALUES ('czeh5bn7jkh7am1', 'rd67zn7a67z9j9vuumvvwfvl0r2ofinl11we24rgj8bif5e2pi');
INSERT INTO "user_likes" ("user_id", "song_id") VALUES ('czeh5bn7jkh7am1', '0yixr9g6snoaocbbplcrmuwq8o3yy9yk0vcub13g9vmw8rjcrg');
INSERT INTO "user_likes" ("user_id", "song_id") VALUES ('czeh5bn7jkh7am1', '8glaq82cwwx7k9ebnix140w660vx56oa9ixbeunf47jjypgaq4');
INSERT INTO "user_likes" ("user_id", "song_id") VALUES ('czeh5bn7jkh7am1', 'rlj7u6yd8rcv6qsv7wbhfj1qcf70k4xiwynlmqam5dpijh1vhu');
INSERT INTO "user_likes" ("user_id", "song_id") VALUES ('czeh5bn7jkh7am1', 'ci5hsq8bdd47qx3jqd13tzyftn4mfnt8j5r2pnv7bpo0ld9w0e');
INSERT INTO "user_likes" ("user_id", "song_id") VALUES ('czeh5bn7jkh7am1', 'wequ48aojnuwstpxgjweraftev0pyt04g94zv18i7hz9phjpu2');
INSERT INTO "user_likes" ("user_id", "song_id") VALUES ('czeh5bn7jkh7am1', 'o4xa9lbcdh085igdngd9esh84m4ccp9rhkio7jzxmrf4hn9ryq');
INSERT INTO "user_likes" ("user_id", "song_id") VALUES ('czeh5bn7jkh7am1', 'qvrxd2akpzbn551it51i990qktcs5ob5hc369rcfj22in2i0kq');
INSERT INTO "user_likes" ("user_id", "song_id") VALUES ('czeh5bn7jkh7am1', '5wrckeggqtin4cdfm4e3gz27vj4zn142rs7kzhlqcfw7fohn01');
INSERT INTO "user_likes" ("user_id", "song_id") VALUES ('czeh5bn7jkh7am1', 'ty1e85y2rp3y7fcuc4kgc0po3u2ip8k5xget15392pxwixjf5c');
INSERT INTO "user_likes" ("user_id", "song_id") VALUES ('czeh5bn7jkh7am1', 'doiyek9t82xmzjjsuoouloniglz2stmyw43i8ky5auq9yr1psl');
INSERT INTO "user_likes" ("user_id", "song_id") VALUES ('ehjowsa0xfnqkor', 'g9qf2mn1rahrhi74ogmzmriksw0qv6w952odl4l1bzb1v01aee');
INSERT INTO "user_likes" ("user_id", "song_id") VALUES ('ehjowsa0xfnqkor', '77afzq8gd2srtcm7homs8120fw100om6izgf2wbmlsa70mgmq2');
INSERT INTO "user_likes" ("user_id", "song_id") VALUES ('ehjowsa0xfnqkor', '1d56gh16lz9tcdljlhd78qvbhsrf09muk4fafoy8r2y7nsuh2h');
INSERT INTO "user_likes" ("user_id", "song_id") VALUES ('ehjowsa0xfnqkor', '8sy2bbnxeoyt53i1q1rl5l1vk7lyvn7tlittuqqbv2hs4zi76w');
INSERT INTO "user_likes" ("user_id", "song_id") VALUES ('ehjowsa0xfnqkor', 'rrkbvyhl0rlw0fczo4rlkcrbl80oq883vk83evghx3tc2k9wa8');
INSERT INTO "user_likes" ("user_id", "song_id") VALUES ('ehjowsa0xfnqkor', '8glaq82cwwx7k9ebnix140w660vx56oa9ixbeunf47jjypgaq4');
INSERT INTO "user_likes" ("user_id", "song_id") VALUES ('ehjowsa0xfnqkor', '8cvp90w5mjdkgnru9wujl47sd5u8tizmubqsl4eb4s1xnku2sq');
INSERT INTO "user_likes" ("user_id", "song_id") VALUES ('ehjowsa0xfnqkor', '8nsl3c9oj35sbng7v13wh81tbkksyijxjfxd3islny4vu7188h');
INSERT INTO "user_likes" ("user_id", "song_id") VALUES ('ehjowsa0xfnqkor', '5g3gp1extti1qfmfrerwufaxcogz0mkjw79eqo6u5ohdgozlvz');
INSERT INTO "user_likes" ("user_id", "song_id") VALUES ('ehjowsa0xfnqkor', 'smksldlroq29i2my3b418i28hi8fsfrzjl42agcxk74yyyd7o0');
INSERT INTO "user_likes" ("user_id", "song_id") VALUES ('ehjowsa0xfnqkor', '2nxjm2e1uo24myy28kg4xlu4guh3o8fxo7mowu1hgg80gadxrt');
INSERT INTO "user_likes" ("user_id", "song_id") VALUES ('ehjowsa0xfnqkor', '5wm9dsmfvcagzg9xbp3cmrpfhefudzx8ivmfuj5h8gxdake5ej');
INSERT INTO "user_likes" ("user_id", "song_id") VALUES ('ehjowsa0xfnqkor', 'z9izqkhvuo3t5yxo185pqmbmced5gx0etprjra3ysgl8q0t6al');
INSERT INTO "user_likes" ("user_id", "song_id") VALUES ('ehjowsa0xfnqkor', 'wkbnmb3w8g083gjo489fbedd7hj0fuukmolwluyc30r3os5sz0');
INSERT INTO "user_likes" ("user_id", "song_id") VALUES ('ehjowsa0xfnqkor', 'ev1p5qquz6w0lmcp7q6ga8k9anpoda5gy16kkeemmph5tox83o');
INSERT INTO "user_likes" ("user_id", "song_id") VALUES ('icqlt67n2fd7p34', 'uisb5sxywcx5pey3u2qum6wv6ytzwxmsq2rlc3irh31utc5tl7');
INSERT INTO "user_likes" ("user_id", "song_id") VALUES ('icqlt67n2fd7p34', '9xlfw29zjow9tdhwtz45z7taff7jao3w0mqo2psyrj7nw9wmny');
INSERT INTO "user_likes" ("user_id", "song_id") VALUES ('icqlt67n2fd7p34', 's6dah8gtxkjbq2gvhuagao94xs7hv9geo5i0lku99182hy26yd');
INSERT INTO "user_likes" ("user_id", "song_id") VALUES ('icqlt67n2fd7p34', 's2lj3j3zb7k45p592fwjmiigiq68ifch9c4u7n0kjmm2j9epma');
INSERT INTO "user_likes" ("user_id", "song_id") VALUES ('icqlt67n2fd7p34', '4ocv5ur19megwo0jk23w7pqbor1soyvp4ukxyhxaq4c6srhhsw');
INSERT INTO "user_likes" ("user_id", "song_id") VALUES ('icqlt67n2fd7p34', '231hft1d1uj657xlxxtceovk5bgk5gek4f8kfqrwux96na4h8f');
INSERT INTO "user_likes" ("user_id", "song_id") VALUES ('icqlt67n2fd7p34', 'j8llqaz5cf7lrd0o4yojtwrfyd8wok6oc6gef5w1i0xaxfshmp');
INSERT INTO "user_likes" ("user_id", "song_id") VALUES ('icqlt67n2fd7p34', '0dkk0e52v2d6rxnggb2l1ygz1wag6nhoa9c48ol3pgw3trhl1j');
INSERT INTO "user_likes" ("user_id", "song_id") VALUES ('icqlt67n2fd7p34', 'yo0a2a7ur6bvs61uva2bik2iww9a49u755du9nybitm4zd11ag');
INSERT INTO "user_likes" ("user_id", "song_id") VALUES ('icqlt67n2fd7p34', 'c861wptj254uztuplphqmhtd5w6ufm5aby6h265eqjrddvyb17');
INSERT INTO "user_likes" ("user_id", "song_id") VALUES ('icqlt67n2fd7p34', 'j1x23e6agkauqw7uipjgfjkhp7dew3clt97ss8wrbz7r3rgzys');
INSERT INTO "user_likes" ("user_id", "song_id") VALUES ('icqlt67n2fd7p34', '2nxph8llg9prquhlm6rhkzxyz7fy0o7qm8uceeyut6kyphuqwn');
INSERT INTO "user_likes" ("user_id", "song_id") VALUES ('icqlt67n2fd7p34', '44utk8dp6crcas952wkctrorwo8vlq4oprrqa725qq9bbjc90k');
INSERT INTO "user_likes" ("user_id", "song_id") VALUES ('icqlt67n2fd7p34', '82zgg8q2s2cw6aatnh1ymgmnxcfa4pyb02v9uxah3p0tepklui');
INSERT INTO "user_likes" ("user_id", "song_id") VALUES ('icqlt67n2fd7p34', 'nls84pcych3nhjjl0d536avo1v3c5lngfrj93o1aa3myorhbw2');
-- User Song Recommendations
INSERT INTO "user_song_recommendations" ("id", "user_id", "song_id", "created_at") VALUES ('u6qmktvgav49wmbo11ryowyzay23r7r8i5w5tbv0nuhb4vhw6d', '7niawzo6bb63u2u', 'hgd91qb34bwh64t622ocxtupikeu60o35w7ne2q9hcn6w5qhzn', '2023-11-17 17:00:08.000');
INSERT INTO "user_song_recommendations" ("id", "user_id", "song_id", "created_at") VALUES ('mromkihjobinjcakuzrfhtj048lvzljvpgawlpizutypmmvz7m', '7niawzo6bb63u2u', 'ttoy51xzyjs7sddi08o7zcbs1dgihbgy00oa3c9sagdbcx51uy', '2023-11-17 17:00:08.000');
INSERT INTO "user_song_recommendations" ("id", "user_id", "song_id", "created_at") VALUES ('rexqjmbb2wlg5vnw4eds8opvamm4a0b2vrttpe7k54sxw0qq59', '7niawzo6bb63u2u', 'c15d8g067gll1uoorg4iz359bsmkk8uslzpr31uajpgymrvdtr', '2023-11-17 17:00:08.000');
INSERT INTO "user_song_recommendations" ("id", "user_id", "song_id", "created_at") VALUES ('uic33urnhuwn572ffyt4l4za3esr4dt29zaxr5zy6wtxam3fqm', '7niawzo6bb63u2u', 'vkq1mjid8vfeh3dmjuzioams1hd6vc2nsqfym3h32kc87qjbbt', '2023-11-17 17:00:08.000');
INSERT INTO "user_song_recommendations" ("id", "user_id", "song_id", "created_at") VALUES ('m4p2iztumfmk6l95vwmalzro7kujy2gnz3s3y7yhn6v5n4mj5e', '7niawzo6bb63u2u', 'o4xa9lbcdh085igdngd9esh84m4ccp9rhkio7jzxmrf4hn9ryq', '2023-11-17 17:00:08.000');
INSERT INTO "user_song_recommendations" ("id", "user_id", "song_id", "created_at") VALUES ('t0mak3ke4c0kjbeg4tubtizntvclasfc3d3ic1eu56121pm9st', '7niawzo6bb63u2u', 'gfz23jqpmrjv3jgd8ycuu8qt2p0xcy183j95b8uz1w4vwpq8mh', '2023-11-17 17:00:08.000');
INSERT INTO "user_song_recommendations" ("id", "user_id", "song_id", "created_at") VALUES ('t9jvwxriaizvtbx3umcc8lxfj0qjwqirzlpe1v90dy3pbs6lag', '7niawzo6bb63u2u', 'uuxoph3nturt2ay6cqvmoa4ft9gq674tevigqupb6mqvo4ox9w', '2023-11-17 17:00:08.000');
INSERT INTO "user_song_recommendations" ("id", "user_id", "song_id", "created_at") VALUES ('ezrhmldjsxaieakyw0gnaxe98m22c4egyki2l92idexb6es1px', '7niawzo6bb63u2u', '50u9fo1lq6e7gbf5a7jfl25x5r7zmoylz24xw4amqisto32s49', '2023-11-17 17:00:08.000');
INSERT INTO "user_song_recommendations" ("id", "user_id", "song_id", "created_at") VALUES ('7cvg5991izc94rmgeqivvebh3rp15rok63ly478024l1r2dcxz', 'h9grz328f3wfk9g', 'qygbmcrdvfbaozup0xasp500kawzanhm5v5i849fzynniwqb7o', '2023-11-17 17:00:08.000');
INSERT INTO "user_song_recommendations" ("id", "user_id", "song_id", "created_at") VALUES ('drnvgjbmt5gdrl7atvcd2xblz5xja37d7pa6golr2bl5vniu5l', 'h9grz328f3wfk9g', 'l4pekt5wyu93l7tt0susqro3vxs2y79xk9igj2f6izysxpa78o', '2023-11-17 17:00:08.000');
INSERT INTO "user_song_recommendations" ("id", "user_id", "song_id", "created_at") VALUES ('ykmj0su1shpzo8aqc7rda624w3ltqlzmgnsoamhqwux7jpwj1k', 'h9grz328f3wfk9g', 'xabdk9ej26i6a6zso35y5t3mfxy36tjggpeyrcteh4z6lfzfw5', '2023-11-17 17:00:08.000');
INSERT INTO "user_song_recommendations" ("id", "user_id", "song_id", "created_at") VALUES ('4bli10zthtw2n4bjel7pd3ox4zddmdrdrob4qd8085dc8fjyim', 'h9grz328f3wfk9g', 'orw6dww37tsqqnpkyt7e25jzqjw67ba1tsp4yisdbw6fw56p6w', '2023-11-17 17:00:08.000');
INSERT INTO "user_song_recommendations" ("id", "user_id", "song_id", "created_at") VALUES ('v8u3ao35bnvaw3cne0ddm3tdcxp7vdyrgq6isxv9u8msy0vqxt', 'h9grz328f3wfk9g', 'y6oa6lnjgtlqbyr5yxrg0hzwgyqk38pwyh0t26wl1bgjjfez9i', '2023-11-17 17:00:08.000');
INSERT INTO "user_song_recommendations" ("id", "user_id", "song_id", "created_at") VALUES ('8cbupx1x7pa3gulg5e7fyccx7zt44lj2j53p116gra53xl67jk', 'h9grz328f3wfk9g', 'btjyhdnvegph2ouq4fxy41vdhdvz5mx92ab1cyt5j16p57ygcs', '2023-11-17 17:00:08.000');
INSERT INTO "user_song_recommendations" ("id", "user_id", "song_id", "created_at") VALUES ('0asb4u0txbvus188gjvjb99gheld8zlg0v73g0z399nv9mmni4', 'h9grz328f3wfk9g', 'o2vwgafty1m9c6kd7eina6dd49x2tyk8dub3u9famwlc8oc9or', '2023-11-17 17:00:08.000');
INSERT INTO "user_song_recommendations" ("id", "user_id", "song_id", "created_at") VALUES ('bwjeipe8k0gl6bh3cohvjllggyu0sxz63j97jtgxo0epcz0d2t', 'h9grz328f3wfk9g', 'ookvmhdobu9pj49dcmq1vv5dxul5rzucylf0aeyymsnc6nihcf', '2023-11-17 17:00:08.000');
INSERT INTO "user_song_recommendations" ("id", "user_id", "song_id", "created_at") VALUES ('skoektvd2m8idnksc1g24ndc7j7yid2zgu7izugqr0aziyyeun', 'm4t851dyjzqe6qh', 'za4vg9r3tio0lu8s5btjco521k2bo9xe3cppaao8q0xgmutupl', '2023-11-17 17:00:08.000');
INSERT INTO "user_song_recommendations" ("id", "user_id", "song_id", "created_at") VALUES ('27p7r956udqozq2181l8looouklg21ri3ivxyre85wvftpll50', 'm4t851dyjzqe6qh', 'tqsxq1y8bqpux513z0pjipspfby80j179oxqsrfoq8ybfzdqkr', '2023-11-17 17:00:08.000');
INSERT INTO "user_song_recommendations" ("id", "user_id", "song_id", "created_at") VALUES ('inyp2wzdcnlhajeps7qot69rcmu26rb6qsfgy6ofgrmbxu9893', 'm4t851dyjzqe6qh', 'csahcs6zsq0l1l6vtnzwwfnk4qbwuyyenzvh7v5sgbbyta6k4b', '2023-11-17 17:00:08.000');
INSERT INTO "user_song_recommendations" ("id", "user_id", "song_id", "created_at") VALUES ('rt7folmqpr1e6tiuks2w3ae64rq6p5v6bnsiy22a2giqgqtw2t', 'm4t851dyjzqe6qh', 'qwloluwavl3plh5kftwmoanzvn8cz1ccrc5767ezm9q1vjw8tn', '2023-11-17 17:00:08.000');
INSERT INTO "user_song_recommendations" ("id", "user_id", "song_id", "created_at") VALUES ('2sa3dsiwjpv508gj2vmtljq6gz2j0gmmcw1ga5ewgzms8ynzjd', 'm4t851dyjzqe6qh', 'mizwn0b5o5yjr6kiqopvc8bj00xuughbxwr31n4rpcjyv6q7i6', '2023-11-17 17:00:08.000');
INSERT INTO "user_song_recommendations" ("id", "user_id", "song_id", "created_at") VALUES ('trc47028i0s94fx8nt0d5sm9k4xen39c93xiu1mm23ccyjxhh2', 'm4t851dyjzqe6qh', 'kihn2imlymubjfuwy9qrkvwlc3kbicq5e0e3kfb7174gimjnjd', '2023-11-17 17:00:08.000');
INSERT INTO "user_song_recommendations" ("id", "user_id", "song_id", "created_at") VALUES ('rf2p4mlw7c6vl3hfrimkich7csdtgerql3l8mi43izq3o0rrd2', 'm4t851dyjzqe6qh', '5wrckeggqtin4cdfm4e3gz27vj4zn142rs7kzhlqcfw7fohn01', '2023-11-17 17:00:08.000');
INSERT INTO "user_song_recommendations" ("id", "user_id", "song_id", "created_at") VALUES ('dq5doetz5m7o60isi7kpy1fuyc0rvfv4j64k25ynel051a5l7y', 'm4t851dyjzqe6qh', '1yl5fbiu3yxllf89ykdjgdxl5kprr5zh18hh4k03n4peiljdqj', '2023-11-17 17:00:08.000');
INSERT INTO "user_song_recommendations" ("id", "user_id", "song_id", "created_at") VALUES ('uz9tfqvxy5q2rzmodbsgqglrsjkewawppi8zzn417c5wxafw02', 'kcp913in2bq0pft', '3gfz5u54z0nrgfps3m4xb5423evmzl72szoxid80a0ez3vbfvo', '2023-11-17 17:00:08.000');
INSERT INTO "user_song_recommendations" ("id", "user_id", "song_id", "created_at") VALUES ('of3k9j19d6xu8aeui8ajaqjabzp8xeicjgsip4yfn2a9825oen', 'kcp913in2bq0pft', 'xn7oyxcnjkl0dkm1d8qaysrvhrobwt7n33v1im81mlh8y062nm', '2023-11-17 17:00:08.000');
INSERT INTO "user_song_recommendations" ("id", "user_id", "song_id", "created_at") VALUES ('r8j84nyiwnqqttd1zvy8ww3n3ghcoce2ttmxfgqzdhwftstidn', 'kcp913in2bq0pft', 'fy0pplbuncgxpw1jpxdwb7l9quil258fwwq5ak7gx8ojd6atga', '2023-11-17 17:00:08.000');
INSERT INTO "user_song_recommendations" ("id", "user_id", "song_id", "created_at") VALUES ('1arqq1k3vdjwnqnpfzcbauwxbsmg74rxnzgsejlju7d50lee55', 'kcp913in2bq0pft', 'hl89xpkbc6el13kwveviesx7b66supv4w0uxmr59g6xdvqxn6c', '2023-11-17 17:00:08.000');
INSERT INTO "user_song_recommendations" ("id", "user_id", "song_id", "created_at") VALUES ('n991u5h4ngx70klek4t7228faa9but5bfi48biimhqq6nv70va', 'kcp913in2bq0pft', 'bpmxuizl1hlvqfwj5r137rwmhmuhjdep8a71emt38ckveflzib', '2023-11-17 17:00:08.000');
INSERT INTO "user_song_recommendations" ("id", "user_id", "song_id", "created_at") VALUES ('ajyvtrz84enc24a3elkm2d1jsrxaxl6yvyz268i8uxczl00ejw', 'kcp913in2bq0pft', '49z2qaxbu0rz71zr7jcapki4v1mgaq8b0wz0vbmepu946ktl4f', '2023-11-17 17:00:08.000');
INSERT INTO "user_song_recommendations" ("id", "user_id", "song_id", "created_at") VALUES ('6ly3mkfjl3yut32rowa87jy6o3mpruhwvv0lkfvk82jxprwfkl', 'kcp913in2bq0pft', 'e2qretngwhk7rjj6ikm00g6nvg9rc6ctmsok7vnfwca88q3y5x', '2023-11-17 17:00:08.000');
INSERT INTO "user_song_recommendations" ("id", "user_id", "song_id", "created_at") VALUES ('ak7rrh0qqvgfz9xf671fb1tu9ivqczyhhno8hjxvyzf5meuuam', 'kcp913in2bq0pft', 'p14yvyegc0jvtp6wrzhv10j98rg68pmf3mksigvva898a0l0fv', '2023-11-17 17:00:08.000');
INSERT INTO "user_song_recommendations" ("id", "user_id", "song_id", "created_at") VALUES ('4uj2k6jwr7fi332gkgfk96dq1dd15lh89prmw9wfyxsgt9yg4e', 'dze8m8msphmg7nh', 'iatc65hh5cu9zi5qfldjqdfojqfx8dpq0zelle5z5wou78pjxf', '2023-11-17 17:00:08.000');
INSERT INTO "user_song_recommendations" ("id", "user_id", "song_id", "created_at") VALUES ('cpoxjr4yaw2g67asmmqad1472qk3kmzosx089t9j2hba6aoav1', 'dze8m8msphmg7nh', '2z6m3qmrujtw26psds8f0dy3a2pfc6za594njfbv15yxa77d6o', '2023-11-17 17:00:08.000');
INSERT INTO "user_song_recommendations" ("id", "user_id", "song_id", "created_at") VALUES ('q7dyxe5fyhthuufggflkeatc45q3701z92cyr7713u6k360818', 'dze8m8msphmg7nh', 'loba7mmjlo79auc1z4trmt3wqqvt9n5sm2unjnoujth1bo7we3', '2023-11-17 17:00:08.000');
INSERT INTO "user_song_recommendations" ("id", "user_id", "song_id", "created_at") VALUES ('6td4ls6rg0v8wzlxjsi74hipu6agyjxwmkdu0fy6tgm5cwon9o', 'dze8m8msphmg7nh', 'lckdsiymbjq0ps9hhdivxmnzmoeqlyu4barvxew9zcmf7l0wkk', '2023-11-17 17:00:08.000');
INSERT INTO "user_song_recommendations" ("id", "user_id", "song_id", "created_at") VALUES ('zn97ymxfqfgme614vqq3d5canpvgod2ovy8e372hwt7dqb45fe', 'dze8m8msphmg7nh', 'hb42yfapepgaf3rixyns9kewd7gi1lmb573qiti7ge9hc928u0', '2023-11-17 17:00:08.000');
INSERT INTO "user_song_recommendations" ("id", "user_id", "song_id", "created_at") VALUES ('06sqepevb9f3w8c5xtebc290q460ls39bdizgemtxtgrchcpon', 'dze8m8msphmg7nh', '9x3e3xexl8l4dd5h1zzs5fdicear5xzpn7o7ambphslk29m7d7', '2023-11-17 17:00:08.000');
INSERT INTO "user_song_recommendations" ("id", "user_id", "song_id", "created_at") VALUES ('1oxvhvb0emjv16t6zh31fuclg8f1np6z4fis5djyl9ggxy83pa', 'dze8m8msphmg7nh', 'r6ok55kjqgbtsonljffqzoykiqvvz121qq3c61f7lrxvxhkhk6', '2023-11-17 17:00:08.000');
INSERT INTO "user_song_recommendations" ("id", "user_id", "song_id", "created_at") VALUES ('0ma5vpmtxuq7lflyl6f1d3npbebzr6wkj0ejewturshv5pxfjx', 'dze8m8msphmg7nh', 'y7x6e8gokj2n1otasf3cfzh4lexofk4gs04hbq1klz0qwexk7o', '2023-11-17 17:00:08.000');
INSERT INTO "user_song_recommendations" ("id", "user_id", "song_id", "created_at") VALUES ('2c0v5dc9w96j90sy1xdfval5sttxi4m1eiztdpw8lo45lh4wf1', '2wt2309ehptszic', 'ba7un8mmjufl4ufuezxoj0a0stenhowj6tav7b2payqg0utsnk', '2023-11-17 17:00:08.000');
INSERT INTO "user_song_recommendations" ("id", "user_id", "song_id", "created_at") VALUES ('h3rbtkc4ux38qi7gdb0chwpoosvfpxkwndc0fsmol0nniorjgg', '2wt2309ehptszic', 'uyihj817dblbqfvnz4a7lqsygweqpb2wqnw2tqjftmw6a8lxxr', '2023-11-17 17:00:08.000');
INSERT INTO "user_song_recommendations" ("id", "user_id", "song_id", "created_at") VALUES ('rj212hcajjz2ugtr3ouk61aybvozxotertjqn8442f63idum7l', '2wt2309ehptszic', 'fna3lw719ldu6118n6n71ekgp0c3pkri88tihkgf4avxwoxax0', '2023-11-17 17:00:08.000');
INSERT INTO "user_song_recommendations" ("id", "user_id", "song_id", "created_at") VALUES ('ms1qtgex8mo2ozw4d763gvhaoernrml5c0qj59l48wnsfk3l3b', '2wt2309ehptszic', 'uisb5sxywcx5pey3u2qum6wv6ytzwxmsq2rlc3irh31utc5tl7', '2023-11-17 17:00:08.000');
INSERT INTO "user_song_recommendations" ("id", "user_id", "song_id", "created_at") VALUES ('xdj2pcrxnvx060fr67hgv2agpgstbkzvs4jz2yc9z64yxu8a5k', '2wt2309ehptszic', 'r8mqfpgxcc0e4vqvdzqzbw6ic703mxi6528w9i69zohlpgdo9p', '2023-11-17 17:00:08.000');
INSERT INTO "user_song_recommendations" ("id", "user_id", "song_id", "created_at") VALUES ('cvealf6dcnh3swe2g6z0xv08r3yede0tje2wtprr2ka0rlwaum', '2wt2309ehptszic', 'zcy1dlyd4xh3tsuu2mqvskfdjuuhoji1eusque5ydpxidixegh', '2023-11-17 17:00:08.000');
INSERT INTO "user_song_recommendations" ("id", "user_id", "song_id", "created_at") VALUES ('lgvwn53lrb3pw9h1w2qu521a6zuxadkwbkdukfb9o1ic1aeyy1', '2wt2309ehptszic', '11edw8dcwst48wetouxuf0dw4nk9unrhzacl27zmqcgoebwm51', '2023-11-17 17:00:08.000');
INSERT INTO "user_song_recommendations" ("id", "user_id", "song_id", "created_at") VALUES ('s672x2edxr9cvl3qfs7gc8df7ptjw51md788n7ale3y9m2jbkv', '2wt2309ehptszic', '3lqtcn0qpow3od9pplsdidrka6a86gkwe0w7paw2vbx1w5elst', '2023-11-17 17:00:08.000');
INSERT INTO "user_song_recommendations" ("id", "user_id", "song_id", "created_at") VALUES ('5t26w9msebq96s29v0tcae6x62e1lw9q8iyh0l018vst0dvgjt', 'pxu54pmgawm34b5', '5g3gp1extti1qfmfrerwufaxcogz0mkjw79eqo6u5ohdgozlvz', '2023-11-17 17:00:08.000');
INSERT INTO "user_song_recommendations" ("id", "user_id", "song_id", "created_at") VALUES ('m3nelppe8vlzdubnk90des54jozyndkbgwhil9r5fj5n09ajg3', 'pxu54pmgawm34b5', 'hd5zx7ft1w58u2xxsejmakzefdqn300nxy99air2ez0egdfs2e', '2023-11-17 17:00:08.000');
INSERT INTO "user_song_recommendations" ("id", "user_id", "song_id", "created_at") VALUES ('07tsr4n717rqs40ed15rcnvt3luua8034tqb4pjcjnmhndxeam', 'pxu54pmgawm34b5', '8sy2bbnxeoyt53i1q1rl5l1vk7lyvn7tlittuqqbv2hs4zi76w', '2023-11-17 17:00:08.000');
INSERT INTO "user_song_recommendations" ("id", "user_id", "song_id", "created_at") VALUES ('50xs7da3twhygmo962ehfgyikkyz1178yf2au9rsq3lky319qb', 'pxu54pmgawm34b5', 'q6qwsmizragkm32sspl1lwfl3lhgl36ygo6it8ji026jh9bkoe', '2023-11-17 17:00:08.000');
INSERT INTO "user_song_recommendations" ("id", "user_id", "song_id", "created_at") VALUES ('5fyxpxy6bo9re1r6prir9czt5cpi6cgk67fhje2hifv0hr4m4u', 'pxu54pmgawm34b5', 'l4pekt5wyu93l7tt0susqro3vxs2y79xk9igj2f6izysxpa78o', '2023-11-17 17:00:08.000');
INSERT INTO "user_song_recommendations" ("id", "user_id", "song_id", "created_at") VALUES ('6d5xvv59xm10rugp939o3prb41pqt7uu1f1104t7g56eickww2', 'pxu54pmgawm34b5', 'lckdsiymbjq0ps9hhdivxmnzmoeqlyu4barvxew9zcmf7l0wkk', '2023-11-17 17:00:08.000');
INSERT INTO "user_song_recommendations" ("id", "user_id", "song_id", "created_at") VALUES ('toefi6k4erb1apngw341mnwseb5w99wakonf49bl35xidi2o8c', 'pxu54pmgawm34b5', 'nmsym524uk6k8xfqjcrghj3parg3sxclr21q2q120g55to3470', '2023-11-17 17:00:08.000');
INSERT INTO "user_song_recommendations" ("id", "user_id", "song_id", "created_at") VALUES ('5jeridzri4l82zbg41spc8ggrs9w2dzt2z3nig1ipw6iaojq20', 'pxu54pmgawm34b5', 'rd67zn7a67z9j9vuumvvwfvl0r2ofinl11we24rgj8bif5e2pi', '2023-11-17 17:00:08.000');
INSERT INTO "user_song_recommendations" ("id", "user_id", "song_id", "created_at") VALUES ('0e46hv0n6fv69lrexq9ekb7ahg28bujroav8hfkbhykyjapvry', 'nz4nme54t9n8mts', 's9sy2hc01yz2rxjxatar1mwe4ydlvf4uuat2ynbv154l856p98', '2023-11-17 17:00:08.000');
INSERT INTO "user_song_recommendations" ("id", "user_id", "song_id", "created_at") VALUES ('9tvrt23nof1h5760dgryh46widlvtkzmdeu88aljwavkircico', 'nz4nme54t9n8mts', 'gop7rb8rmd8ldi8z0og3r4le4e7nyecqd5lpsnra8nty0tv6h2', '2023-11-17 17:00:08.000');
INSERT INTO "user_song_recommendations" ("id", "user_id", "song_id", "created_at") VALUES ('quuwck5bezun3lifz1jj16zrfunabuh0ili07lf4isz1ge6oec', 'nz4nme54t9n8mts', '9c3ltoxh2ma19x0w18rmgfsk6p4ufdzxkfosqiycj40opb1ycj', '2023-11-17 17:00:08.000');
INSERT INTO "user_song_recommendations" ("id", "user_id", "song_id", "created_at") VALUES ('pz7oh1aovw6a3729dmwmoy7qpgaszzn9oq95loxctfcxc7lwi9', 'nz4nme54t9n8mts', 'n41u81698x22iowemyxcqqkkbw89cgkbznn7w1hzzx6shtzggf', '2023-11-17 17:00:08.000');
INSERT INTO "user_song_recommendations" ("id", "user_id", "song_id", "created_at") VALUES ('omzwzp0d1bq0falbm59s2y5c94otfe0t3x8qt459jr8pmi6wgv', 'nz4nme54t9n8mts', 'vbqe9nz17t8voc16a65d68tb8rucst0taqi9qw9x0hs30bnkup', '2023-11-17 17:00:08.000');
INSERT INTO "user_song_recommendations" ("id", "user_id", "song_id", "created_at") VALUES ('11icpg2vvgh9wtnqeu5oqlb838csgeysgb9z84mtjiaopzt6fh', 'nz4nme54t9n8mts', '7dm7fbteg47izoqce5p8u1nf4n0gjjwhqiau9ma0i3yck4b2h8', '2023-11-17 17:00:08.000');
INSERT INTO "user_song_recommendations" ("id", "user_id", "song_id", "created_at") VALUES ('jhl8bfqshkoan1dmherc5f57kf9xasi409lqaifh4ck3gu4k45', 'nz4nme54t9n8mts', 'kpo5br8yogzk91u8sizt3vjbsstb4nvep37qg9oc86n81pm144', '2023-11-17 17:00:08.000');
INSERT INTO "user_song_recommendations" ("id", "user_id", "song_id", "created_at") VALUES ('99mft5229pjzuovzzuuv291zk5rjscrf3ki15jjx9xewmpwoxl', 'nz4nme54t9n8mts', 'br0v9393zvkt1axlcd2zmpk4k4h1laao5gx2nmgfqdsphiv579', '2023-11-17 17:00:08.000');
INSERT INTO "user_song_recommendations" ("id", "user_id", "song_id", "created_at") VALUES ('oiz2vwswkj65j1untza5v3d4ybdj9ig76daogxjwey54ey8wt3', 'czeh5bn7jkh7am1', 'fmnox1jpax98jy3aoc5j5jzgcz413v7xl9unwv6xnvinnw3bkj', '2023-11-17 17:00:08.000');
INSERT INTO "user_song_recommendations" ("id", "user_id", "song_id", "created_at") VALUES ('azeeslqm1w9lx712slu8ydjpeab41a2tt54qczxxh2tn72rj1h', 'czeh5bn7jkh7am1', '8166k9lwf2kotvkmwde943ea05urfcbdrk5gizdy1usug5k54w', '2023-11-17 17:00:08.000');
INSERT INTO "user_song_recommendations" ("id", "user_id", "song_id", "created_at") VALUES ('s7xy9tipdmunieb3f31n9vf9w9nbnt4z7y84rda8wbq0evnszn', 'czeh5bn7jkh7am1', '1zub63knm505b4fi9lb5ytclz2yfyfyb3c38zmpxf3ifyz32gl', '2023-11-17 17:00:08.000');
INSERT INTO "user_song_recommendations" ("id", "user_id", "song_id", "created_at") VALUES ('ih1562caei50dr9p2gkonhcmq3vy16cymwk94bznzeko0u8qmu', 'czeh5bn7jkh7am1', 'gfz23jqpmrjv3jgd8ycuu8qt2p0xcy183j95b8uz1w4vwpq8mh', '2023-11-17 17:00:08.000');
INSERT INTO "user_song_recommendations" ("id", "user_id", "song_id", "created_at") VALUES ('r3c8y6rp6bf5rmzffatzgphsbw4c42jqkzh7hg9wv7y2zyh8c4', 'czeh5bn7jkh7am1', 'mkuag4s7kb9ivuyvkbq6pb8dkyylzk34cfg14kucqu75cksslu', '2023-11-17 17:00:08.000');
INSERT INTO "user_song_recommendations" ("id", "user_id", "song_id", "created_at") VALUES ('q3qz12fhuroya2t3lql92zxf5kkzzqrvhv9x56qcnmbremggaz', 'czeh5bn7jkh7am1', 'wme9f0pr0zmmazw80xtcorudyxdfzqf5s0m3oyaxt2kkiq68m6', '2023-11-17 17:00:08.000');
INSERT INTO "user_song_recommendations" ("id", "user_id", "song_id", "created_at") VALUES ('l9yhyad41nedluxa6qz2hxpqcgv33fvuitidkqeku0lnjo3pbl', 'czeh5bn7jkh7am1', '24sfv5fhpj3tj0wrhutk14ywbtgwx55h9k918arqpzzwtnqgri', '2023-11-17 17:00:08.000');
INSERT INTO "user_song_recommendations" ("id", "user_id", "song_id", "created_at") VALUES ('de4e94w43r3k7nwtqflsowmuub4ye1uwgb2nfwb6sf8ecltuy6', 'czeh5bn7jkh7am1', '9tjcau5wceykb4yjlxdy2d5hwoqq3gc8lmwe5absjbvldsuqdb', '2023-11-17 17:00:08.000');
INSERT INTO "user_song_recommendations" ("id", "user_id", "song_id", "created_at") VALUES ('rg1y3yd46pjbuzmy7xlx5g22r7fy5egxnpsvoej0texk46wvj9', 'ehjowsa0xfnqkor', '4v3w51qve61ofote7qp8ocn48nzbcz5ha7lpouysx7uga20jw7', '2023-11-17 17:00:08.000');
INSERT INTO "user_song_recommendations" ("id", "user_id", "song_id", "created_at") VALUES ('da3ao4f0ufhum9olafb161lqiay8f97f65l6rl32flgp2bo4ru', 'ehjowsa0xfnqkor', 'jwu28lpdtcukl4a9gyjgogni8tqvdqtvpum7oh7qgfxzfgq4sv', '2023-11-17 17:00:08.000');
INSERT INTO "user_song_recommendations" ("id", "user_id", "song_id", "created_at") VALUES ('4mjb93bp45lw2vxc9rmli42s521ovkb2wm1ij2lpxsx1jwvq71', 'ehjowsa0xfnqkor', '9sopcb1prvzs0aa9pg4hblc6mhmpo4a5adtpi6lfm2vqaz8huv', '2023-11-17 17:00:08.000');
INSERT INTO "user_song_recommendations" ("id", "user_id", "song_id", "created_at") VALUES ('anvjk1gxk4vhb797tx9hkb7rv8edm7s06bkm0qysumzftj1wyr', 'ehjowsa0xfnqkor', '8nsl3c9oj35sbng7v13wh81tbkksyijxjfxd3islny4vu7188h', '2023-11-17 17:00:08.000');
INSERT INTO "user_song_recommendations" ("id", "user_id", "song_id", "created_at") VALUES ('c1bbok4m4rpyqt6jda74j41gb2nmduaj4u8bijssxs3vn0otqe', 'ehjowsa0xfnqkor', 'a24hhhgkzwilpyhf1m0fz13ngtd9eyj3tspbgzvkj40918hjho', '2023-11-17 17:00:08.000');
INSERT INTO "user_song_recommendations" ("id", "user_id", "song_id", "created_at") VALUES ('9xo5rj6kr394hm4y747d1h5j6qvo58y53h190h1wcasdkx72m9', 'ehjowsa0xfnqkor', 'tdgafpvkzi5xf93ml9dgodmwneyogoj8n2j5xcdtpqwuatec1f', '2023-11-17 17:00:08.000');
INSERT INTO "user_song_recommendations" ("id", "user_id", "song_id", "created_at") VALUES ('a1p02hvui7tglq4kov9zloksw8a3wkyr39cp54apcc71jtz85u', 'ehjowsa0xfnqkor', 'ttoy51xzyjs7sddi08o7zcbs1dgihbgy00oa3c9sagdbcx51uy', '2023-11-17 17:00:08.000');
INSERT INTO "user_song_recommendations" ("id", "user_id", "song_id", "created_at") VALUES ('kt575ohmqzloibqsnvr17q74xpuj8ffslnt319mu9dfimu6m6i', 'ehjowsa0xfnqkor', 'ego7bdr651yjh8nwa764ifca1je1p4e1r9xlos10y05ljpznyy', '2023-11-17 17:00:08.000');
INSERT INTO "user_song_recommendations" ("id", "user_id", "song_id", "created_at") VALUES ('5gatza93aqky5tm7n809a3ob715gnov89jg77swg0dk23sx8fs', 'icqlt67n2fd7p34', 'x3muxgzuffoetnwvixdpbydnqri6mygs736wtb4v9fewierpf7', '2023-11-17 17:00:08.000');
INSERT INTO "user_song_recommendations" ("id", "user_id", "song_id", "created_at") VALUES ('kx4694vp1ix72lwrcvy52yctq8yq0xa60cmc22xdn2b5jp6uxu', 'icqlt67n2fd7p34', 'tiaq301c8ctje36xzp7no1fwi2q43y1c425fer4l1di8ahnhx1', '2023-11-17 17:00:08.000');
INSERT INTO "user_song_recommendations" ("id", "user_id", "song_id", "created_at") VALUES ('ri1cbh2qjx4uvnrla35aitjljqtf3ztskafu1qkqyxplhsrtzq', 'icqlt67n2fd7p34', '14c40t76ight70gt87mg7eyx6qn4137s9owfuknf06v134kz2a', '2023-11-17 17:00:08.000');
INSERT INTO "user_song_recommendations" ("id", "user_id", "song_id", "created_at") VALUES ('9wz9vnqbdofcie6owd03wzefsntnpi624a0p7vxw3c1380ym6m', 'icqlt67n2fd7p34', 'r2l8unvvwp9dmafha643b3ti95dxp6czif1stgiu0jov96v5nd', '2023-11-17 17:00:08.000');
INSERT INTO "user_song_recommendations" ("id", "user_id", "song_id", "created_at") VALUES ('v8mqmrxpgcfd54aqj184tcgpejsmstgs3ry5pkhheqyf51645j', 'icqlt67n2fd7p34', '64fuawrkdm2lmx632c9q3z1o6y41zgiil128sln6r7getfg36e', '2023-11-17 17:00:08.000');
INSERT INTO "user_song_recommendations" ("id", "user_id", "song_id", "created_at") VALUES ('dppifrghb5p1xa59mdmgtmgqv6imvyg13evex45vmf3hlzf80y', 'icqlt67n2fd7p34', '32nl86jqftw9vu2fz0e1mqw50378yfstpdb4hdsw1f4e8wquz0', '2023-11-17 17:00:08.000');
INSERT INTO "user_song_recommendations" ("id", "user_id", "song_id", "created_at") VALUES ('5j6b2mro5fm8wfy88tfbxj4qeydotfgenjqdgejq3gdbnsk4vb', 'icqlt67n2fd7p34', 'l2afkm21hufds9luujclk4lq92my6pqeyee8htyhfdz1wl7a5v', '2023-11-17 17:00:08.000');
INSERT INTO "user_song_recommendations" ("id", "user_id", "song_id", "created_at") VALUES ('yzrdlgwn8myv4z30z9ih44aginyybo6lpe758xrrhyibr5wvg4', 'icqlt67n2fd7p34', '0p5jhy9ii2uboc44o6t5o5axxlhtmbaj616d9uj6m90bmqxxy5', '2023-11-17 17:00:08.000');
